hostname,name,type,seq number,remark,action,src_service_obj,src_service_obj_grp,protocol,src_host,src_network_obj,src_network_obj_grp,src_network,dest_host,dest_network_obj,dest_network_obj_grp,dest_network,dest_port,dest_port_obj_grp,dest_port_range,logging_level,logging_interval,status
uk-sc1-fw01-sec,group-vrf_access_in,extended,1,,permit,,,ip,,,,any4,,,,any4,,,,informational,300,active
uk-sc1-fw01-sec,group-vrf_access_in,extended,2,BCP Rule - Do Not Remove, CHG0138043,,,,,,,,,,,,,,,,,,
uk-sc1-fw01-sec,internal-vrf_access_in,extended,1,CHG0115229,,,,,,,,,,,,,,,,,,
uk-sc1-fw01-sec,internal-vrf_access_in,extended,2,,deny,,,ip,,,Corp-WiFi-Subnets,,,,,any,,,,informational,300,active
uk-sc1-fw01-sec,internal-vrf_access_in,extended,3,CHG0034224, CHG0139968,,,,,,,,,,,,,,,,,,
uk-sc1-fw01-sec,internal-vrf_access_in,extended,4,CHG0142875,,,,,,,,,,,,,,,,,,
uk-sc1-fw01-sec,internal-vrf_access_in,extended,5,,permit,,,tcp,,,aws_prd_central_product,,,svc-int-lb-mars-backofficeadmin.sc1,,,https,,,,,active
uk-sc1-fw01-sec,internal-vrf_access_in,extended,6,CHG0141674,,,,,,,,,,,,,,,,,,
uk-sc1-fw01-sec,internal-vrf_access_in,extended,7,,permit,,,tcp,,,aws-trading-prod-vpc,,,trading-db.prod.williamhill.plc,,,1523,,,informational,300,active
uk-sc1-fw01-sec,internal-vrf_access_in,extended,8,See Mike Dawson,,,,,,,,,,,,,,,,,,
uk-sc1-fw01-sec,internal-vrf_access_in,extended,9,,permit,,MS_filesharing_ports,,,,DM_INLINE_NETWORK_433,,,SC1WNPRNAP002,,,,,,informational,300,active
uk-sc1-fw01-sec,internal-vrf_access_in,extended,10,,permit,,,ip,,scc-nessus,,,,,,any4,,,,informational,300,active
uk-sc1-fw01-sec,internal-vrf_access_in,extended,11,CHG0137525,,,,,,,,,,,,,,,,,,
uk-sc1-fw01-sec,internal-vrf_access_in,extended,12,CHG0138490,,,,,,,,,,,,,,,,,,
uk-sc1-fw01-sec,internal-vrf_access_in,extended,13,,permit,,,ip,,,DM_INLINE_NETWORK_417,,,sc1wnprnap013,,,,,,informational,300,inactive
uk-sc1-fw01-sec,internal-vrf_access_in,extended,14,CHG0140054,,,,,,,,,,,,,,,,,,
uk-sc1-fw01-sec,internal-vrf_access_in,extended,15,,permit,,,tcp,,Business_Objects_ETL_Server,,,,dfwsftp.cadency.trintech.com,,,ssh,,,informational,300,active
uk-sc1-fw01-sec,internal-vrf_access_in,extended,16,new group for access to whdppresent01,,,,,,,,,,,,,,,,,,
uk-sc1-fw01-sec,internal-vrf_access_in,extended,17,CHG0139243, CHG0140490,,,,,,,,,,,,,,,,,,
uk-sc1-fw01-sec,internal-vrf_access_in,extended,18,,permit,,,tcp,,,accurate_project_aftp_access,,,sc1wnprnap81,,,,DM_INLINE_TCP_128,,informational,300,active
uk-sc1-fw01-sec,internal-vrf_access_in,extended,19,CHG0139243,,,,,,,,,,,,,,,,,,
uk-sc1-fw01-sec,internal-vrf_access_in,extended,20,,permit,,,tcp,,,accurate_project_aftp_access,,,sc1wnprnap81,,,ssh,,,informational,300,active
uk-sc1-fw01-sec,internal-vrf_access_in,extended,21,,permit,,,tcp,,dreamfactory-uno-api,,,,whdppresent01,,,23000,,,informational,300,active
uk-sc1-fw01-sec,internal-vrf_access_in,extended,22,CHG0139462,,,,,,,,,,,,,,,,,,
uk-sc1-fw01-sec,internal-vrf_access_in,extended,23,,permit,,,tcp,,10.119.77.0s24,,,,whdpops01,,,22000,,,informational,300,active
uk-sc1-fw01-sec,internal-vrf_access_in,extended,24,CHG0138952,,,,,,,,,,,,,,,,,,
uk-sc1-fw01-sec,internal-vrf_access_in,extended,25,,permit,,DM_INLINE_SERVICE_42,,,brsapprcmg002,,,,,DM_INLINE_NETWORK_245,,,,,informational,300,active
uk-sc1-fw01-sec,internal-vrf_access_in,extended,26,CHG0137525,,,,,,,,,,,,,,,,,,
uk-sc1-fw01-sec,internal-vrf_access_in,extended,27,,permit,,,tcp,,dreamfactory-uno-api,,,,whdpservices,,,1433,,,informational,300,active
uk-sc1-fw01-sec,internal-vrf_access_in,extended,28,CHG0137868,,,,,,,,,,,,,,,,,,
uk-sc1-fw01-sec,internal-vrf_access_in,extended,29,,permit,,,tcp,,,SCC_Bomgar_Jumphosts,,,,uipath_robot,,3389,,,informational,300,active
uk-sc1-fw01-sec,internal-vrf_access_in,extended,30,,permit,,,tcp,,,grp-uno-whdppresent01-access,,,whdppresent01,,,23000,,,informational,300,active
uk-sc1-fw01-sec,internal-vrf_access_in,extended,31,,permit,,,tcp,,,grp-uno-dpe-access,,,,DPE-Monitoring,,,DPE-mon-tcp-srv,,informational,300,active
uk-sc1-fw01-sec,internal-vrf_access_in,extended,32,CHG0135493,,,,,,,,,,,,,,,,,,
uk-sc1-fw01-sec,internal-vrf_access_in,extended,33,Group acces to uno cubes,,,,,,,,,,,,,,,,,,
uk-sc1-fw01-sec,internal-vrf_access_in,extended,34,,permit,,,tcp,,,grp-uno-cube-access,,,int-lb-ssas-tab.sc1.prod.williamhill.plc,,,2383,,,informational,300,active
uk-sc1-fw01-sec,internal-vrf_access_in,extended,35,CHG0128743,CHG0129320,,,,,,,,,,,,,,,,,,
uk-sc1-fw01-sec,internal-vrf_access_in,extended,36,,permit,,,tcp,,,grp-uno-sandbox-access,,,svr-uno-sandbox,,,1433,,,informational,300,active
uk-sc1-fw01-sec,internal-vrf_access_in,extended,37,,permit,,DM_INLINE_SERVICE_39,,,brsapprcmg002,,,,sc1wnpreap008,,,,,,,,active
uk-sc1-fw01-sec,internal-vrf_access_in,extended,38,CHG0091814,,,,,,,,,,,,,,,,,,
uk-sc1-fw01-sec,internal-vrf_access_in,extended,39,CHG0134283,,,,,,,,,,,,,,,,,,
uk-sc1-fw01-sec,internal-vrf_access_in,extended,40,,permit,,,tcp,,,DM_INLINE_NETWORK_27,,,scc-cfweb-tig,,,www,,,,,active
uk-sc1-fw01-sec,internal-vrf_access_in,extended,41,CHG0135182, CHG0135202, CHG0135230, CHG0135340, CHG0137508,,,,,,,,,,,,,,,,,,
uk-sc1-fw01-sec,internal-vrf_access_in,extended,42,,permit,,,tcp,,,DM_INLINE_NETWORK_171,,,scc-cfweb-tig,,,,DM_INLINE_TCP_14,,informational,300,active
uk-sc1-fw01-sec,internal-vrf_access_in,extended,43,CHG0135133,,,,,,,,,,,,,,,,,,
uk-sc1-fw01-sec,internal-vrf_access_in,extended,44,,permit,,,tcp,,,DM_INLINE_NETWORK_170,,,scc-cfweb-tig,,,www,,,informational,300,active
uk-sc1-fw01-sec,internal-vrf_access_in,extended,45,CHG0059232,,,,,,,,,,,,,,,,,,
uk-sc1-fw01-sec,internal-vrf_access_in,extended,46,,permit,,,tcp,,,,any4,,sep.williamhill.plc.uk,,,8014,,,,,active
uk-sc1-fw01-sec,internal-vrf_access_in,extended,47,CHG0082282, CHG0082282, CHG0110460,,,,,,,,,,,,,,,,,,
uk-sc1-fw01-sec,internal-vrf_access_in,extended,48,,permit,,,tcp,,,STJ-Trading-Dev,,,,DM_INLINE_NETWORK_237,,3389,,,informational,300,active
uk-sc1-fw01-sec,internal-vrf_access_in,extended,49,CHG0117314, PCI Q4 2018,PCI-Q2-2019,,,,,,,,,,,,,,,,,,
uk-sc1-fw01-sec,internal-vrf_access_in,extended,50,,permit,,,tcp,,,stj-albion-dev,,,grouplan.prod.williamhill.plc,,,,DM_INLINE_TCP_321,,,,inactive
uk-sc1-fw01-sec,internal-vrf_access_in,extended,51,BCP Rule - Do Not Remove,,,,,,,,,,,,,,,,,,
uk-sc1-fw01-sec,internal-vrf_access_in,extended,52,,permit,,,tcp,,wakefield-bcp-site,,,,grouplan.prod.williamhill.plc,,,,DM_INLINE_TCP_157,,,,active
uk-sc1-fw01-sec,internal-vrf_access_in,extended,53,CHG0097645, Q2-2017, PCI-Q4-2017, PCI Q4 2018,PCI-Q2-2019,,,,,,,,,,,,,,,,,,
uk-sc1-fw01-sec,internal-vrf_access_in,extended,54,,permit,,,tcp,,ext-pres-trading-feeds,,,,sc1wnpreap001,,,8080,,,notifications,300,active
uk-sc1-fw01-sec,internal-vrf_access_in,extended,55,CHG0097668,CHG0101735, CHG0102403, CHG0103017, CHG0103279,,,,,,,,,,,,,,,,,,,
uk-sc1-fw01-sec,internal-vrf_access_in,extended,56,CHG0103255, CHG0103186, CHG0105469,CHG0105464, CHG0112768,,,,,,,,,,,,,,,,,,,
uk-sc1-fw01-sec,internal-vrf_access_in,extended,57,CHG0112845, CHG0115434, CHG0116429, CHG0128248,,,,,,,,,,,,,,,,,,
uk-sc1-fw01-sec,internal-vrf_access_in,extended,58,,permit,,,tcp,,,DM_INLINE_NETWORK_304,,,sc1wnpreap001,,,www,,,informational,300,active
uk-sc1-fw01-sec,internal-vrf_access_in,extended,59,PCI Q4 2018,PCI-Q2-2019,,,,,,,,,,,,,,,,,,
uk-sc1-fw01-sec,internal-vrf_access_in,extended,60,,permit,,,tcp,,BFA-Businessanalysis-Users,,,10.120.74.31,,,,https,,,,,inactive
uk-sc1-fw01-sec,internal-vrf_access_in,extended,61,CHG0091814,,,,,,,,,,,,,,,,,,
uk-sc1-fw01-sec,internal-vrf_access_in,extended,62,,permit,,grp-svc-vtm,,,,grp-brocade-svc-control,,,,grp-scc-int-lb-n-stingray,,,,,informational,300,active
uk-sc1-fw01-sec,internal-vrf_access_in,extended,63,CHG0091814,,,,,,,,,,,,,,,,,,
uk-sc1-fw01-sec,internal-vrf_access_in,extended,64,,permit,,grp-svc-vtm-admin,,,,grp-brocade-vtm-admin,,,,grp-scc-int-lb-n-stingray,,,,,informational,300,active
uk-sc1-fw01-sec,internal-vrf_access_in,extended,65,CHG0094405, Q2-2017, PCI-Q4-2017, PCI Q4 2018,PCI-Q2-2019,,,,,,,,,,,,,,,,,,
uk-sc1-fw01-sec,internal-vrf_access_in,extended,66,,permit,,,tcp,,brs-wendy,,,,,grp-scc-int-lb-n-stingray,,9090,,,informational,300,active
uk-sc1-fw01-sec,internal-vrf_access_in,extended,67,CHG0118303, PCI Q4 2018,PCI-Q2-2019,,,,,,,,,,,,,,,,,,
uk-sc1-fw01-sec,internal-vrf_access_in,extended,68,,permit,,,tcp,,,DM_INLINE_NETWORK_322,,,,grp-scc-int-lb-n-stingray,,,TCP-9090,,informational,300,inactive
uk-sc1-fw01-sec,internal-vrf_access_in,extended,69,CHG0097069 CHG0097072, Q2-2017, PCI-Q4-2017.PCI Q4 2018,PCI-Q2-2019,,,,,,,,,,,,,,,,,,
uk-sc1-fw01-sec,internal-vrf_access_in,extended,70,,permit,,,ip,,,grp-gib-int-lb-n-stingray,,,,grp-scc-ncde-int-lb-dest-nets,,,,,informational,300,active
uk-sc1-fw01-sec,internal-vrf_access_in,extended,71,CHG0115537,,,,,,,,,,,,,,,,,,
uk-sc1-fw01-sec,internal-vrf_access_in,extended,72,,permit,,DM_INLINE_SERVICE_32,,,BFA-Vegas_Users,,,,int-lb-ssas-tab.sc1.prod.williamhill.plc,,,,,,,,active
uk-sc1-fw01-sec,internal-vrf_access_in,extended,73,CHG0065642, CHG0069955, CHG0077636 , CHG81839,  CHG0082041, CHG0082042, CHG0116858,TASK0204207,,,,,,,,,,,,,,,,,,
uk-sc1-fw01-sec,internal-vrf_access_in,extended,74,,permit,,,tcp,,,DM_INLINE_NETWORK_315,,,whdpops01,,,22000,,,informational,300,active
uk-sc1-fw01-sec,internal-vrf_access_in,extended,75,CHG0065642, CHG0021577,CHG0022166, CHG0024441, CHG0032328, CHG0033499,CHG0036181,,,,,,,,,,,,,,,,,,,
uk-sc1-fw01-sec,internal-vrf_access_in,extended,76,CHG0036389,CHG0039572, CHG0040689,CHG0040080,CHG0041272, CHG0041700,CHG0042227,,,,,,,,,,,,,,,,,,,
uk-sc1-fw01-sec,internal-vrf_access_in,extended,77,CHG0043041, CHG0050816, CHG0051701,CHG0051909,CHG0050376,CHG0053671,CHG0054132,,,,,,,,,,,,,,,,,,,
uk-sc1-fw01-sec,internal-vrf_access_in,extended,78,CHG0059198, CHG0070827,CHG0069595,CHG0071164, CHG0073291,CHG0072861,CHG0076787,,,,,,,,,,,,,,,,,,,
uk-sc1-fw01-sec,internal-vrf_access_in,extended,79,CHG0076548, CHG0076892, CHG0077307, CHG0077328, CHG0079445, CHG0080142,CHG0082555,,,,,,,,,,,,,,,,,,,
uk-sc1-fw01-sec,internal-vrf_access_in,extended,80,CHG83346, CHG0085050, CHG0069955, CHG0077636, CHG81839,  CHG0082041,,,,,,,,,,,,,,,,,,,
uk-sc1-fw01-sec,internal-vrf_access_in,extended,81,CHG0082042, CHG0111280, CHG0116858,TASK0210511,,,,,,,,,,,,,,,,,,
uk-sc1-fw01-sec,internal-vrf_access_in,extended,82,,permit,,,tcp,,,DM_INLINE_NETWORK_238,,,whdppresent01,,,23000,,,informational,300,active
uk-sc1-fw01-sec,internal-vrf_access_in,extended,83,CHG0065642, CHG0069955, CHG0077636, CHG81839,  CHG0082041, CHG0082042,,,,,,,,,,,,,,,,,,
uk-sc1-fw01-sec,internal-vrf_access_in,extended,84,,permit,,,tcp,,,Data-Mgt-DBA-Test-Dev-Arch,,,whdpservices01,,,29000,,,,,active
uk-sc1-fw01-sec,internal-vrf_access_in,extended,85,CHG0123364,,,,,,,,,,,,,,,,,,
uk-sc1-fw01-sec,internal-vrf_access_in,extended,86,,permit,,,tcp,,who-FernandoLago,,,,whdpservices01,,,29000,,,,,active
uk-sc1-fw01-sec,internal-vrf_access_in,extended,87,CHG0065642, CHG0077636, CHG81839, CHG0082041, CHG0111280, CHG0082042,,,,,,,,,,,,,,,,,,,
uk-sc1-fw01-sec,internal-vrf_access_in,extended,88,,permit,,,tcp,,,DM_INLINE_NETWORK_249,,,whdpservices,,,1433,,,,,active
uk-sc1-fw01-sec,internal-vrf_access_in,extended,89,CHG0065642, PCI-Q4-2017, PCI Q4 2018,PCI-Q2-2019,,,,,,,,,,,,,,,,,,
uk-sc1-fw01-sec,internal-vrf_access_in,extended,90,,permit,,,tcp,,,all-data-mgt-users,,,sc1uxprndb81-B,,,,DM_INLINE_TCP_115,,,,active
uk-sc1-fw01-sec,internal-vrf_access_in,extended,91,CHG0065642, PCI-Q4-2017, PCI Q4 2018,PCI-Q2-2019,,,,,,,,,,,,,,,,,,
uk-sc1-fw01-sec,internal-vrf_access_in,extended,92,,permit,,,tcp,,,all-data-mgt-users,,,sc1uxprndb81-A,,,6543,,,,,inactive
uk-sc1-fw01-sec,internal-vrf_access_in,extended,93,CHG0019115, CHG0024220, CHG0039830,CHG0040363, CHG0040666,PCI-Q2-2019, CHG0134721,,,,,,,,,,,,,,,,,,
uk-sc1-fw01-sec,internal-vrf_access_in,extended,94,,permit,,,tcp,,,DM_INLINE_NETWORK_10,,,,DM_INLINE_NETWORK_166,,,svn,,notifications,300,active
uk-sc1-fw01-sec,internal-vrf_access_in,extended,95,CHG0091922, CHG0092029, Q2-2017, PCI-Q4-2017,PCI Q4 2018,PCI-Q2-2019,,,,,,,,,,,,,,,,,,
uk-sc1-fw01-sec,internal-vrf_access_in,extended,96,,permit,,,tcp,,10.1.78.139,,,,ODS-Clone-Server,,,1433,,,informational,300,inactive
uk-sc1-fw01-sec,internal-vrf_access_in,extended,97,CHG0021438,CHG0025888,,,,,,,,,,,,,,,,,,
uk-sc1-fw01-sec,internal-vrf_access_in,extended,98,,permit,,,tcp,,,DM_INLINE_NETWORK_33,,,,DM_INLINE_NETWORK_4,,ssh,,,informational,300,active
uk-sc1-fw01-sec,internal-vrf_access_in,extended,99,CHG0026112, CHG0071526, RITM0093321, RITM0093284, RITM0098239, RITM0098588,TASK0187868, CHG0134721,,,,,,,,,,,,,,,,,,
uk-sc1-fw01-sec,internal-vrf_access_in,extended,100,,permit,,,tcp,,,DM_INLINE_NETWORK_332,,,,DM_INLINE_NETWORK_164,,https,,,informational,300,active
uk-sc1-fw01-sec,internal-vrf_access_in,extended,101,CHG0026060, PCI-Q4-2017, PCI Q4 2018,PCI-Q2-2019,,,,,,,,,,,,,,,,,,
uk-sc1-fw01-sec,internal-vrf_access_in,extended,102,,permit,,,tcp,,,DM_INLINE_NETWORK_38,,,sc1wnprgap03,,,ssh,,,informational,300,active
uk-sc1-fw01-sec,internal-vrf_access_in,extended,103,CHG0019665 *** Locked on BRS CP ***, CHG0027122,,,,,,,,,,,,,,,,,,
uk-sc1-fw01-sec,internal-vrf_access_in,extended,104,CHG0029596,,,,,,,,,,,,,,,,,,
uk-sc1-fw01-sec,internal-vrf_access_in,extended,105,,permit,,,ip,,BRS-VPN-Pool,,,,,,any4,,,,informational,300,active
uk-sc1-fw01-sec,internal-vrf_access_in,extended,106,CHG0019665 *** Locked on GIB SSLVPN ***,PCI-Q2-2019,,,,,,,,,,,,,,,,,,
uk-sc1-fw01-sec,internal-vrf_access_in,extended,107,,permit,,,ip,,,DM_INLINE_NETWORK_43,,,,,any4,,,,notifications,300,active
uk-sc1-fw01-sec,internal-vrf_access_in,extended,108,CHG0025302, CHG0026049, CHG0027415, CHG0032726, CHG0041864, CHG0081233,PCI-Q2-2019,,,,,,,,,,,,,,,,,,
uk-sc1-fw01-sec,internal-vrf_access_in,extended,109,,permit,,DM_INLINE_SERVICE_4,,,,stj-sc1wnprgap03-users,,,sc1wnprgap03,,,,,,informational,300,active
uk-sc1-fw01-sec,internal-vrf_access_in,extended,110,CHG0026112, CHG0107877,,,,,,,,,,,,,,,,,,
uk-sc1-fw01-sec,internal-vrf_access_in,extended,111,,permit,,,tcp,,,Finance-Users,,,sc1wncpgap12,,,,DM_INLINE_TCP_7,,informational,300,active
uk-sc1-fw01-sec,internal-vrf_access_in,extended,112,CHG0034890,,,,,,,,,,,,,,,,,,
uk-sc1-fw01-sec,internal-vrf_access_in,extended,113,,permit,,,tcp,,,DM_INLINE_NETWORK_20,,,,DM_INLINE_NETWORK_42,,3389,,,informational,300,active
uk-sc1-fw01-sec,internal-vrf_access_in,extended,114,BCP Rule - CHG0087516, PCI Q2 2016, Q2-2017, PCI-Q4-2017,PCI Q4 2018,PCI-Q2-2019,,,,,,,,,,,,,,,,,,
uk-sc1-fw01-sec,internal-vrf_access_in,extended,115,,permit,,,tcp,,BCP-Wapping,,,,,DM_INLINE_NETWORK_275,,3389,,,informational,300,active
uk-sc1-fw01-sec,internal-vrf_access_in,extended,116,CHG0030302,,,,,,,,,,,,,,,,,,
uk-sc1-fw01-sec,internal-vrf_access_in,extended,117,,permit,,,tcp,,,DM_INLINE_NETWORK_48,,,,DM_INLINE_NETWORK_49,,ssh,,,informational,300,active
uk-sc1-fw01-sec,internal-vrf_access_in,extended,118,CHG0090536, CHG0114082, CHG0030418,CHG0034121,,,,,,,,,,,,,,,,,,,
uk-sc1-fw01-sec,internal-vrf_access_in,extended,119,CHG0041231, CHG0041426, CHG0042175, CHG0063165,,,,,,,,,,,,,,,,,,,
uk-sc1-fw01-sec,internal-vrf_access_in,extended,120,CHG0066380, CHG0108846, CHG0124102, CHG0124147,,,,,,,,,,,,,,,,,,,
uk-sc1-fw01-sec,internal-vrf_access_in,extended,121,CHG0125731, CHG0139968,,,,,,,,,,,,,,,,,,
uk-sc1-fw01-sec,internal-vrf_access_in,extended,122,,permit,,,tcp,,,DM_INLINE_NETWORK_354,,,oxi-application-servers-vip,,,10301,,,informational,300,active
uk-sc1-fw01-sec,internal-vrf_access_in,extended,123,CHG0034121, CHG0041434,,,,,,,,,,,,,,,,,,,
uk-sc1-fw01-sec,internal-vrf_access_in,extended,124,,permit,,,tcp,,,DM_INLINE_NETWORK_96,,,,DM_INLINE_NETWORK_97,,10302,,,informational,300,active
uk-sc1-fw01-sec,internal-vrf_access_in,extended,125,CHG0029533,CHG0042175, CHG0134721,,,,,,,,,,,,,,,,,,
uk-sc1-fw01-sec,internal-vrf_access_in,extended,126,,permit,,,tcp,,,DM_INLINE_NETWORK_204,,,,DM_INLINE_NETWORK_132,,,DM_INLINE_TCP_18,,informational,300,active
uk-sc1-fw01-sec,internal-vrf_access_in,extended,127,CHG0028458, CHG0035077, PCI-Q4-2017, PCI Q4 2018,PCI-Q2-2019,,,,,,,,,,,,,,,,,,
uk-sc1-fw01-sec,internal-vrf_access_in,extended,128,,permit,,,tcp,,,DM_INLINE_NETWORK_55,,,sc1wnprgap03,,,,DM_INLINE_TCP_19,,informational,300,active
uk-sc1-fw01-sec,internal-vrf_access_in,extended,129,CHG0031357, CHG0112217, CHG0112476,,,,,,,,,,,,,,,,,,
uk-sc1-fw01-sec,internal-vrf_access_in,extended,130,,permit,,,tcp,,,DM_INLINE_NETWORK_70,,,,DM_INLINE_NETWORK_60,,,DM_INLINE_TCP_24,,informational,300,active
uk-sc1-fw01-sec,internal-vrf_access_in,extended,131,BCP Rule - CHG0087516, PCI,,,,,,,,,,,,,,,,,,
uk-sc1-fw01-sec,internal-vrf_access_in,extended,132,,permit,,,tcp,,BCP-Wapping,,,,,DM_INLINE_NETWORK_276,,,DM_INLINE_TCP_138,,informational,300,active
uk-sc1-fw01-sec,internal-vrf_access_in,extended,133,CHG0122749, CHG0133118,CHG0114382, CHG0118223,,,,,,,,,,,,,,,,,,
uk-sc1-fw01-sec,internal-vrf_access_in,extended,134,,permit,,DM_INLINE_SERVICE_35,,,dev-ics-agent,,,,DEVJDE,,,,,,informational,300,active
uk-sc1-fw01-sec,internal-vrf_access_in,extended,135,CHG0031547,,,,,,,,,,,,,,,,,,
uk-sc1-fw01-sec,internal-vrf_access_in,extended,136,,permit,,,tcp,,ServerOperations,,,,,DM_INLINE_NETWORK_68,,3389,,,informational,300,active
uk-sc1-fw01-sec,internal-vrf_access_in,extended,137,CHG0031681, CHG0031885, CHG0032163, CHG0052038,PCI Q4 2018,PCI-Q2-2019,,,,,,,,,,,,,,,,,,
uk-sc1-fw01-sec,internal-vrf_access_in,extended,138,,permit,,,tcp,,,DM_INLINE_NETWORK_221,,,sc1-qlikview-vip,,,,DM_INLINE_TCP_31,,informational,300,active
uk-sc1-fw01-sec,internal-vrf_access_in,extended,139,CHG0032040, PCI-Q4-2017, PCI Q4 2018,PCI-Q2-2019,,,,,,,,,,,,,,,,,,
uk-sc1-fw01-sec,internal-vrf_access_in,extended,140,,permit,,,tcp,,,DM_INLINE_NETWORK_62,,,,DM_INLINE_NETWORK_63,,ssh,,,,,active
uk-sc1-fw01-sec,internal-vrf_access_in,extended,141,CHG0069003,TASK0238011,,,,,,,,,,,,,,,,,,
uk-sc1-fw01-sec,internal-vrf_access_in,extended,142,,permit,,DM_INLINE_SERVICE_22,,,,DM_INLINE_NETWORK_239,,,,DM_INLINE_NETWORK_30,,,,,,,active
uk-sc1-fw01-sec,internal-vrf_access_in,extended,143,CHG0032230, PCI-Q4-2017, PCI Q4 2018,PCI-Q2-2019,,,,,,,,,,,,,,,,,,
uk-sc1-fw01-sec,internal-vrf_access_in,extended,144,,permit,,,tcp,,sc1uxprnwb51,,,,sc1wnprecp01,,,ssh,,,informational,300,active
uk-sc1-fw01-sec,internal-vrf_access_in,extended,145,CHG0055861, CHG0056706 ,CHG0059761, CHG0112268, CHG0112277,,,,,,,,,,,,,,,,,,
uk-sc1-fw01-sec,internal-vrf_access_in,extended,146,CHG0113350, CHG0113584, PCI-Q4-2017,,,,,,,,,,,,,,,,,,
uk-sc1-fw01-sec,internal-vrf_access_in,extended,147,,permit,,,tcp,,,TRS-Users,,,,TRS-Servers,,3306,,,informational,300,active
uk-sc1-fw01-sec,internal-vrf_access_in,extended,148,CHG0104755, PCI-Q4-2017, PCI Q4 2018,PCI-Q2-2019,,,,,,,,,,,,,,,,,,
uk-sc1-fw01-sec,internal-vrf_access_in,extended,149,,permit,,,tcp,,brsus232,,,,,DM_INLINE_NETWORK_136,,,DM_INLINE_TCP_47,,informational,300,active
uk-sc1-fw01-sec,internal-vrf_access_in,extended,150,CHG0105186, PCI-Q4-2017, CHG0126845,,,,,,,,,,,,,,,,,,
uk-sc1-fw01-sec,internal-vrf_access_in,extended,151,,permit,,,tcp,,,DM_INLINE_NETWORK_363,,,sc1uxprrdb04,,,3306,,,informational,300,active
uk-sc1-fw01-sec,internal-vrf_access_in,extended,152,CHG0123342, CHG0124645,PCI-Q2-2019,,,,,,,,,,,,,,,,,,
uk-sc1-fw01-sec,internal-vrf_access_in,extended,153,,permit,,report-ports,,,,grp-nevada-fileservers,,,sc1wnprecp01,,,,,,informational,300,active
uk-sc1-fw01-sec,internal-vrf_access_in,extended,154,CHG0034654, CHG0038666, CHG0105843, RITM0102946,,,,,,,,,,,,,,,,,,
uk-sc1-fw01-sec,internal-vrf_access_in,extended,155,,permit,,,tcp,,,DM_INLINE_NETWORK_101,,,,DM_INLINE_NETWORK_233,,,DM_INLINE_TCP_45,,notifications,300,active
uk-sc1-fw01-sec,internal-vrf_access_in,extended,156,CHG0032787,CHG0032889, CHG0052911,,,,,,,,,,,,,,,,,,
uk-sc1-fw01-sec,internal-vrf_access_in,extended,157,,permit,,,tcp,,,DM_INLINE_NETWORK_83,,,,DM_INLINE_NETWORK_84,,3389,,,informational,300,active
uk-sc1-fw01-sec,internal-vrf_access_in,extended,158,CHG0032787,CHG0032889, Q2-2017, PCI-Q4-2017,PCI Q4 2018,PCI-Q2-2019,,,,,,,,,,,,,,,,,,
uk-sc1-fw01-sec,internal-vrf_access_in,extended,159,,permit,,,tcp,,,DM_INLINE_NETWORK_85,,,,DM_INLINE_NETWORK_86,,3389,,,informational,300,active
uk-sc1-fw01-sec,internal-vrf_access_in,extended,160,CHG0032787,,,,,,,,,,,,,,,,,,
uk-sc1-fw01-sec,internal-vrf_access_in,extended,161,,permit,,,tcp,,,DM_INLINE_NETWORK_89,,,,DM_INLINE_NETWORK_90,,,DM_INLINE_TCP_41,,informational,300,active
uk-sc1-fw01-sec,internal-vrf_access_in,extended,162,CHG0034856,,,,,,,,,,,,,,,,,,
uk-sc1-fw01-sec,internal-vrf_access_in,extended,163,,permit,,,tcp,,,jde-web-users,,,DEVJDE,,,,,9401 9405,informational,300,active
uk-sc1-fw01-sec,internal-vrf_access_in,extended,164,CHG0032794, CHG0059213, PCI-Q4-2017, CHG0134721,,,,,,,,,,,,,,,,,,
uk-sc1-fw01-sec,internal-vrf_access_in,extended,165,,permit,,,tcp,,,DM_INLINE_NETWORK_93,,,,DM_INLINE_NETWORK_127,,www,,,informational,300,active
uk-sc1-fw01-sec,internal-vrf_access_in,extended,166,CHG0033008, CHG0033694,CHG0033758,CHG0035348, CHG0041657, CHG0051374, CHG0056272, CHG0068950,,,,,,,,,,,,,,,,,,,
uk-sc1-fw01-sec,internal-vrf_access_in,extended,167,CHG0085513, CHG0090099, CHG0092323, CHG0092657, CHG0093341, CHG0096615, CHG0100037, CHG0102403,,,,,,,,,,,,,,,,,,,
uk-sc1-fw01-sec,internal-vrf_access_in,extended,168,CHG0111485, CHG0111851, CHG0115126,CHG0111371, CHG0134721,RITM0121772,,,,,,,,,,,,,,,,,,
uk-sc1-fw01-sec,internal-vrf_access_in,extended,169,,permit,,,tcp,,,DM_INLINE_NETWORK_94,,,,DM_INLINE_NETWORK_123,,,DM_INLINE_TCP_42,,informational,300,active
uk-sc1-fw01-sec,internal-vrf_access_in,extended,170,BCP Rule - CHG0087516, PCI,CHG0134721,,,,,,,,,,,,,,,,,,
uk-sc1-fw01-sec,internal-vrf_access_in,extended,171,,permit,,,tcp,,BCP-Wapping,,,,,DM_INLINE_NETWORK_87,,,DM_INLINE_TCP_137,,informational,300,active
uk-sc1-fw01-sec,internal-vrf_access_in,extended,172,CHG0035514, CHG0038007, CHG0040107,CHG0042180,CHG0042730, CHG0077211, CHG0092029,,,,,,,,,,,,,,,,,,,
uk-sc1-fw01-sec,internal-vrf_access_in,extended,173,PCI Q4 2018,PCI-Q2-2019,,,,,,,,,,,,,,,,,,
uk-sc1-fw01-sec,internal-vrf_access_in,extended,174,,permit,,,tcp,,,DM_INLINE_NETWORK_107,,,,Talend_ODS,,,Talend_ODS_ports2,,informational,300,active
uk-sc1-fw01-sec,internal-vrf_access_in,extended,175,CHG0075108 CHG0075369, CHG0077339,PCI-Q2-2019,,,,,,,,,,,,,,,,,,
uk-sc1-fw01-sec,internal-vrf_access_in,extended,176,,permit,,DM_INLINE_SERVICE_23,,,,grp-scc-ta-citrix,,,,grp-pr-scc-ta-db,,,,,informational,300,active
uk-sc1-fw01-sec,internal-vrf_access_in,extended,177,CHG0033901, PCI-Q4-2017, PCI Q4 2018,,,,,,,,,,,,,,,,,,
uk-sc1-fw01-sec,internal-vrf_access_in,extended,178,,permit,,,tcp,,,openbet-app-servers,,,authpro.williamhill.local,,,2021,,,informational,300,active
uk-sc1-fw01-sec,internal-vrf_access_in,extended,179,CHG0092030,CHG0034292,CHG0087437, PCI-Q4-2017,PCI Q4 2018,PCI-Q2-2019,,,,,,,,,,,,,,,,,,
uk-sc1-fw01-sec,internal-vrf_access_in,extended,180,,permit,,,tcp,,,gib-layer7-gw,,,,pds-catalogue_mgmt-vip,,8181,,,informational,300,active
uk-sc1-fw01-sec,internal-vrf_access_in,extended,181,CHG0034291, Q2-2017, PCI-Q4-2017,PCI Q4 2018,PCI-Q2-2019,,,,,,,,,,,,,,,,,,
uk-sc1-fw01-sec,internal-vrf_access_in,extended,182,,permit,,,tcp,,,scc-layer7-gw,,,,pds-catalogue_mgmt-vip,,8181,,,informational,300,active
uk-sc1-fw01-sec,internal-vrf_access_in,extended,183,CHG0042070, Q2-2017, PCI-Q4-2017,PCI Q4 2018,PCI-Q2-2019,,,,,,,,,,,,,,,,,,
uk-sc1-fw01-sec,internal-vrf_access_in,extended,184,,permit,,,tcp,,WHO-Platform-Integration,,,,,pds-catalogue_mgmt-vip,,8181,,,informational,300,active
uk-sc1-fw01-sec,internal-vrf_access_in,extended,185,CHG0035366,,,,,,,,,,,,,,,,,,
uk-sc1-fw01-sec,internal-vrf_access_in,extended,186,,permit,,,tcp,,Net_10.120.39.0m24,,,,DEVJDE,,,,,9401 9405,informational,300,active
uk-sc1-fw01-sec,internal-vrf_access_in,extended,187,CHG0054043,CHG0035253, CHG0037184,,,,,,,,,,,,,,,,,,
uk-sc1-fw01-sec,internal-vrf_access_in,extended,188,,permit,,,tcp,,Citrix-JDE-Session-Servers,,,,DEVJDE,,,,DM_INLINE_TCP_103,,informational,300,active
uk-sc1-fw01-sec,internal-vrf_access_in,extended,189,CHG0109687, PCI-Q4-2017, PCI Q4 2018,PCI-Q2-2019,,,,,,,,,,,,,,,,,,
uk-sc1-fw01-sec,internal-vrf_access_in,extended,190,,permit,,,tcp,,brswndredb003,,,,DEVJDE,,,,DM_INLINE_TCP_85,,informational,300,active
uk-sc1-fw01-sec,internal-vrf_access_in,extended,191,BCP Rule - CHG0087516,,,,,,,,,,,,,,,,,,
uk-sc1-fw01-sec,internal-vrf_access_in,extended,192,,permit,,,tcp,,BCP-Wapping,,,,,JDE-WebDev-Clients,,https,,,,,active
uk-sc1-fw01-sec,internal-vrf_access_in,extended,193,BCP Rule - CHG0087516,,,,,,,,,,,,,,,,,,
uk-sc1-fw01-sec,internal-vrf_access_in,extended,194,,permit,,,tcp,,BCP-Wapping,,,,SC1WNPRNMG01,,,https,,,,,active
uk-sc1-fw01-sec,internal-vrf_access_in,extended,195,CHG0035869, Q2-2017,PCI Q2 2018,PCI Q4 2018,PCI-Q2-2019,CHG0134721,,,,,,,,,,,,,,,,,,
uk-sc1-fw01-sec,internal-vrf_access_in,extended,196,,permit,,,tcp,,,SCC-Citrix-Farm,,,,DM_INLINE_NETWORK_88,,,DM_INLINE_TCP_51,,informational,300,active
uk-sc1-fw01-sec,internal-vrf_access_in,extended,197,CHG0100433, CHG0134222, CHG0139968,,,,,,,,,,,,,,,,,,
uk-sc1-fw01-sec,internal-vrf_access_in,extended,198,,permit,,cobain-client,,,,DM_INLINE_NETWORK_434,,,,cobain-local-media-servers,,,,,informational,300,active
uk-sc1-fw01-sec,internal-vrf_access_in,extended,199,CHG0035253, Q2-2017, PCI-Q4-2017,,,,,,,,,,,,,,,,,,
uk-sc1-fw01-sec,internal-vrf_access_in,extended,200,,permit,,,tcp,,,cobain-distribution-servers,,,,cobain-local-media-servers,,5118,,,,,active
uk-sc1-fw01-sec,internal-vrf_access_in,extended,201,CHG0122265, PCI Q4 2018,PCI-Q2-2019,,,,,,,,,,,,,,,,,,
uk-sc1-fw01-sec,internal-vrf_access_in,extended,202,,permit,,cobain-distribution,,,,cobain-net,,,,cobain-local-media-servers,,,,,informational,300,active
uk-sc1-fw01-sec,internal-vrf_access_in,extended,203,CHG0035900, Q2-2017, PCI Q4 2018,PCI-Q2-2019,,,,,,,,,,,,,,,,,,
uk-sc1-fw01-sec,internal-vrf_access_in,extended,204,,permit,,,tcp,,,mia_puesta_db_access,,,sc1uxprndb10,,,5432,,,informational,300,active
uk-sc1-fw01-sec,internal-vrf_access_in,extended,205,CHG0036265,,,,,,,,,,,,,,,,,,
uk-sc1-fw01-sec,internal-vrf_access_in,extended,206,,permit,,,tcp,,,DM_INLINE_NETWORK_118,,,,DM_INLINE_NETWORK_119,,,DM_INLINE_TCP_55,,informational,300,active
uk-sc1-fw01-sec,internal-vrf_access_in,extended,207,CHG0035608, CHG0041496, CHG0041613, CHG0042024, CHG0042246, CHG0051175,,,,,,,,,,,,,,,,,,
uk-sc1-fw01-sec,internal-vrf_access_in,extended,208,CHG0051188, CHG0066504, CHG0077069, CHG0082778,CHG0134721,,,,,,,,,,,,,,,,,,
uk-sc1-fw01-sec,internal-vrf_access_in,extended,209,,permit,,,tcp,,,OpenBet-BackOffice-Users,,,,DM_INLINE_NETWORK_168,,,web-ports,,informational,300,active
uk-sc1-fw01-sec,internal-vrf_access_in,extended,210,CHG0036924, CHG0093190, CHG0111454,,,,,,,,,,,,,,,,,,
uk-sc1-fw01-sec,internal-vrf_access_in,extended,211,,permit,,,tcp,,,DM_INLINE_NETWORK_128,,,,DM_INLINE_NETWORK_129,,,DM_INLINE_TCP_59,,informational,300,active
uk-sc1-fw01-sec,internal-vrf_access_in,extended,212,CHG0052038,,,,,,,,,,,,,,,,,,
uk-sc1-fw01-sec,internal-vrf_access_in,extended,213,,permit,,BIS-DEVJDE,,,,BIS-Team-Greenside,,,DEVJDE,,,,,,informational,300,active
uk-sc1-fw01-sec,internal-vrf_access_in,extended,214,CHG0052038,,,,,,,,,,,,,,,,,,
uk-sc1-fw01-sec,internal-vrf_access_in,extended,215,,permit,,BIS-PRODJDE,,,,BIS-Team-Greenside,,,PRODJDE-VIP,,,,,,informational,300,active
uk-sc1-fw01-sec,internal-vrf_access_in,extended,216,CHG0052038, PCI-Q4-2017,,,,,,,,,,,,,,,,,,
uk-sc1-fw01-sec,internal-vrf_access_in,extended,217,,permit,,,tcp,,,BIS-Team-Greenside,,,DEV2,,,,DM_INLINE_TCP_98,,informational,300,active
uk-sc1-fw01-sec,internal-vrf_access_in,extended,218,CHG0052038,,,,,,,,,,,,,,,,,,
uk-sc1-fw01-sec,internal-vrf_access_in,extended,219,,permit,,,tcp,,,BIS-Team-Greenside,,,WAS1,,,,DM_INLINE_TCP_100,,informational,300,active
uk-sc1-fw01-sec,internal-vrf_access_in,extended,220,CHG0052038, CHG0112217,,,,,,,,,,,,,,,,,,
uk-sc1-fw01-sec,internal-vrf_access_in,extended,221,,permit,,,tcp,,,DM_INLINE_NETWORK_289,,,PROD1,,,,DM_INLINE_TCP_99,,informational,300,active
uk-sc1-fw01-sec,internal-vrf_access_in,extended,222,CHG0052038,,,,,,,,,,,,,,,,,,
uk-sc1-fw01-sec,internal-vrf_access_in,extended,223,,permit,,,tcp,,,BIS-Team-Greenside,,10.120.64.171,,,,,DM_INLINE_TCP_101,,informational,300,active
uk-sc1-fw01-sec,internal-vrf_access_in,extended,224,CHG0052038, PCI Q4 2018,,,,,,,,,,,,,,,,,,
uk-sc1-fw01-sec,internal-vrf_access_in,extended,225,,permit,,,tcp,,,BIS-Team-Greenside,,10.120.66.112,,,,,DM_INLINE_TCP_102,,informational,300,active
uk-sc1-fw01-sec,internal-vrf_access_in,extended,226,CHG0037110, CHG0037649, CHG0037659,,,,,,,,,,,,,,,,,,
uk-sc1-fw01-sec,internal-vrf_access_in,extended,227,CHG0037511, CHG0038870,,,,,,,,,,,,,,,,,,
uk-sc1-fw01-sec,internal-vrf_access_in,extended,228,,permit,,,tcp,,,DM_INLINE_NETWORK_159,,,WAS1,,,9645,,,informational,300,active
uk-sc1-fw01-sec,internal-vrf_access_in,extended,229,CHG0037513,,,,,,,,,,,,,,,,,,
uk-sc1-fw01-sec,internal-vrf_access_in,extended,230,,permit,,,tcp,,,JDE-User-Access,,,DEVJDE,,,9404,,,informational,300,active
uk-sc1-fw01-sec,internal-vrf_access_in,extended,231,CHG0053156,,,,,,,,,,,,,,,,,,
uk-sc1-fw01-sec,internal-vrf_access_in,extended,232,,permit,,DM_INLINE_SERVICE_17,,,,DM_INLINE_NETWORK_222,,,SC1WNPRNMG01,,,,,,informational,300,active
uk-sc1-fw01-sec,internal-vrf_access_in,extended,233,CHG0038387,,,,,,,,,,,,,,,,,,
uk-sc1-fw01-sec,internal-vrf_access_in,extended,234,,permit,,,tcp,,,iSeries-Users,,,,DM_INLINE_NETWORK_14,,,DM_INLINE_TCP_60,,informational,300,active
uk-sc1-fw01-sec,internal-vrf_access_in,extended,235,CHG0038268, CHG0038546,,,,,,,,,,,,,,,,,,
uk-sc1-fw01-sec,internal-vrf_access_in,extended,236,,permit,,DM_INLINE_SERVICE_16,,,,DM_INLINE_NETWORK_133,,,,DM_INLINE_NETWORK_135,,,,,informational,300,active
uk-sc1-fw01-sec,internal-vrf_access_in,extended,237,CHG0037577,,,,,,,,,,,,,,,,,,
uk-sc1-fw01-sec,internal-vrf_access_in,extended,238,,permit,,,tcp,,Net_10.120.39.0m24,,,,WAS1,,,9645,,,informational,300,active
uk-sc1-fw01-sec,internal-vrf_access_in,extended,239,CHG0038411, PCI Q4 2018,PCI-Q2-2019,,,,,,,,,,,,,,,,,,
uk-sc1-fw01-sec,internal-vrf_access_in,extended,240,,permit,,,tcp,,,DM_INLINE_NETWORK_139,,,,MIMIX,,,DM_INLINE_TCP_64,,informational,300,active
uk-sc1-fw01-sec,internal-vrf_access_in,extended,241,CHG0038841,,,,,,,,,,,,,,,,,,
uk-sc1-fw01-sec,internal-vrf_access_in,extended,242,,permit,,,tcp,,,DM_INLINE_NETWORK_146,,,,DM_INLINE_NETWORK_147,,,DM_INLINE_TCP_67,,informational,300,active
uk-sc1-fw01-sec,internal-vrf_access_in,extended,243,CHG0038841,,,,,,,,,,,,,,,,,,
uk-sc1-fw01-sec,internal-vrf_access_in,extended,244,CHG0139263,,,,,,,,,,,,,,,,,,
uk-sc1-fw01-sec,internal-vrf_access_in,extended,245,,permit,,,tcp,,,DM_INLINE_NETWORK_428,,,sc1wnpredp1,,,9000,,,informational,300,active
uk-sc1-fw01-sec,internal-vrf_access_in,extended,246,,permit,,,tcp,,,DM_INLINE_NETWORK_148,,,,DM_INLINE_NETWORK_149,,,DM_INLINE_TCP_68,,informational,300,active
uk-sc1-fw01-sec,internal-vrf_access_in,extended,247,CHG0038841,,,,,,,,,,,,,,,,,,
uk-sc1-fw01-sec,internal-vrf_access_in,extended,248,,permit,,,tcp,,,DM_INLINE_NETWORK_150,,,,DM_INLINE_NETWORK_151,,,DM_INLINE_TCP_69,,informational,300,active
uk-sc1-fw01-sec,internal-vrf_access_in,extended,249,PCI Q4 2018,PCI-Q2-2019,,,,,,,,,,,,,,,,,,
uk-sc1-fw01-sec,internal-vrf_access_in,extended,250,,permit,,,tcp,,il-analytics-srv,,,10.120.100.53,,,,50312,,,informational,300,active
uk-sc1-fw01-sec,internal-vrf_access_in,extended,251,CHG0035767, PCI-Q4-2017, PCI Q4 2018,PCI-Q2-2019,,,,,,,,,,,,,,,,,,
uk-sc1-fw01-sec,internal-vrf_access_in,extended,252,,permit,,,tcp,,Prod_epos_Bai,,,,,DM_INLINE_NETWORK_157,,ftp,,,informational,300,active
uk-sc1-fw01-sec,internal-vrf_access_in,extended,253,CHG0038870, CHG0042810, CHG0057939,,,,,,,,,,,,,,,,,,
uk-sc1-fw01-sec,internal-vrf_access_in,extended,254,CHG0038577, DR, Q2-2017,PCI Q2 2018,PCI Q2 2018,,,,,,,,,,,,,,,,,,
uk-sc1-fw01-sec,internal-vrf_access_in,extended,255,PCI Q4 2018,,,,,,,,,,,,,,,,,,
uk-sc1-fw01-sec,internal-vrf_access_in,extended,256,,permit,,,tcp,,,DM_INLINE_NETWORK_158,,,WAS1,,,9645,,,informational,300,active
uk-sc1-fw01-sec,internal-vrf_access_in,extended,257,CHG0098805,,,,,,,,,,,,,,,,,,
uk-sc1-fw01-sec,internal-vrf_access_in,extended,258,,permit,,DM_INLINE_SERVICE_18,,10.120.163.73,,,,,svr-omt-db.prod,,,,,,informational,300,active
uk-sc1-fw01-sec,internal-vrf_access_in,extended,259,,permit,,,icmp,,,,any4,,,,any4,,,,notifications,300,active
uk-sc1-fw01-sec,internal-vrf_access_in,extended,260,CHG0054543,CHG0057897,,,,,,,,,,,,,,,,,,
uk-sc1-fw01-sec,internal-vrf_access_in,extended,261,,permit,,,tcp,,,DM_INLINE_NETWORK_228,,,PROD1,,,,DM_INLINE_TCP_104,,informational,300,active
uk-sc1-fw01-sec,internal-vrf_access_in,extended,262,CHG0040300,,,,,,,,,,,,,,,,,,
uk-sc1-fw01-sec,internal-vrf_access_in,extended,263,,permit,,,tcp,,,openbet-app-servers,,,,oxi_application_servers,,10300,,,informational,300,active
uk-sc1-fw01-sec,internal-vrf_access_in,extended,264,CHG0038926,CHG0050840, PCI Q4 2018,PCI-Q2-2019,,,,,,,,,,,,,,,,,,
uk-sc1-fw01-sec,internal-vrf_access_in,extended,265,,permit,,,tcp,,sc1wnprein03,,,,,DM_INLINE_NETWORK_215,,5555,,,informational,300,active
uk-sc1-fw01-sec,internal-vrf_access_in,extended,266,CHG0040362, Q2-2017,PCI Q2 2018,PCI-Q2-2019,,,,,,,,,,,,,,,,,,
uk-sc1-fw01-sec,internal-vrf_access_in,extended,267,,permit,,,tcp,,10.210.64.152-154,,,,10.120.64.152-154,,,3777,,,informational,300,active
uk-sc1-fw01-sec,internal-vrf_access_in,extended,268,CHG0040362,,,,,,,,,,,,,,,,,,
uk-sc1-fw01-sec,internal-vrf_access_in,extended,269,,permit,,,tcp,,dr-prodjde-range,,,,pr-prodjde-range,,,3777,,,informational,300,active
uk-sc1-fw01-sec,internal-vrf_access_in,extended,270,CHG0040696 CHG0117314,,,,,,,,,,,,,,,,,,
uk-sc1-fw01-sec,internal-vrf_access_in,extended,271,,permit,,,tcp,,,DM_INLINE_NETWORK_167,,,PROD1,,,,DM_INLINE_TCP_88,,informational,300,active
uk-sc1-fw01-sec,internal-vrf_access_in,extended,272,CHG0039172,,,,,,,,,,,,,,,,,,
uk-sc1-fw01-sec,internal-vrf_access_in,extended,273,,permit,,,tcp,10.100.50.5,,,,,,DM_INLINE_NETWORK_177,,ssh,,,informational,300,active
uk-sc1-fw01-sec,internal-vrf_access_in,extended,274,CHG0040796,,,,,,,,,,,,,,,,,,
uk-sc1-fw01-sec,internal-vrf_access_in,extended,275,,permit,,,tcp,,gibux100,,,,PROD1,,,,DM_INLINE_TCP_79,,informational,300,active
uk-sc1-fw01-sec,internal-vrf_access_in,extended,276,CHG0040764, CHG0060871, CHG0062147,CHG0086001,PCI-Q2-2019,,,,,,,,,,,,,,,,,,
uk-sc1-fw01-sec,internal-vrf_access_in,extended,277,,permit,,,tcp,,Net_10.1.22.0m24,,,,,iSeries-Partitions,,,DM_INLINE_TCP_80,,informational,300,active
uk-sc1-fw01-sec,internal-vrf_access_in,extended,278,Finance BFA LVL3,PCI-Q2-2019,,,,,,,,,,,,,,,,,,
uk-sc1-fw01-sec,internal-vrf_access_in,extended,279,,permit,,,tcp,,BFA-Finance,,,,PROD1,,,,DM_INLINE_TCP_143,,,,active
uk-sc1-fw01-sec,internal-vrf_access_in,extended,280,CHG0040840,,,,,,,,,,,,,,,,,,
uk-sc1-fw01-sec,internal-vrf_access_in,extended,281,,permit,,,tcp,,,DM_INLINE_NETWORK_181,,,,DM_INLINE_NETWORK_182,,ftp,,,informational,300,active
uk-sc1-fw01-sec,internal-vrf_access_in,extended,282,CHG0040849, CHG0040823, CHG0041370,,,,,,,,,,,,,,,,,,
uk-sc1-fw01-sec,internal-vrf_access_in,extended,283,,permit,,,tcp,,,DM_INLINE_NETWORK_185,,,PROD1,,,ftp,,,informational,300,active
uk-sc1-fw01-sec,internal-vrf_access_in,extended,284,CHG0038891,,,,,,,,,,,,,,,,,,
uk-sc1-fw01-sec,internal-vrf_access_in,extended,285,CHG0041231,,,,,,,,,,,,,,,,,,
uk-sc1-fw01-sec,internal-vrf_access_in,extended,286,,permit,,,tcp,,10.210.64.140-145,,,,10.120.64.140-145,,,,DM_INLINE_TCP_84,,informational,300,active
uk-sc1-fw01-sec,internal-vrf_access_in,extended,287,CHG0041231,CHG0041426, CHG0042175 , CHG0063165, CHG0066380, CHG0038891,,,,,,,,,,,,,,,,,,,
uk-sc1-fw01-sec,internal-vrf_access_in,extended,288,CHG0041434, Q2-2017, PCI-Q4-2017,PCI Q2 2018,PCI-Q2-2019,,,,,,,,,,,,,,,,,,
uk-sc1-fw01-sec,internal-vrf_access_in,extended,289,,permit,,,tcp,,10.210.64.152-154,,,,10.120.64.152-154,,,,DM_INLINE_TCP_86,,informational,300,active
uk-sc1-fw01-sec,internal-vrf_access_in,extended,290,CHG0041231, CHG0041434, CHG0042175,,,,,,,,,,,,,,,,,,,
uk-sc1-fw01-sec,internal-vrf_access_in,extended,291,,permit,,,tcp,,,DM_INLINE_NETWORK_201,,,,DM_INLINE_NETWORK_202,,10302,,,informational,300,active
uk-sc1-fw01-sec,internal-vrf_access_in,extended,292,CHG0041184,,,,,,,,,,,,,,,,,,
uk-sc1-fw01-sec,internal-vrf_access_in,extended,293,,permit,,,tcp,,10.120.39.40-50,,,,PRODJDE-VIP,,,,DM_INLINE_TCP_91,,informational,300,active
uk-sc1-fw01-sec,internal-vrf_access_in,extended,294,CHG0041876, PCI-Q4-2017, PCI Q4 2018,PCI-Q2-2019,,,,,,,,,,,,,,,,,,
uk-sc1-fw01-sec,internal-vrf_access_in,extended,295,,permit,,,tcp,,,tlv-mysql-dr-users,,,,tlv-mysql-dr,,ssh,,,informational,300,active
uk-sc1-fw01-sec,internal-vrf_access_in,extended,296,CHG0041878, CHG0059314, CHG0059315, CHG0059316, CHG0065517, CHG0071924, CHG0077413,,,,,,,,,,,,,,,,,,,
uk-sc1-fw01-sec,internal-vrf_access_in,extended,297,CHG0077628, CHG0085397, CHG0085748, CHG0100004, CHG0100404, CHG0104355, PCI-Q4-2017,,,,,,,,,,,,,,,,,,
uk-sc1-fw01-sec,internal-vrf_access_in,extended,298,PCI Q4 2018,PCI-Q2-2019,,,,,,,,,,,,,,,,,,
uk-sc1-fw01-sec,internal-vrf_access_in,extended,299,,permit,,,tcp,,,CRM-Calendar-VIP-users,,,crmcalendar.prod.williamhill.plc,,,,DM_INLINE_TCP_93,,informational,300,active
uk-sc1-fw01-sec,internal-vrf_access_in,extended,300,CHG0107152, CHG0111863, CHG0112943, CHG0116953,PCI-Q2-2019,,,,,,,,,,,,,,,,,,
uk-sc1-fw01-sec,internal-vrf_access_in,extended,301,,permit,,,tcp,,,CRM-Calendar-VIP-users,,,int-lb-crm-cal.sc1.prod.williamhill.plc,,,,DM_INLINE_TCP_58,,informational,300,active
uk-sc1-fw01-sec,internal-vrf_access_in,extended,302,CHG0084596, Q2-2017, PCI-Q4-2017,PCI Q2 2018,PCI Q4 2018,PCI-Q2-2019,,,,,,,,,,,,,,,,,,
uk-sc1-fw01-sec,internal-vrf_access_in,extended,303,,permit,,,tcp,,BIN_USER_LAN,,,,,DM_INLINE_NETWORK_269,,ssh,,,informational,300,active
uk-sc1-fw01-sec,internal-vrf_access_in,extended,304,BCP Rule - CHG0087516, PCI Q2 2016, Q2-2017, PCI-Q4-2017,PCI Q4 2018, TASK0225810,,,,,,,,,,,,,,,,,,
uk-sc1-fw01-sec,internal-vrf_access_in,extended,305,,permit,,,tcp,,,DM_INLINE_NETWORK_188,,,backoffice.williamhill.remote,,,,DM_INLINE_TCP_189,,informational,300,active
uk-sc1-fw01-sec,internal-vrf_access_in,extended,306,CHG0043051, PCI Q4 2018,PCI-Q2-2019,,,,,,,,,,,,,,,,,,
uk-sc1-fw01-sec,internal-vrf_access_in,extended,307,,permit,,,tcp,,,JDE-Fat-Clients,,,PRODJDE-VIP,,,,DM_INLINE_TCP_96,,informational,300,active
uk-sc1-fw01-sec,internal-vrf_access_in,extended,308,CHG0042965, PCI Q4 2018,PCI-Q2-2019,,,,,,,,,,,,,,,,,,
uk-sc1-fw01-sec,internal-vrf_access_in,extended,309,,permit,,,tcp,,brsux547,,,,vip-10.120.99.91,,,3306,,,informational,300,active
uk-sc1-fw01-sec,internal-vrf_access_in,extended,310,CHG0052066,,,,,,,,,,,,,,,,,,
uk-sc1-fw01-sec,internal-vrf_access_in,extended,311,,permit,,,tcp,,,IANA-PrivateNets,,,sc1wnprnwb86,,,,DM_INLINE_TCP_110,,informational,300,active
uk-sc1-fw01-sec,internal-vrf_access_in,extended,312,CHG0053015, PCI-Q4-2017, PCI Q4 2018,PCI-Q2-2019,,,,,,,,,,,,,,,,,,
uk-sc1-fw01-sec,internal-vrf_access_in,extended,313,,permit,,,tcp,,,CMS_WEB_BACKEND,,,Internalproxy-mar.back.prod.williamhill.plc,,,,web-ports,,informational,300,active
uk-sc1-fw01-sec,internal-vrf_access_in,extended,314,CHG0116321, RITM0098185, TASK0225143,,,,,,,,,,,,,,,,,,
uk-sc1-fw01-sec,internal-vrf_access_in,extended,315,,permit,,,tcp,,,DM_INLINE_NETWORK_312,,,svc-int-lb-mars-backofficeadmin.sc1,,,https,,,informational,300,active
uk-sc1-fw01-sec,internal-vrf_access_in,extended,316,CHG0053023, PCI-Q4-2017, PCI Q4 2018,PCI-Q2-2019,,,,,,,,,,,,,,,,,,
uk-sc1-fw01-sec,internal-vrf_access_in,extended,317,,permit,,,tcp,,,php-webservers,,,Internalproxy-mar.back.prod.williamhill.plc,,,,web-ports,,informational,300,active
uk-sc1-fw01-sec,internal-vrf_access_in,extended,318,CHG0067372,CHG0054282, PCI-Q4-2017,PCI Q2 2018,PCI Q4 2018,PCI-Q2-2019,,,,,,,,,,,,,,,,,,
uk-sc1-fw01-sec,internal-vrf_access_in,extended,319,,permit,,,tcp,,,php-int-webservers,,,Internalproxy-mar.back.prod.williamhill.plc,,,,web-ports,,informational,300,active
uk-sc1-fw01-sec,internal-vrf_access_in,extended,320,CHG0134721,,,,,,,,,,,,,,,,,,
uk-sc1-fw01-sec,internal-vrf_access_in,extended,321,,permit,,,tcp,,,DM_INLINE_NETWORK_10,,,,DM_INLINE_NETWORK_105,,https,,,informational,300,active
uk-sc1-fw01-sec,internal-vrf_access_in,extended,322,CHG0080161, CHG0091125,,,,,,,,,,,,,,,,,,
uk-sc1-fw01-sec,internal-vrf_access_in,extended,323,,permit,,,tcp,,,DM_INLINE_NETWORK_250,,,PROD-MISVR1,,,www,,,informational,300,active
uk-sc1-fw01-sec,internal-vrf_access_in,extended,324,BCP Rule - Do Not Remove,,,,,,,,,,,,,,,,,,
uk-sc1-fw01-sec,internal-vrf_access_in,extended,325,,permit,,,tcp,,wakefield-bcp-site,,,,PROD-MISVR1,,,www,,,informational,300,active
uk-sc1-fw01-sec,internal-vrf_access_in,extended,326,CHG0054282, PCI-Q4-2017,PCI Q2 2018,PCI Q4 2018,PCI-Q2-2019,,,,,,,,,,,,,,,,,,
uk-sc1-fw01-sec,internal-vrf_access_in,extended,327,,permit,,,tcp,,,qlikview-users,,,sc1wnprndb01,,,3389,,,,,active
uk-sc1-fw01-sec,internal-vrf_access_in,extended,328,CHG0054062, PCI-Q4-2017, PCI Q4 2018,PCI-Q2-2019,,,,,,,,,,,,,,,,,,
uk-sc1-fw01-sec,internal-vrf_access_in,extended,329,,permit,,,tcp,,bg-sof-lan-users,,,,backofficeadmin-mar.prod.williamhill.plc,,,,web-ports,,informational,300,active
uk-sc1-fw01-sec,internal-vrf_access_in,extended,330,CHG0054675, CHG0066184, CHG0072526, CHG0090578, CHG0092251, CHG0108322, CHG0116953,,,,,,,,,,,,,,,,,,
uk-sc1-fw01-sec,internal-vrf_access_in,extended,331,,permit,,DM_INLINE_SERVICE_3,,,,DM_INLINE_NETWORK_223,,,,Central_Feeds_VIP,,,,,informational,300,active
uk-sc1-fw01-sec,internal-vrf_access_in,extended,332,CHG0080779, CHG0108322,PCI-Q2-2019,,,,,,,,,,,,,,,,,,
uk-sc1-fw01-sec,internal-vrf_access_in,extended,333,,permit,,,tcp,,,grp-fred-wh-traders,,,,Central_Feeds_VIP,,8084,,,informational,300,active
uk-sc1-fw01-sec,internal-vrf_access_in,extended,334,CHG0054675,,,,,,,,,,,,,,,,,,
uk-sc1-fw01-sec,internal-vrf_access_in,extended,335,,permit,,,tcp,,,GIB_OpenBet_Adaptors,,,,Rabbit_Message_Queue,,5672,,,,,active
uk-sc1-fw01-sec,internal-vrf_access_in,extended,336,CHG0067034, Q2-2017, PCI-Q4-2017,PCI Q2 2018,PCI Q4 2018,PCI-Q2-2019,,,,,,,,,,,,,,,,,,
uk-sc1-fw01-sec,internal-vrf_access_in,extended,337,,permit,,,tcp,,,grp-scc-steelapp-cluster,,,,grp-sbk-cms-cache,,www,,,informational,300,active
uk-sc1-fw01-sec,internal-vrf_access_in,extended,338,CHG0054784, CHG0054815, CHG0057329, Q2-2017, PCI-Q4-2017,PCI Q2 2018,PCI Q4 2018,PCI-Q2-2019,,,,,,,,,,,,,,,,,,
uk-sc1-fw01-sec,internal-vrf_access_in,extended,339,,permit,,,tcp,,,stingray-topend,,,,pds-cm_api-servers,,,pds-cm_api-ports,,informational,300,active
uk-sc1-fw01-sec,internal-vrf_access_in,extended,340,CHG0056387,,,,,,,,,,,,,,,,,,
uk-sc1-fw01-sec,internal-vrf_access_in,extended,341,,permit,,,tcp,,,stingray-topend,,,,grp-squid-srv-dst,,,Standard_ODS_Ports_2,,informational,300,active
uk-sc1-fw01-sec,internal-vrf_access_in,extended,342,CHG0054526, PCI-Q4-2017, PCI Q4 2018,PCI-Q2-2019,,,,,,,,,,,,,,,,,,
uk-sc1-fw01-sec,internal-vrf_access_in,extended,343,,permit,,,tcp,,TEL_LAN_NET,,,,backofficeadmin-mar.prod.williamhill.plc,,,,web-ports,,informational,300,active
uk-sc1-fw01-sec,internal-vrf_access_in,extended,344,CHG0062379, CHG0073944, CHG0081093, PCI-Q4-2017,PCI Q4 2018,PCI-Q2-2019,,,,,,,,,,,,,,,,,,
uk-sc1-fw01-sec,internal-vrf_access_in,extended,345,,permit,,,tcp,,,Gib_MARS-Admins,,,backofficeadmin-mar.prod.williamhill.plc,,,,web-ports,,informational,300,active
uk-sc1-fw01-sec,internal-vrf_access_in,extended,346,CHG0073944, PCI-Q4-2017, PCI Q4 2018,PCI-Q2-2019,,,,,,,,,,,,,,,,,,
uk-sc1-fw01-sec,internal-vrf_access_in,extended,347,,permit,,,tcp,,,who-mars-admins,,,backofficeadmin-mar.prod.williamhill.plc,,,,web-ports,,informational,300,active
uk-sc1-fw01-sec,internal-vrf_access_in,extended,348,CHG0055421, Q2-2017, PCI-Q4-2017, PCI Q4 2018,PCI-Q2-2019,,,,,,,,,,,,,,,,,,
uk-sc1-fw01-sec,internal-vrf_access_in,extended,349,,permit,,,tcp,,,DM_INLINE_NETWORK_279,,,UK-ANALYTICS-Cluster,,,50312,,,informational,300,active
uk-sc1-fw01-sec,internal-vrf_access_in,extended,350,CHG0057492, Q2-2017, PCI-Q4-2017, PCI Q4 2018,PCI-Q2-2019,,,,,,,,,,,,,,,,,,
uk-sc1-fw01-sec,internal-vrf_access_in,extended,351,,permit,,,tcp,,,who-nodejs-servers,,,,pds-catalogue_mgmt-vip,,,cat-mgr-ports,,informational,300,active
uk-sc1-fw01-sec,internal-vrf_access_in,extended,352,CHG0057897, PCI-Q4-2017, PCI Q4 2018,PCI-Q2-2019,,,,,,,,,,,,,,,,,,
uk-sc1-fw01-sec,internal-vrf_access_in,extended,353,,permit,,,tcp,,Prod_epos_Bai,,,,Business_Objects_ETL_Server,,,445,,,informational,300,active
uk-sc1-fw01-sec,internal-vrf_access_in,extended,354,CHG0058646, CHG0099897, CHG0108322,,,,,,,,,,,,,,,,,,
uk-sc1-fw01-sec,internal-vrf_access_in,extended,355,,permit,,,tcp,,,DM_INLINE_NETWORK_65,,,,DM_INLINE_NETWORK_184,,www,,,informational,300,active
uk-sc1-fw01-sec,internal-vrf_access_in,extended,356,BCP Rule - Do Not Remove,,,,,,,,,,,,,,,,,,
uk-sc1-fw01-sec,internal-vrf_access_in,extended,357,,permit,,,tcp,,wakefield-bcp-site,,,,sc1uxprnwb21-vip,,,www,,,informational,300,active
uk-sc1-fw01-sec,internal-vrf_access_in,extended,358,CHG0085473 ,CHG0085385, CHG0108322,PCI-Q2-2019,,,,,,,,,,,,,,,,,,
uk-sc1-fw01-sec,internal-vrf_access_in,extended,359,,permit,,,tcp,,,grp-aus-supernets,,,,DM_INLINE_NETWORK_183,,,DM_INLINE_TCP_132,,informational,300,active
uk-sc1-fw01-sec,internal-vrf_access_in,extended,360,CHG0086143,PCI-Q2-2019,,,,,,,,,,,,,,,,,,
uk-sc1-fw01-sec,internal-vrf_access_in,extended,361,,permit,,,tcp,,,grp-aus-supernets,,,,DM_INLINE_NETWORK_271,,8080,,,informational,300,active
uk-sc1-fw01-sec,internal-vrf_access_in,extended,362,CHG0081337, CHG0108322,PCI-Q2-2019,,,,,,,,,,,,,,,,,,
uk-sc1-fw01-sec,internal-vrf_access_in,extended,363,,permit,,,tcp,,,grp-stj-traders-dev,,,,DM_INLINE_NETWORK_186,,8084,,,informational,300,active
uk-sc1-fw01-sec,internal-vrf_access_in,extended,364,CHG0085405, CHG0108322,,,,,,,,,,,,,,,,,,
uk-sc1-fw01-sec,internal-vrf_access_in,extended,365,,permit,,,tcp,,,grp-handball-app-servers,,,,DM_INLINE_NETWORK_187,,www,,,informational,300,active
uk-sc1-fw01-sec,internal-vrf_access_in,extended,366,CHG0075445,,,,,,,,,,,,,,,,,,
uk-sc1-fw01-sec,internal-vrf_access_in,extended,367,,permit,,,tcp,,,grp-rd-gib-traders,,,,grp-scc-gtp-streaming,,8080,,,informational,300,active
uk-sc1-fw01-sec,internal-vrf_access_in,extended,368,CHG0058556, CHG0080232,CHG0081234, CHG0139968,,,,,,,,,,,,,,,,,,
uk-sc1-fw01-sec,internal-vrf_access_in,extended,369,,permit,,TCPUDP,,,,DM_INLINE_NETWORK_255,,10.120.99.10,,,,,Windows_File_services,,,,active
uk-sc1-fw01-sec,internal-vrf_access_in,extended,370,CHG0058556,CHG0125763,,,,,,,,,,,,,,,,,,
uk-sc1-fw01-sec,internal-vrf_access_in,extended,371,,permit,,,tcp,,,DM_INLINE_NETWORK_346,,10.120.99.155,,,,sqlnet,,,,,active
uk-sc1-fw01-sec,internal-vrf_access_in,extended,372,CHG0081989, CHG0083603, CHG0117922,PCI-Q4-2017,PCI Q4 2018,PCI-Q2-2019,,,,,,,,,,,,,,,,,,
uk-sc1-fw01-sec,internal-vrf_access_in,extended,373,,permit,,,tcp,,,DM_INLINE_NETWORK_260,,,sc1wnprndb019,,,1433,,,informational,300,active
uk-sc1-fw01-sec,internal-vrf_access_in,extended,374,CHG0065169, PCI-Q4-2017, PCI Q4 2018,PCI-Q2-2019,,,,,,,,,,,,,,,,,,
uk-sc1-fw01-sec,internal-vrf_access_in,extended,375,,permit,,,tcp,,,grp-sports-wdc-nodejs-srv,,,pds-vip-10.120.98.60,,,9191,,,informational,300,active
uk-sc1-fw01-sec,internal-vrf_access_in,extended,376,CHG0058722,CHG0059876,CHG0060537,CHG0075801,CHG0087437, Q2-2017, PCI-Q4-2017,PCI Q4 2018,,,,,,,,,,,,,,,,,,
uk-sc1-fw01-sec,internal-vrf_access_in,extended,377,PCI-Q2-2019,,,,,,,,,,,,,,,,,,
uk-sc1-fw01-sec,internal-vrf_access_in,extended,378,,permit,,,tcp,,,pds2-vip-src-grp-obj,,,,pds2-vip-rservers-60-64,,9191,,,informational,300,active
uk-sc1-fw01-sec,internal-vrf_access_in,extended,379,CHG0061307, Q2-2017, PCI-Q4-2017,PCI Q2 2018,PCI Q4 2018,PCI-Q2-2019,,,,,,,,,,,,,,,,,,
uk-sc1-fw01-sec,internal-vrf_access_in,extended,380,,permit,,,tcp,,,grp-sports-web-api-nodejs,,,pds-vip-10.120.98.60,,,9191,,,informational,300,active
uk-sc1-fw01-sec,internal-vrf_access_in,extended,381,CHG0060155,CHG0064619, PCI Q4 2018,PCI-Q2-2019,,,,,,,,,,,,,,,,,,
uk-sc1-fw01-sec,internal-vrf_access_in,extended,382,,permit,,,tcp,,,grp-petru-moody-dev-desktop,,,,grp-activemq-1-2,,61422,,,informational,300,active
uk-sc1-fw01-sec,internal-vrf_access_in,extended,383,CHG0059070, CHG0081233,CHG0117807,,,,,,,,,,,,,,,,,,
uk-sc1-fw01-sec,internal-vrf_access_in,extended,384,,permit,,,tcp,,,accurate_user,,10.120.66.23,,,,,accurate_ports,,,,active
uk-sc1-fw01-sec,internal-vrf_access_in,extended,385,CHG0059189, CHG0059629, CHG0066433, Q2-2017, PCI-Q4-2017,PCI Q4 2018,PCI-Q2-2019,,,,,,,,,,,,,,,,,,
uk-sc1-fw01-sec,internal-vrf_access_in,extended,386,,permit,,,tcp,,sc1wnprein03,,,,,DM_INLINE_NETWORK_236,,,DM_INLINE_TCP_74,,informational,300,active
uk-sc1-fw01-sec,internal-vrf_access_in,extended,387,CHG0060479, Q2-2017, PCI-Q4-2017, PCI Q4 2018,PCI-Q2-2019,,,,,,,,,,,,,,,,,,
uk-sc1-fw01-sec,internal-vrf_access_in,extended,388,,permit,,,tcp,,WHO-AlbertoParise,,,,,grp-pr-nap-bi-reporting-servers,,1433,,,informational,300,active
uk-sc1-fw01-sec,internal-vrf_access_in,extended,389,CHG0060835,PCI-Q2-2019,,,,,,,,,,,,,,,,,,
uk-sc1-fw01-sec,internal-vrf_access_in,extended,390,,permit,,,tcp,10.1.22.17,,,,,,iseries_dr_stack,,,iseries_dr_stack_ports,,informational,300,active
uk-sc1-fw01-sec,internal-vrf_access_in,extended,391,CHG0060871, CHG0062147, CHG0060835,CHG0126313,PCI-Q2-2019,,,,,,,,,,,,,,,,,,
uk-sc1-fw01-sec,internal-vrf_access_in,extended,392,,permit,,,tcp,,,DM_INLINE_NETWORK_358,,,,iseries_dr_stack,,,iseries_dr_stack_ports,,informational,300,active
uk-sc1-fw01-sec,internal-vrf_access_in,extended,393,CHG0125763,,,,,,,,,,,,,,,,,,
uk-sc1-fw01-sec,internal-vrf_access_in,extended,394,,permit,,JDE,,,,DM_INLINE_NETWORK_345,,,,iseries_dr_stack,,,,,informational,300,active
uk-sc1-fw01-sec,internal-vrf_access_in,extended,395,CHG0067034, CHG0072567,,,,,,,,,,,,,,,,,,
uk-sc1-fw01-sec,internal-vrf_access_in,extended,396,,permit,,,tcp,,,grp-scc-steelapp-cluster,,,,payment-card-servers,,,DM_INLINE_TCP_120,,informational,300,active
uk-sc1-fw01-sec,internal-vrf_access_in,extended,397,,permit,,,tcp,,,stingray-topend,,,,payment-card-servers,,7291,,,informational,300,active
uk-sc1-fw01-sec,internal-vrf_access_in,extended,398,CHG0077468, CHG0080746,,,,,,,,,,,,,,,,,,
uk-sc1-fw01-sec,internal-vrf_access_in,extended,399,,permit,,,tcp,,,stingray-topend,,,,sag-php-svrs,,,web-ports,,informational,300,active
uk-sc1-fw01-sec,internal-vrf_access_in,extended,400,CHG0061115, CHG0081233, Data-mgt-Channel CHG0060796,CHG0060798,CHG0060799,,,,,,,,,,,,,,,,,,,
uk-sc1-fw01-sec,internal-vrf_access_in,extended,401,CHG0060801, CHG0060804, CHG0060807,CHG0060810,CHG0060808,,,,,,,,,,,,,,,,,,
uk-sc1-fw01-sec,internal-vrf_access_in,extended,402,,permit,,,tcp,,,accurate_user,,10.120.99.10,,,,,accurate_ports,,,,active
uk-sc1-fw01-sec,internal-vrf_access_in,extended,403,CHG0061115, CHG0081233, PCI-Q4-2017,PCI Q2 2018,PCI Q4 2018,PCI-Q2-2019,,,,,,,,,,,,,,,,,,
uk-sc1-fw01-sec,internal-vrf_access_in,extended,404,,permit,,,udp,,,accurate_user,,10.120.99.10,,,,,accurate_ports,,informational,300,active
uk-sc1-fw01-sec,internal-vrf_access_in,extended,405,CHG0058556,CHG0129521,PCI-Q2-2019,,,,,,,,,,,,,,,,,,
uk-sc1-fw01-sec,internal-vrf_access_in,extended,406,,permit,,,tcp,,,DM_INLINE_NETWORK_50,,10.120.66.23,,,,8443,,,,,active
uk-sc1-fw01-sec,internal-vrf_access_in,extended,407,CHG0058556, CHG0081234 CHG0129521,,,,,,,,,,,,,,,,,,
uk-sc1-fw01-sec,internal-vrf_access_in,extended,408,,permit,,,tcp,,,DM_INLINE_NETWORK_257,,10.120.66.23,,,,8080,,,informational,300,active
uk-sc1-fw01-sec,internal-vrf_access_in,extended,409,CHG0063740, CHG0096522,INC0922913,,,,,,,,,,,,,,,,,,
uk-sc1-fw01-sec,internal-vrf_access_in,extended,410,,permit,,,tcp,,,DM_INLINE_NETWORK_240,,10.120.102.10,,,,,Windows_File_services,,,,active
uk-sc1-fw01-sec,internal-vrf_access_in,extended,411,CHG0063740, CHG0096522,,,,,,,,,,,,,,,,,,
uk-sc1-fw01-sec,internal-vrf_access_in,extended,412,,permit,,,udp,,,DM_INLINE_NETWORK_241,,10.120.102.10,,,,,Windows_File_services,,,,active
uk-sc1-fw01-sec,internal-vrf_access_in,extended,413,CHG0062976, PCI-Q4-2017, PCI Q4 2018,,,,,,,,,,,,,,,,,,
uk-sc1-fw01-sec,internal-vrf_access_in,extended,414,CHG0063740, CHG0096522,INC0922913,,,,,,,,,,,,,,,,,,
uk-sc1-fw01-sec,internal-vrf_access_in,extended,415,,permit,,TCPUDP,,,,trading-r-drive-users,,,,trading-r-drive,,,Windows_File_services,,informational,300,inactive
uk-sc1-fw01-sec,internal-vrf_access_in,extended,416,,permit,,,tcp,,,sas-web-users,,,prod-sas-vip,,,,web-ports,,informational,300,active
uk-sc1-fw01-sec,internal-vrf_access_in,extended,417,PCI-Q4-2017, PCI Q4 2018,,,,,,,,,,,,,,,,,,
uk-sc1-fw01-sec,internal-vrf_access_in,extended,418,,permit,,DM_INLINE_SERVICE_27,,10.1.78.219,,,,10.120.99.154,,,,,,,,,active
uk-sc1-fw01-sec,internal-vrf_access_in,extended,419,CHG0064379, CHG0085367, CHG0085878, CHG0091555, CHG0098380,CHG0099042,CHG0099848, CHG0100501,,,,,,,,,,,,,,,,,,,
uk-sc1-fw01-sec,internal-vrf_access_in,extended,420,CHG0064379, CHG0085367, CHG0085878, CHG0091555, CHG0098380,CHG0099042,CHG0099848, CHG0100501,,,,,,,,,,,,,,,,,,,
uk-sc1-fw01-sec,internal-vrf_access_in,extended,421,CHG0105293, CHG0109478, CHG0111072, CHG0119833,TASK0165788, RITM0095469, CHG0123842 TASK0177054,,,,,,,,,,,,,,,,,,
uk-sc1-fw01-sec,internal-vrf_access_in,extended,422,TASK0246334,,,,,,,,,,,,,,,,,,
uk-sc1-fw01-sec,internal-vrf_access_in,extended,423,CHG0105293, CHG0109478, CHG0111072, CHG0119833,TASK0165788, RITM0095469, CHG0123842 TASK0177054,,,,,,,,,,,,,,,,,,
uk-sc1-fw01-sec,internal-vrf_access_in,extended,424,,permit,,,tcp,,,DM_INLINE_NETWORK_272,,,sc1uxprgdb01,,,sqlnet,,,informational,300,active
uk-sc1-fw01-sec,internal-vrf_access_in,extended,425,CHG0099557, CHG0124759,,,,,,,,,,,,,,,,,,
uk-sc1-fw01-sec,internal-vrf_access_in,extended,426,,permit,,Nevada-TRS-Ports,,,,DM_INLINE_NETWORK_337,,,sc1wnprecp01,,,,,,informational,300,active
uk-sc1-fw01-sec,internal-vrf_access_in,extended,427,CHG0064781,CHG0127850,,,,,,,,,,,,,,,,,,
uk-sc1-fw01-sec,internal-vrf_access_in,extended,428,,permit,,Tape_Drive_acces_services,,,,scc_tape_drives_access,,,,scc_tape_drives,,,,,informational,300,active
uk-sc1-fw01-sec,internal-vrf_access_in,extended,429,CHG0064543, CHG0064797, CHG0124609,CHG0125287,,,,,,,,,,,,,,,,,,
uk-sc1-fw01-sec,internal-vrf_access_in,extended,430,CHG0138644,,,,,,,,,,,,,,,,,,
uk-sc1-fw01-sec,internal-vrf_access_in,extended,431,,permit,,,tcp,,,DM_INLINE_NETWORK_412,,10.120.64.151,,,,,DM_INLINE_TCP_413,,informational,300,active
uk-sc1-fw01-sec,internal-vrf_access_in,extended,432,,permit,,,tcp,,,corporate_networks,,,PROD-MISVR1,,,www,,,,,active
uk-sc1-fw01-sec,internal-vrf_access_in,extended,433,CHG0072810, CHG0096200, CHG0096301, CHG0108322,,,,,,,,,,,,,,,,,,
uk-sc1-fw01-sec,internal-vrf_access_in,extended,434,,permit,,,tcp,,,DM_INLINE_NETWORK_34,,,,DM_INLINE_NETWORK_205,,www,,,informational,300,active
uk-sc1-fw01-sec,internal-vrf_access_in,extended,435,CHG0085206, CHG0108322,,,,,,,,,,,,,,,,,,
uk-sc1-fw01-sec,internal-vrf_access_in,extended,436,,permit,,,tcp,,,grp-pr-trading-cricket,,,,DM_INLINE_NETWORK_199,,www,,,informational,300,active
uk-sc1-fw01-sec,internal-vrf_access_in,extended,437,CHG0081056, CHG0083154, CHG0082448, CHG0083009, CHG0082846, CHG0082720, CHG0108322,,,,,,,,,,,,,,,,,,
uk-sc1-fw01-sec,internal-vrf_access_in,extended,438,PCI-Q2-2019,,,,,,,,,,,,,,,,,,
uk-sc1-fw01-sec,internal-vrf_access_in,extended,439,,permit,,,tcp,,,bg-ro-officeLAN,,,,DM_INLINE_NETWORK_210,,www,,,informational,300,active
uk-sc1-fw01-sec,internal-vrf_access_in,extended,440,CHG0066342,,,,,,,,,,,,,,,,,,
uk-sc1-fw01-sec,internal-vrf_access_in,extended,441,,permit,,,tcp,,,Data-Mgt-DPE-DR-Servers,,,,Data-Mgt-DPE-Prod-Servers,,,cluster-ports-tcp,,informational,300,active
uk-sc1-fw01-sec,internal-vrf_access_in,extended,442,,permit,,,udp,,,Data-Mgt-DPE-DR-Servers,,,,Data-Mgt-DPE-Prod-Servers,,,cluster-ports-udp,,informational,300,active
uk-sc1-fw01-sec,internal-vrf_access_in,extended,443,CHG0072383,,,,,,,,,,,,,,,,,,
uk-sc1-fw01-sec,internal-vrf_access_in,extended,444,,permit,,,tcp,,,Data-Mgt-DPE-DR-Servers,,,,DPE-Monitoring,,,135_5985,,informational,300,active
uk-sc1-fw01-sec,internal-vrf_access_in,extended,445,CHG0065586, Q2-2017, PCI-Q4-2017,PCI Q2 2018,PCI Q4 2018,PCI-Q2-2019,,,,,,,,,,,,,,,,,,
uk-sc1-fw01-sec,internal-vrf_access_in,extended,446,,permit,,,tcp,,,BACS_USERS_MGT,,,sc1wncpgap12,,,3389,,,informational,300,active
uk-sc1-fw01-sec,internal-vrf_access_in,extended,447,CHG0068129, CHG0068244,,,,,,,,,,,,,,,,,,
uk-sc1-fw01-sec,internal-vrf_access_in,extended,448,,permit,,,tcp,,,Data-Mgt-DPE-DR-Servers,,,,Data-Mgt-DPE-Prod-Servers,,,DPE-replication-ports,,informational,300,active
uk-sc1-fw01-sec,internal-vrf_access_in,extended,449,CHG0071382, CHG0071550,,,,,,,,,,,,,,,,,,
uk-sc1-fw01-sec,internal-vrf_access_in,extended,450,,permit,,,tcp,,,Data-Mgt-DPE-DR-Servers,,,SCC-whdp,,,,cluster-query-tcp,,informational,300,active
uk-sc1-fw01-sec,internal-vrf_access_in,extended,451,CHG0083075, Q2-2017, PCI-Q4-2017, PCI Q4 2018,PCI-Q2-2019,,,,,,,,,,,,,,,,,,
uk-sc1-fw01-sec,internal-vrf_access_in,extended,452,,permit,,,tcp,,,grp-scc-layer7cluster2-servers,,,pds-vip-10.120.98.60,,,8181,,,informational,300,active
uk-sc1-fw01-sec,internal-vrf_access_in,extended,453,CHG0075404, CHG0084202, Q2-2017, PCI-Q4-2017,PCI Q2 2018,PCI Q4 2018,PCI-Q2-2019,,,,,,,,,,,,,,,,,,
uk-sc1-fw01-sec,internal-vrf_access_in,extended,454,,permit,,,tcp,,,grp-sports-banner-servers,,,pds-vip-10.120.98.60,,,9191,,,informational,300,active
uk-sc1-fw01-sec,internal-vrf_access_in,extended,455,CHG0092433, Q2-2017, PCI-Q4-2017, PCI Q4 2018,PCI-Q2-2019,,,,,,,,,,,,,,,,,,
uk-sc1-fw01-sec,internal-vrf_access_in,extended,456,,permit,,,tcp,,10.1.82.137,,,,,grp-sports-banner-servers,,ssh,,,informational,300,active
uk-sc1-fw01-sec,internal-vrf_access_in,extended,457,CHG0092433, Q2-2017, PCI-Q4-2017, PCI Q4 2018,PCI-Q2-2019,,,,,,,,,,,,,,,,,,
uk-sc1-fw01-sec,internal-vrf_access_in,extended,458,,permit,,,tcp,,,grp-sports-banner-servers,,,10.1.82.137,,,ssh,,,informational,300,active
uk-sc1-fw01-sec,internal-vrf_access_in,extended,459,CHG0068584, Q2-2017, PCI-Q4-2017, PCI Q4 2018,PCI-Q2-2019,,,,,,,,,,,,,,,,,,
uk-sc1-fw01-sec,internal-vrf_access_in,extended,460,,permit,,,tcp,,,grp-sbk-web-api-servers,,,pds-vip-10.120.98.60,,,9191,,,informational,300,active
uk-sc1-fw01-sec,internal-vrf_access_in,extended,461,CHG0068584, Q2-2017, PCI-Q4-2017, PCI Q4 2018,PCI-Q2-2019,,,,,,,,,,,,,,,,,,
uk-sc1-fw01-sec,internal-vrf_access_in,extended,462,,permit,,,tcp,,sc1uxprnwb55,,,,pds-vip-10.120.98.60,,,9191,,,informational,300,active
uk-sc1-fw01-sec,internal-vrf_access_in,extended,463,CHG0069114, DR, CHG0108322,,,,,,,,,,,,,,,,,,
uk-sc1-fw01-sec,internal-vrf_access_in,extended,464,,permit,,,tcp,,Birstall-Net-10.1.21.0-24,,,,,DM_INLINE_NETWORK_211,,www,,,informational,300,active
uk-sc1-fw01-sec,internal-vrf_access_in,extended,465,CHG0081337, PCI-Q4-2017,,,,,,,,,,,,,,,,,,
uk-sc1-fw01-sec,internal-vrf_access_in,extended,466,,permit,,,tcp,,,DM_INLINE_NETWORK_254,,,sc1uxprnwb_vip,,,,DM_INLINE_TCP_126,,informational,300,active
uk-sc1-fw01-sec,internal-vrf_access_in,extended,467,CHG0069206, PCI-Q4-2017, PCI Q4 2018,PCI-Q2-2019,,,,,,,,,,,,,,,,,,
uk-sc1-fw01-sec,internal-vrf_access_in,extended,468,,permit,,,tcp,,GIB-CX-adc-internal-api-tier,,,,Internalproxy-mar.back.prod.williamhill.plc,,,https,,,informational,300,active
uk-sc1-fw01-sec,internal-vrf_access_in,extended,469,CHG0069700,,,,,,,,,,,,,,,,,,
uk-sc1-fw01-sec,internal-vrf_access_in,extended,470,,permit,,,tcp,,brs_business_continuity_suit,,,10.120.102.10,,,,,Windows_File_services,,,,active
uk-sc1-fw01-sec,internal-vrf_access_in,extended,471,CHG0069789,,,,,,,,,,,,,,,,,,
uk-sc1-fw01-sec,internal-vrf_access_in,extended,472,,permit,,,tcp,,,,10.1.86.0 255.255.254.0,10.120.102.10,,,,,Windows_File_services,,,,active
uk-sc1-fw01-sec,internal-vrf_access_in,extended,473,CHG0069789,,,,,,,,,,,,,,,,,,
uk-sc1-fw01-sec,internal-vrf_access_in,extended,474,,permit,,,udp,,,,10.1.86.0 255.255.254.0,10.120.102.10,,,,,Windows_File_services,,,,active
uk-sc1-fw01-sec,internal-vrf_access_in,extended,475,CHG0069466, CHG0124609,CHG0125287,,,,,,,,,,,,,,,,,,
uk-sc1-fw01-sec,internal-vrf_access_in,extended,476,,permit,,,tcp,,,corporate_networks,,,grouplan.prod.williamhill.plc,,,https,,,informational,300,active
uk-sc1-fw01-sec,internal-vrf_access_in,extended,477,CHG0071217, CHG0069466, CHG0072685, CHG0072932,PCI-Q2-2019,,,,,,,,,,,,,,,,,,
uk-sc1-fw01-sec,internal-vrf_access_in,extended,478,,permit,,,tcp,,sc1wnprccp004.prod.williamhill.plc,,,,,netscaler_SNIP,,,netscaler_SNIP_tcp_ports,,,,active
uk-sc1-fw01-sec,internal-vrf_access_in,extended,479,Citrix access,,,,,,,,,,,,,,,,,,
uk-sc1-fw01-sec,internal-vrf_access_in,extended,480,,permit,,,tcp,,,DM_INLINE_NETWORK_418,,,,groupras.williamhill.plc.uk,,,DM_INLINE_TCP_419,,informational,300,active
uk-sc1-fw01-sec,internal-vrf_access_in,extended,481,CHG0069484,,,,,,,,,,,,,,,,,,
uk-sc1-fw01-sec,internal-vrf_access_in,extended,482,CHG0069484,,,,,,,,,,,,,,,,,,
uk-sc1-fw01-sec,internal-vrf_access_in,extended,483,,permit,,,tcp,,,,any,,,groupras.williamhill.plc.uk,,https,,,,,inactive
uk-sc1-fw01-sec,internal-vrf_access_in,extended,484,CHG0069484,,,,,,,,,,,,,,,,,,
uk-sc1-fw01-sec,internal-vrf_access_in,extended,485,CHG0069484,,,,,,,,,,,,,,,,,,
uk-sc1-fw01-sec,internal-vrf_access_in,extended,486,,permit,,,tcp,,aws-ddos-irl-ext,,,,,groupras.williamhill.plc.uk,,,DM_INLINE_TCP_116,,,,active
uk-sc1-fw01-sec,internal-vrf_access_in,extended,487,,permit,,,tcp,,,scc_citrix_web_interfaces,,,,netscaler_vips,,https,,,,,active
uk-sc1-fw01-sec,internal-vrf_access_in,extended,488,CHG0072685, CHG0072932,CHG0098693, CHG0124140, CHG0139968,,,,,,,,,,,,,,,,,,
uk-sc1-fw01-sec,internal-vrf_access_in,extended,489,,permit,,,tcp,,,DM_INLINE_NETWORK_57,,,,GTP-Stream-Servers,,8080,,,informational,300,active
uk-sc1-fw01-sec,internal-vrf_access_in,extended,490,CHg0070758, CHG0098229,,,,,,,,,,,,,,,,,,
uk-sc1-fw01-sec,internal-vrf_access_in,extended,491,,permit,,,ip,,,DM_INLINE_NETWORK_244,,,,GTP-Stream-Servers,,,,,informational,300,active
uk-sc1-fw01-sec,internal-vrf_access_in,extended,492,CHG0071475,,,,,,,,,,,,,,,,,,
uk-sc1-fw01-sec,internal-vrf_access_in,extended,493,,permit,,,ip,,net-pr-cde-api-integration,,,,,,10.120.0.0 255.255.0.0,,,,informational,300,active
uk-sc1-fw01-sec,internal-vrf_access_in,extended,494,CHG0083154, CHG0082448, CHG0083009, CHG0082846, CHG0082720, CHG0071475,,,,,,,,,,,,,,,,,,
uk-sc1-fw01-sec,internal-vrf_access_in,extended,495,,permit,,,ip,,net-inv-cde-api-lan,,,,,,10.120.0.0 255.255.0.0,,,,informational,300,active
uk-sc1-fw01-sec,internal-vrf_access_in,extended,496,CHG0091474, Q2-2017, PCI-Q4-2017, PCI Q4 2018,PCI-Q2-2019,,,,,,,,,,,,,,,,,,
uk-sc1-fw01-sec,internal-vrf_access_in,extended,497,,permit,,,tcp,,BRS-nms-win,,,,,DM_INLINE_NETWORK_25,,,DM_INLINE_TCP_6,,informational,300,active
uk-sc1-fw01-sec,internal-vrf_access_in,extended,498,CHG0071785,CHG0073766,PCI-Q2-2019,,,,,,,,,,,,,,,,,,
uk-sc1-fw01-sec,internal-vrf_access_in,extended,499,,permit,,,tcp,,,Qmax_Access,,,sc1wnprnwb250,,,,Qmax_Access_Ports,,informational,300,active
uk-sc1-fw01-sec,internal-vrf_access_in,extended,500,CHG0065586,,,,,,,,,,,,,,,,,,
uk-sc1-fw01-sec,internal-vrf_access_in,extended,501,,permit,,,tcp,,,BACS_APP_USERS,,,sc1wncpgap12,,,www,,,,,active
uk-sc1-fw01-sec,internal-vrf_access_in,extended,502,CHG0074582, PCI Q4 2018,PCI-Q2-2019,,,,,,,,,,,,,,,,,,
uk-sc1-fw01-sec,internal-vrf_access_in,extended,503,,permit,,MS_filesharing_ports,,,,Client_Finance_Team,,,SC1WNPRNAP002,,,,,,,,active
uk-sc1-fw01-sec,internal-vrf_access_in,extended,504,BCP Rule - Do Not Remove,,,,,,,,,,,,,,,,,,
uk-sc1-fw01-sec,internal-vrf_access_in,extended,505,,permit,,MS_filesharing_ports,,,wakefield-bcp-site,,,,SC1WNPRNAP002,,,,,,informational,300,active
uk-sc1-fw01-sec,internal-vrf_access_in,extended,506,CHG0077523, CHG0077390, Q2-2017, PCI-Q4-2017,PCI Q2 2018,,,,,,,,,,,,,,,,,,
uk-sc1-fw01-sec,internal-vrf_access_in,extended,507,,permit,,,tcp,,,Cassandra-Cluster-BRS,,,,Cassandra-Cluster-SCC,,,DM_INLINE_TCP_123,,informational,300,active
uk-sc1-fw01-sec,internal-vrf_access_in,extended,508,CHG0077607,,,,,,,,,,,,,,,,,,
uk-sc1-fw01-sec,internal-vrf_access_in,extended,509,,permit,,,tcp,,,scc_citrix_web_interfaces,,,,netscaler_vips,,444,,,,,active
uk-sc1-fw01-sec,internal-vrf_access_in,extended,510,CHG0076594,,,,,,,,,,,,,,,,,,
uk-sc1-fw01-sec,internal-vrf_access_in,extended,511,,permit,,,tcp,,brswndvncp004.dev.williamhill.plc,,,,sc1uxprgdb01,,,sqlnet,,,,,active
uk-sc1-fw01-sec,internal-vrf_access_in,extended,512,CHG0078585, PCI-Q4-2017,,,,,,,,,,,,,,,,,,
uk-sc1-fw01-sec,internal-vrf_access_in,extended,513,,permit,,,tcp,,,GSH-nets,,,sc1uxprnap019,,,ssh,,,,,active
uk-sc1-fw01-sec,internal-vrf_access_in,extended,514,CHG0079847,,,,,,,,,,,,,,,,,,
uk-sc1-fw01-sec,internal-vrf_access_in,extended,515,,permit,,,tcp,,,capita_citrix_range,,,grouplan.prod.williamhill.plc,,,https,,,,,active
uk-sc1-fw01-sec,internal-vrf_access_in,extended,516,CHG0076656, CHG0089475, PCI-Q4-2017,PCI Q2 2018,PCI Q4 2018,PCI-Q2-2019,,,,,,,,,,,,,,,,,,
uk-sc1-fw01-sec,internal-vrf_access_in,extended,517,,permit,,,tcp,,,DM_INLINE_NETWORK_13,,,qlikview_web_vip_scc,,,https,,,,,active
uk-sc1-fw01-sec,internal-vrf_access_in,extended,518,CHG0100377,PCI-Q2-2019,,,,,,,,,,,,,,,,,,
uk-sc1-fw01-sec,internal-vrf_access_in,extended,519,,permit,,,tcp,,,qlikview-users,,,int-lb-qlikview-sc1,,,https,,,informational,300,active
uk-sc1-fw01-sec,internal-vrf_access_in,extended,520,CHG0100377,CHG0122460,,,,,,,,,,,,,,,,,,
uk-sc1-fw01-sec,internal-vrf_access_in,extended,521,,permit,,,tcp,,,DM_INLINE_NETWORK_71,,,int-lb-qlikview-sc1,,,https,,,informational,300,active
uk-sc1-fw01-sec,internal-vrf_access_in,extended,522,CHG0107729,CHG0125763,PCI-Q2-2019,,,,,,,,,,,,,,,,,,
uk-sc1-fw01-sec,internal-vrf_access_in,extended,523,,permit,,,tcp,,,DM_INLINE_NETWORK_347,,,int-lb-qlikview-sc1,,,,web-ports,,informational,300,active
uk-sc1-fw01-sec,internal-vrf_access_in,extended,524,CHG0082717,CHG0085810,CHG0116839,CHG0118409,CHG0118565,TASK0169361,CHG0129845,PCI-Q2-2019,,,,,,,,,,,,,,,,,,
uk-sc1-fw01-sec,internal-vrf_access_in,extended,525,TASK0216435,,,,,,,,,,,,,,,,,,
uk-sc1-fw01-sec,internal-vrf_access_in,extended,526,,permit,,,tcp,,,DM_INLINE_NETWORK_277,,,sc1wnprgdb05,,,1433,,,informational,300,active
uk-sc1-fw01-sec,internal-vrf_access_in,extended,527,CHG0081483,,,,,,,,,,,,,,,,,,
uk-sc1-fw01-sec,internal-vrf_access_in,extended,528,CHG0083109, CHG0088818,CHG0118893,,,,,,,,,,,,,,,,,,
uk-sc1-fw01-sec,internal-vrf_access_in,extended,529,,permit,,,tcp,,,grp-gsh-sql-access,,,sc1wnprgdb05,,,1433,,,informational,300,active
uk-sc1-fw01-sec,internal-vrf_access_in,extended,530,CHG0076594,,,,,,,,,,,,,,,,,,
uk-sc1-fw01-sec,internal-vrf_access_in,extended,531,,permit,,,tcp,,,sc1-cde-jumphosts,,,,qlickview_app,,3389,,,,,active
uk-sc1-fw01-sec,internal-vrf_access_in,extended,532,CHG0076594,,,,,,,,,,,,,,,,,,
uk-sc1-fw01-sec,internal-vrf_access_in,extended,533,,permit,,,tcp,,,sc1-cde-jumphosts,,,,qlickview_web,,3389,,,,,active
uk-sc1-fw01-sec,internal-vrf_access_in,extended,534,CHG0082448, CHG0083009, CHG0082846, CHG0083154, CHG0082720,,,,,,,,,,,,,,,,,,
uk-sc1-fw01-sec,internal-vrf_access_in,extended,535,,permit,,,tcp,,,,any,,,groupras.williamhill.plc.uk,,444,,,,,inactive
uk-sc1-fw01-sec,internal-vrf_access_in,extended,536,CHG0082448,CHG0083009,CHG0082846,CHG0083154,CHG0082720,CHG0110460,PCI-Q2-2019,,,,,,,,,,,,,,,,,,
uk-sc1-fw01-sec,internal-vrf_access_in,extended,537,,permit,,,tcp,,,DM_INLINE_NETWORK_258,,,,DM_INLINE_NETWORK_232,,3389,,,informational,300,active
uk-sc1-fw01-sec,internal-vrf_access_in,extended,538,CHG0079964, CHG0076672, Q2-2017, PCI-Q4-2017,PCI Q2 2018,PCI Q4 2018,PCI-Q2-2019,,,,,,,,,,,,,,,,,,
uk-sc1-fw01-sec,internal-vrf_access_in,extended,539,,permit,,,tcp,,brswnprncp005,,,,,jde_iseries,,,Prod_AS400_tcp,,,,active
uk-sc1-fw01-sec,internal-vrf_access_in,extended,540,INC0592464, PCI-Q4-2017, PCI Q4 2018,PCI-Q2-2019,,,,,,,,,,,,,,,,,,
uk-sc1-fw01-sec,internal-vrf_access_in,extended,541,,permit,tcp-3389,,,,,grp-sc1wngibtst01-rdp-access,,,sc1wngibtst01,,,,,,informational,300,active
uk-sc1-fw01-sec,internal-vrf_access_in,extended,542,CHG0085407, Q2-2017, PCI-Q4-2017, PCI Q4 2018,PCI-Q2-2019,,,,,,,,,,,,,,,,,,
uk-sc1-fw01-sec,internal-vrf_access_in,extended,543,,permit,,,tcp,,,grp-payroll-server-access-temp,,,svr-sc1wnprndb007-top,,,3389,,,informational,300,active
uk-sc1-fw01-sec,internal-vrf_access_in,extended,544,CHG0081940, CHG0083534, PCI-Q4-2017, PCI Q4 2018,PCI-Q2-2019,,,,,,,,,,,,,,,,,,
uk-sc1-fw01-sec,internal-vrf_access_in,extended,545,,permit,,,tcp,,,grp-payroll-server-access,,,svr-sc1wnprndb007-top,,,3389,,,informational,300,active
uk-sc1-fw01-sec,internal-vrf_access_in,extended,546,CHG0084897,CHG0085409,CHG0088286,CHG0088912, CHG0109904,CHG0120244,,,,,,,,,,,,,,,,,,
uk-sc1-fw01-sec,internal-vrf_access_in,extended,547,,permit,,,tcp,,,grp-payroll-app-access,,,svr-sc1wnprndb007-top,,,13211,,,informational,300,active
uk-sc1-fw01-sec,internal-vrf_access_in,extended,548,CHG0118893,PCI-Q2-2019,,,,,,,,,,,,,,,,,,
uk-sc1-fw01-sec,internal-vrf_access_in,extended,549,,permit,,,tcp,,Chris_Jukes,,,,sc1wnprgdb05,,,1433,,,informational,300,active
uk-sc1-fw01-sec,internal-vrf_access_in,extended,550,CHG0082445, PCI-Q4-2017,PCI-Q2-2019,,,,,,,,,,,,,,,,,,
uk-sc1-fw01-sec,internal-vrf_access_in,extended,551,,permit,,,tcp,,svr-pr-sc1uxrdk,,,,svr-sc1wnprndb007-top,,,ssh,,,informational,300,active
uk-sc1-fw01-sec,internal-vrf_access_in,extended,552,CHG0082448, CHG0083009, CHG0082846, CHG0084005,PCI-Q2-2019,,,,,,,,,,,,,,,,,,
uk-sc1-fw01-sec,internal-vrf_access_in,extended,553,,permit,,,tcp,,enfield-office,,,,grouplan.prod.williamhill.plc,,,https,,,,,active
uk-sc1-fw01-sec,internal-vrf_access_in,extended,554,BCP Rule - CHG0087516, PCI,,,,,,,,,,,,,,,,,,
uk-sc1-fw01-sec,internal-vrf_access_in,extended,555,,permit,,,tcp,,BCP-Wapping,,,,grouplan.prod.williamhill.plc,,,https,,,,,active
uk-sc1-fw01-sec,internal-vrf_access_in,extended,556,CHG0112268,CHG0112277,CHG0113350,PCI-Q2-2019,,,,,,,,,,,,,,,,,,
uk-sc1-fw01-sec,internal-vrf_access_in,extended,557,,permit,,,tcp,,,UNO-UAT-users,,,presentation.prod.williamhill.plc,,,,SSAS-listeners,,informational,300,active
uk-sc1-fw01-sec,internal-vrf_access_in,extended,558,CHG0119393,,,,,,,,,,,,,,,,,,
uk-sc1-fw01-sec,internal-vrf_access_in,extended,559,,permit,,,tcp,,,UNO-UAT-users,,,int-lb-dm-analytics-tig.sc1.prod.williamhill.plc,,,,SSAS-listeners,,informational,300,active
uk-sc1-fw01-sec,internal-vrf_access_in,extended,560,CHG0083154, CHG0082448, CHG0083009, CHG0082846, CHG0082720,,,,,,,,,,,,,,,,,,,
uk-sc1-fw01-sec,internal-vrf_access_in,extended,561,CHG0112268, CHG0112277, CHG0113350, CHG0114994,CHG0117726,,,,,,,,,,,,,,,,,,
uk-sc1-fw01-sec,internal-vrf_access_in,extended,562,PCI Q4 2018,,,,,,,,,,,,,,,,,,
uk-sc1-fw01-sec,internal-vrf_access_in,extended,563,,permit,,,tcp,,,DM_INLINE_NETWORK_321,,,ssrs-reporting-services,,,,web-ports,,informational,300,active
uk-sc1-fw01-sec,internal-vrf_access_in,extended,564,CHG012088, CHG0124906,,,,,,,,,,,,,,,,,,
uk-sc1-fw01-sec,internal-vrf_access_in,extended,565,CHG0120881,,,,,,,,,,,,,,,,,,
uk-sc1-fw01-sec,internal-vrf_access_in,extended,566,,permit,,,tcp,,brswndvndb004,,,,int-lb-dm-analytics-tig.sc1.prod.williamhill.plc,,,8080,,,informational,300,active
uk-sc1-fw01-sec,internal-vrf_access_in,extended,567,CHG0118771, RITM0090701, CHG0124906,,,,,,,,,,,,,,,,,,
uk-sc1-fw01-sec,internal-vrf_access_in,extended,568,,permit,,,tcp,,,DM_INLINE_NETWORK_321,,,int-lb-dm-analytics-tig.sc1.prod.williamhill.plc,,,,web-ports,,informational,300,active
uk-sc1-fw01-sec,internal-vrf_access_in,extended,569,CHG0115830, CHG0124609, PCI Q4 2018,PCI-Q2-2019,,,,,,,,,,,,,,,,,,
uk-sc1-fw01-sec,internal-vrf_access_in,extended,570,,permit,,,tcp,,,corporate_networks,,,int-lb-dm-analytics-tig.sc1.prod.williamhill.plc,,,,web-ports,,informational,300,active
uk-sc1-fw01-sec,internal-vrf_access_in,extended,571,CHG0116456, CHG0124609,CHG0125287,,,,,,,,,,,,,,,,,,
uk-sc1-fw01-sec,internal-vrf_access_in,extended,572,,permit,,,tcp,,,corporate_networks,,,int-lb-dm-analytics-tig.sc1.prod.williamhill.plc,,,,tcp_1433_8080,,informational,300,active
uk-sc1-fw01-sec,internal-vrf_access_in,extended,573,CHG0082720, CHG0082819, CHG0118825, PCI Q4 2018,PCI-Q2-2019,,,,,,,,,,,,,,,,,,
uk-sc1-fw01-sec,internal-vrf_access_in,extended,574,,permit,,,tcp,,,Data-mgt-Infrastructure,,,,UNO-Reporting-Services,,,DM_INLINE_TCP_50,,informational,300,active
uk-sc1-fw01-sec,internal-vrf_access_in,extended,575,CHG0082720, CHG0082819, PCI-Q4-2017, CHG0118825,PCI Q4 2018,PCI-Q2-2019,,,,,,,,,,,,,,,,,,
uk-sc1-fw01-sec,internal-vrf_access_in,extended,576,,permit,,TCPUDP,,,,Data-mgt-Infrastructure,,,,UNO-Reporting-Services,,,DM_INLINE_TCPUDP_1,,informational,300,active
uk-sc1-fw01-sec,internal-vrf_access_in,extended,577,CHG0086848, Q2-2017,CHG0115537,,,,,,,,,,,,,,,,,,
uk-sc1-fw01-sec,internal-vrf_access_in,extended,578,,permit,,,tcp,,,DM_INLINE_NETWORK_305,,,,DM_INLINE_NETWORK_308,,,SSAS-listeners,,informational,300,active
uk-sc1-fw01-sec,internal-vrf_access_in,extended,579,Q2-2017, PCI-Q4-2017, PCI Q4 2018,PCI-Q2-2019,,,,,,,,,,,,,,,,,,
uk-sc1-fw01-sec,internal-vrf_access_in,extended,580,,permit,,,tcp,,,,10.137.23.0 255.255.255.0,,,Accurate-Data-Share,,,DM_INLINE_TCP_134,,,,active
uk-sc1-fw01-sec,internal-vrf_access_in,extended,581,CHG0082720, CHG0124609,CHG0125287,PCI-Q2-2019,,,,,,,,,,,,,,,,,,
uk-sc1-fw01-sec,internal-vrf_access_in,extended,582,,permit,,,tcp,,,corporate_networks,,,presentation.prod.williamhill.plc,,,2383,,,informational,300,active
uk-sc1-fw01-sec,internal-vrf_access_in,extended,583,CHG0100334, CHG0100478, CHG0124609,CHG0125287,,,,,,,,,,,,,,,,,,
uk-sc1-fw01-sec,internal-vrf_access_in,extended,584,,permit,,,tcp,,,corporate_networks,,,int-lb-ssas-tab.sc1.prod.williamhill.plc,,,,DM_INLINE_TCP_66,,informational,300,active
uk-sc1-fw01-sec,internal-vrf_access_in,extended,585,CHG0118949,,,,,,,,,,,,,,,,,,
uk-sc1-fw01-sec,internal-vrf_access_in,extended,586,,permit,,,tcp,,,BFA-DATA-USERS,,,int-lb-ssas-tab.sc1.prod.williamhill.plc,,,2383,,,informational,300,active
uk-sc1-fw01-sec,internal-vrf_access_in,extended,587,CHG0098314, CHG0124609,CHG0125287,,,,,,,,,,,,,,,,,,
uk-sc1-fw01-sec,internal-vrf_access_in,extended,588,,permit,,,tcp,,,corporate_networks,,,int-lb-uno-mds.prod.williamhill.plc,,,https,,,informational,300,active
uk-sc1-fw01-sec,internal-vrf_access_in,extended,589,CHG0098314, PCI-Q4-2017, PCI Q4 2018,PCI-Q2-2019,,,,,,,,,,,,,,,,,,
uk-sc1-fw01-sec,internal-vrf_access_in,extended,590,,permit,,,tcp,,sc1wnprnmg020,,,,int-lb-uno-mds.prod.williamhill.plc,,,https,,,informational,300,active
uk-sc1-fw01-sec,internal-vrf_access_in,extended,591,CHG0121975,,,,,,,,,,,,,,,,,,
uk-sc1-fw01-sec,internal-vrf_access_in,extended,592,,permit,,,tcp,,whc-10.121.67.0-24,,,,dqs.group.williamhill.plc,,,29000,,,informational,300,active
uk-sc1-fw01-sec,internal-vrf_access_in,extended,593,CHG0122040,,,,,,,,,,,,,,,,,,
uk-sc1-fw01-sec,internal-vrf_access_in,extended,594,,permit,,,tcp,,whc-10.121.67.0-24,,,,ssas.group.williamhill.plc,,,4445,,,informational,300,active
uk-sc1-fw01-sec,internal-vrf_access_in,extended,595,CHG0122040, PCI Q4 2018,PCI-Q2-2019,,,,,,,,,,,,,,,,,,
uk-sc1-fw01-sec,internal-vrf_access_in,extended,596,,permit,,,tcp,,whc-10.121.67.0-24,,,,ssas.group.williamhill.plc,,,44445,,,informational,300,active
uk-sc1-fw01-sec,internal-vrf_access_in,extended,597,CHG0101234, PCI-Q4-2017, PCI Q4 2018,PCI-Q2-2019,,,,,,,,,,,,,,,,,,
uk-sc1-fw01-sec,internal-vrf_access_in,extended,598,,permit,,,tcp,,,grp-gib-layer7,,,,grp-scc-whapi-activemq-srvs,,61402,,,informational,300,active
uk-sc1-fw01-sec,internal-vrf_access_in,extended,599,CHG0082151,,,,,,,,,,,,,,,,,,
uk-sc1-fw01-sec,internal-vrf_access_in,extended,600,,permit,,,tcp,,,stingray-topend,,,,fct-php-app-srvs,,https,,,informational,300,active
uk-sc1-fw01-sec,internal-vrf_access_in,extended,601,CHG0083690,,,,,,,,,,,,,,,,,,
uk-sc1-fw01-sec,internal-vrf_access_in,extended,602,,permit,,,tcp,,,sc1apprein04-09,,,,sc1uxprnap071to074,,www,,,informational,300,active
uk-sc1-fw01-sec,internal-vrf_access_in,extended,603,CHG0083175,,,,,,,,,,,,,,,,,,
uk-sc1-fw01-sec,internal-vrf_access_in,extended,604,,permit,,DM_INLINE_SERVICE_25,,,,Spotlight-Servers,,,,Corp-SQL-Cluster,,,,,,,active
uk-sc1-fw01-sec,internal-vrf_access_in,extended,605,BCP Rule - CHG0087516, PCI,,,,,,,,,,,,,,,,,,
uk-sc1-fw01-sec,internal-vrf_access_in,extended,606,,permit,,,tcp,,BCP-Wapping,,,,bacs-server,,,,tcp-http-rdp,,,,active
uk-sc1-fw01-sec,internal-vrf_access_in,extended,607,,permit,,,tcp,,,DBA-Workstations,,,,Corp-SQL-Cluster,,,DM_INLINE_TCP_130,,,,active
uk-sc1-fw01-sec,internal-vrf_access_in,extended,608,CHG0106165,,,,,,,,,,,,,,,,,,
uk-sc1-fw01-sec,internal-vrf_access_in,extended,609,,permit,,,tcp,,BRSWN521,,,,,DM_INLINE_NETWORK_162,,1433,,,informational,300,active
uk-sc1-fw01-sec,internal-vrf_access_in,extended,610,CHG0084967, CHG0101255, CHG0102403, CHG0104873, CHG0111359,PCI-Q2-2019,,,,,,,,,,,,,,,,,,
uk-sc1-fw01-sec,internal-vrf_access_in,extended,611,,permit,,,tcp,,,DM_INLINE_NETWORK_266,,,grouplan.prod.williamhill.plc,,,https,,,informational,300,active
uk-sc1-fw01-sec,internal-vrf_access_in,extended,612,CHG0085571,,,,,,,,,,,,,,,,,,
uk-sc1-fw01-sec,internal-vrf_access_in,extended,613,,permit,,,tcp,,brswndvncp004.dev.williamhill.plc,,,,sc1QlikviewStore,,,445,,,,,active
uk-sc1-fw01-sec,internal-vrf_access_in,extended,614,CHG0085545, CHG0096927, CHG0116599, CHG0117785, CHG0119236, RITM0094634 TASK0177054, RITM0100254,,,,,,,,,,,,,,,,,,
uk-sc1-fw01-sec,internal-vrf_access_in,extended,615,TASK0188203, RITM0102429,,,,,,,,,,,,,,,,,,
uk-sc1-fw01-sec,internal-vrf_access_in,extended,616,,permit,,,tcp,,,DM_INLINE_NETWORK_35,,,corpservivcessql,,,1433,,,informational,300,active
uk-sc1-fw01-sec,internal-vrf_access_in,extended,617,CHG0086158, CHG0107917,PCI-Q2-2019,,,,,,,,,,,,,,,,,,
uk-sc1-fw01-sec,internal-vrf_access_in,extended,618,,permit,,,tcp,,,Data-Mgt-DBA-Test-Dev-Arch,,,dmtfs.prod.williamhill.plc,,,,TCP_8080_443,,informational,300,active
uk-sc1-fw01-sec,internal-vrf_access_in,extended,619,CHG0086158, Q2-2017, PCI-Q4-2017,PCI Q4 2018,PCI-Q2-2019,,,,,,,,,,,,,,,,,,
uk-sc1-fw01-sec,internal-vrf_access_in,extended,620,,permit,,,tcp,,BRS-VPN-Pool,,,,dmtfs.prod.williamhill.plc,,,,TCP_8080_443,,informational,300,active
uk-sc1-fw01-sec,internal-vrf_access_in,extended,621,BCP Rule - CHG0087516, PCI,,,,,,,,,,,,,,,,,,
uk-sc1-fw01-sec,internal-vrf_access_in,extended,622,,permit,,,tcp,,BCP-Wapping,,,,Business_Objects_ETL_Server,,,445,,,,,active
uk-sc1-fw01-sec,internal-vrf_access_in,extended,623,Q2-2017, PCI-Q4-2017,PCI-Q2-2019,,,,,,,,,,,,,,,,,,
uk-sc1-fw01-sec,internal-vrf_access_in,extended,624,,permit,,,tcp,,brsux090,,,,sc1uxprnap019,,,ssh,,,,,active
uk-sc1-fw01-sec,internal-vrf_access_in,extended,625,CHG0087894, CHG0116710,,,,,,,,,,,,,,,,,,
uk-sc1-fw01-sec,internal-vrf_access_in,extended,626,,permit,,,tcp,,,DM_INLINE_NETWORK_314,,,sc1wnprndb019,,,,DM_INLINE_TCP_133,,informational,300,active
uk-sc1-fw01-sec,internal-vrf_access_in,extended,627,CHG0087779,,,,,,,,,,,,,,,,,,
uk-sc1-fw01-sec,internal-vrf_access_in,extended,628,,permit,,,tcp,,,Service-Now-Ext,,,sc1wnpredc15.prod,,,,DM_INLINE_TCP_139,,informational,300,active
uk-sc1-fw01-sec,internal-vrf_access_in,extended,629,CHG0089097,,,,,,,,,,,,,,,,,,
uk-sc1-fw01-sec,internal-vrf_access_in,extended,630,,permit,,,tcp,,sc1wnprcmn250.prod.williamhill.plc,,,,whdpops01,,,22000,,,,,active
uk-sc1-fw01-sec,internal-vrf_access_in,extended,631,CHG0089097, Q2-2017, PCI-Q4-2017, PCI Q4 2018,PCI-Q2-2019,,,,,,,,,,,,,,,,,,
uk-sc1-fw01-sec,internal-vrf_access_in,extended,632,,permit,,,tcp,,sc1wnprcmn250.prod.williamhill.plc,,,,whdpsource01,,,21000,,,,,active
uk-sc1-fw01-sec,internal-vrf_access_in,extended,633,CHG0089097,,,,,,,,,,,,,,,,,,
uk-sc1-fw01-sec,internal-vrf_access_in,extended,634,,permit,,,tcp,,sc1wnprcmn250.prod.williamhill.plc,,,,whdppresent01,,,23000,,,,,active
uk-sc1-fw01-sec,internal-vrf_access_in,extended,635,CHG0089097,,,,,,,,,,,,,,,,,,
uk-sc1-fw01-sec,internal-vrf_access_in,extended,636,,permit,,,tcp,,sc1wnprcmn250.prod.williamhill.plc,,,,whdpservices01,,,29000,,,,,active
uk-sc1-fw01-sec,internal-vrf_access_in,extended,637,CHG0089097,,,,,,,,,,,,,,,,,,
uk-sc1-fw01-sec,internal-vrf_access_in,extended,638,,permit,,DM_INLINE_SERVICE_1,,,sc1wnprcmn250.prod.williamhill.plc,,,,whdpservices,,,,,,,,active
uk-sc1-fw01-sec,internal-vrf_access_in,extended,639,CHG0089761, CHG0089763, CHG0089761, CHG0086332, CHG0123808,PCI-Q2-2019,,,,,,,,,,,,,,,,,,
uk-sc1-fw01-sec,internal-vrf_access_in,extended,640,,permit,,,tcp,,,DM_INLINE_NETWORK_15,,,corpservivcessql,,,1433,,,,,active
uk-sc1-fw01-sec,internal-vrf_access_in,extended,641,CHG0089879, PCI Q4 2018,PCI-Q2-2019,,,,,,,,,,,,,,,,,,
uk-sc1-fw01-sec,internal-vrf_access_in,extended,642,,permit,,,tcp,,brswndvndvndb002,,,,dmtfs.prod.williamhill.plc,,,8080,,,informational,300,active
uk-sc1-fw01-sec,internal-vrf_access_in,extended,643,CHG0089523,,,,,,,,,,,,,,,,,,
uk-sc1-fw01-sec,internal-vrf_access_in,extended,644,,permit,,DM_INLINE_SERVICE_2,,,sc1wnprcmn250.prod.williamhill.plc,,,,corpservivcessql,,,,,,,,active
uk-sc1-fw01-sec,internal-vrf_access_in,extended,645,CHG0089688, CHG0101198,PCI-Q2-2019,,,,,,,,,,,,,,,,,,
uk-sc1-fw01-sec,internal-vrf_access_in,extended,646,,permit,,,tcp,,,DM_INLINE_NETWORK_78,,,sc1uxprnap019,,,,DM_INLINE_TCP_17,,,,active
uk-sc1-fw01-sec,internal-vrf_access_in,extended,647,CHG0091147,PCI-Q2-2019,,,,,,,,,,,,,,,,,,
uk-sc1-fw01-sec,internal-vrf_access_in,extended,648,,permit,,,tcp,,GIB-TRADERS,,,,sc1uxprnwb26,,,8080,,,,,active
uk-sc1-fw01-sec,internal-vrf_access_in,extended,649,PCI-Q2-2019,,,,,,,,,,,,,,,,,,
uk-sc1-fw01-sec,internal-vrf_access_in,extended,650,,permit,,,tcp,,GIB-TRADERS,,,,sc1uxprnwb27,,,8080,,,,,active
uk-sc1-fw01-sec,internal-vrf_access_in,extended,651,CHG0091073, Q2-2017, PCI-Q4-2017, PCI Q4 2018,PCI-Q2-2019,,,,,,,,,,,,,,,,,,
uk-sc1-fw01-sec,internal-vrf_access_in,extended,652,,permit,,,tcp,,sc1wnprcmn250.prod.williamhill.plc,,,,,GRP-MONITORED-SERVERS,,,GRP-MONITORING-TCP,,,,active
uk-sc1-fw01-sec,internal-vrf_access_in,extended,653,Q2-2017, PCI-Q4-2017, PCI Q4 2018,PCI-Q2-2019,,,,,,,,,,,,,,,,,,
uk-sc1-fw01-sec,internal-vrf_access_in,extended,654,,permit,,,udp,,sc1wnprcmn250.prod.williamhill.plc,,,,,GRP-MONITORED-SERVERS,,,GRP-MONITORING-UDP,,,,active
uk-sc1-fw01-sec,internal-vrf_access_in,extended,655,CHG0092251, Q2-2017, CHG0108322, PCI-Q4-2017,PCI Q4 2018,PCI-Q2-2019,,,,,,,,,,,,,,,,,,
uk-sc1-fw01-sec,internal-vrf_access_in,extended,656,,permit,,,tcp,,,DM_INLINE_NETWORK_17,,,,DM_INLINE_NETWORK_191,,8080,,,informational,300,active
uk-sc1-fw01-sec,internal-vrf_access_in,extended,657,CHG0109836, RITM0100832,PCI-Q2-2019,,,,,,,,,,,,,,,,,,
uk-sc1-fw01-sec,internal-vrf_access_in,extended,658,,permit,,,tcp,,,DM_INLINE_NETWORK_359,,,sc1uxprnwb_vip,,,www,,,informational,300,active
uk-sc1-fw01-sec,internal-vrf_access_in,extended,659,CHG0093007,,,,,,,,,,,,,,,,,,
uk-sc1-fw01-sec,internal-vrf_access_in,extended,660,,permit,,,tcp,,SC1WNPREAP003,,,,sc1wnprecp001.group.williamhill.plc,,,,tcp-sccm,,,,active
uk-sc1-fw01-sec,internal-vrf_access_in,extended,661,CHG0094815, CHG0101376, CHG0107644,,,,,,,,,,,,,,,,,,
uk-sc1-fw01-sec,internal-vrf_access_in,extended,662,,permit,,,tcp,,,DM_INLINE_NETWORK_32,,,sc1wnprecp001.group.williamhill.plc,,,3389,,,informational,300,active
uk-sc1-fw01-sec,internal-vrf_access_in,extended,663,CHG0101376, PCI-Q4-2017, PCI Q4 2018,PCI-Q2-2019,,,,,,,,,,,,,,,,,,
uk-sc1-fw01-sec,internal-vrf_access_in,extended,664,,permit,,,tcp,10.120.163.99,,,,,sc1wnprecp001.group.williamhill.plc,,,,DM_INLINE_TCP_21,,informational,300,active
uk-sc1-fw01-sec,internal-vrf_access_in,extended,665,CHG0095618, Q2-2017,PCI-Q2-2019,,,,,,,,,,,,,,,,,,
uk-sc1-fw01-sec,internal-vrf_access_in,extended,666,,permit,,,tcp,,,DR_Xen_Servers,,,SCC-PRODJDE,,,,DR_Xen_Server_ports,,informational,300,active
uk-sc1-fw01-sec,internal-vrf_access_in,extended,667,PCI-Q2-2019,,,,,,,,,,,,,,,,,,
uk-sc1-fw01-sec,internal-vrf_access_in,extended,668,,permit,,,tcp,,,DR_Xen_Servers,,,WAS1,,,9645,,,informational,300,active
uk-sc1-fw01-sec,internal-vrf_access_in,extended,669,CHG0095962,,,,,,,,,,,,,,,,,,
uk-sc1-fw01-sec,internal-vrf_access_in,extended,670,,permit,,,tcp,,,DM_INLINE_NETWORK_33,,,SC1WNPRNAP001,,,ssh,,,informational,300,active
uk-sc1-fw01-sec,internal-vrf_access_in,extended,671,,permit,,,tcp,,,DM_INLINE_NETWORK_48,,,SC1WNPRNAP001,,,ssh,,,informational,300,active
uk-sc1-fw01-sec,internal-vrf_access_in,extended,672,CHG0096668, Q2-2017,PCI-Q2-2019,,,,,,,,,,,,,,,,,,
uk-sc1-fw01-sec,internal-vrf_access_in,extended,673,,permit,,,tcp,,LCW-JamesDrake,,,,,netscaler_SNIP,,https,,,informational,300,active
uk-sc1-fw01-sec,internal-vrf_access_in,extended,674,CHG0094921,,,,,,,,,,,,,,,,,,
uk-sc1-fw01-sec,internal-vrf_access_in,extended,675,,permit,,,tcp,,,grp-prn-sccmoni-mg,,,,grp-scc-int-lb-n-stingray,,9070,,,informational,300,active
uk-sc1-fw01-sec,internal-vrf_access_in,extended,676,CHG0097881, Q2-2017, PCI-Q4-2017, PCI Q4 2018,PCI-Q2-2019,,,,,,,,,,,,,,,,,,
uk-sc1-fw01-sec,internal-vrf_access_in,extended,677,,permit,,,tcp,,,wily_svrs_scc,,,,grp-scc-int-lb-n-stingray,,9070,,,informational,300,active
uk-sc1-fw01-sec,internal-vrf_access_in,extended,678,CHG0097162, CHG0124609,CHG0125287,,,,,,,,,,,,,,,,,,
uk-sc1-fw01-sec,internal-vrf_access_in,extended,679,,permit,,,tcp,,,corporate_networks,,,dashboards.prod.williamhill.plc,,,https,,,informational,300,active
uk-sc1-fw01-sec,internal-vrf_access_in,extended,680,CHG0097542,,,,,,,,,,,,,,,,,,
uk-sc1-fw01-sec,internal-vrf_access_in,extended,681,,permit,,,tcp,,,DM_INLINE_NETWORK_368,,,whdppresent01,,,23000,,,informational,300,active
uk-sc1-fw01-sec,internal-vrf_access_in,extended,682,CHG0097989, Q2-2017, PCI-Q4-2017, PCI Q4 2018,PCI-Q2-2019,,,,,,,,,,,,,,,,,,
uk-sc1-fw01-sec,internal-vrf_access_in,extended,683,,permit,,,tcp,,SC1WNPRESC03,,,,sc1wnprecp001.group.williamhill.plc,,,,SCCM_Cert_enrollment,,,,active
uk-sc1-fw01-sec,internal-vrf_access_in,extended,684,CHG0097989, Q2-2017, PCI-Q4-2017, PCI Q4 2018,PCI-Q2-2019,,,,,,,,,,,,,,,,,,
uk-sc1-fw01-sec,internal-vrf_access_in,extended,685,,permit,,,tcp,,SC1WNPRESC03,,,,sc1wnprecp001.group.williamhill.plc,,,,135_5985,,,,active
uk-sc1-fw01-sec,internal-vrf_access_in,extended,686,CHG0101535, PCI-Q4-2017, PCI Q4 2018,PCI-Q2-2019,,,,,,,,,,,,,,,,,,
uk-sc1-fw01-sec,internal-vrf_access_in,extended,687,,permit,,,tcp,,,DM_INLINE_NETWORK_99,,,,DM_INLINE_NETWORK_98,,,DM_INLINE_TCP_33,,informational,300,active
uk-sc1-fw01-sec,internal-vrf_access_in,extended,688,CHG0095363,,,,,,,,,,,,,,,,,,
uk-sc1-fw01-sec,internal-vrf_access_in,extended,689,,permit,,DM_INLINE_SERVICE_5,,10.120.163.73,,,,,,DM_INLINE_NETWORK_53,,,,,informational,300,active
uk-sc1-fw01-sec,internal-vrf_access_in,extended,690,Q2-2017, PCI-Q4-2017, PCI Q4 2018,PCI-Q2-2019,,,,,,,,,,,,,,,,,,
uk-sc1-fw01-sec,internal-vrf_access_in,extended,691,,permit,,DM_INLINE_SERVICE_8,,,,DM_INLINE_NETWORK_66,,10.120.163.73,,,,,,,informational,300,active
uk-sc1-fw01-sec,internal-vrf_access_in,extended,692,,permit,,,tcp,,,DM_INLINE_NETWORK_58,,,svr-omt-db.prod,,,3308,,,informational,300,active
uk-sc1-fw01-sec,internal-vrf_access_in,extended,693,CHG0099151, PCI Q4 2018,PCI-Q2-2019,,,,,,,,,,,,,,,,,,
uk-sc1-fw01-sec,internal-vrf_access_in,extended,694,,permit,,netscaler_ports_1,,,est-wmh-osl-001,,,,,netscaler_SNIP,,,,,informational,300,active
uk-sc1-fw01-sec,internal-vrf_access_in,extended,695,CHG0099894,,,,,,,,,,,,,,,,,,
uk-sc1-fw01-sec,internal-vrf_access_in,extended,696,,permit,,,tcp,,,AppServerGroup,,,corpservivcessql,,,,DM_INLINE_TCP_10,,informational,300,active
uk-sc1-fw01-sec,internal-vrf_access_in,extended,697,CHG0100283, PCI-Q4-2017, PCI Q4 2018,PCI-Q2-2019,,,,,,,,,,,,,,,,,,
uk-sc1-fw01-sec,internal-vrf_access_in,extended,698,,permit,,,tcp,,sc1wnprnap011,,,,PROD1,,,ftp,,,informational,300,active
uk-sc1-fw01-sec,internal-vrf_access_in,extended,699,CHG0100084, PCI-Q4-2017, PCI Q4 2018,PCI-Q2-2019,,,,,,,,,,,,,,,,,,
uk-sc1-fw01-sec,internal-vrf_access_in,extended,700,,permit,,,tcp,,,internal-users,,,int-lb-ssas.scc,,,,TCP_2382_2383,,informational,300,active
uk-sc1-fw01-sec,internal-vrf_access_in,extended,701,CHG099815,PCI-Q2-2019,,,,,,,,,,,,,,,,,,
uk-sc1-fw01-sec,internal-vrf_access_in,extended,702,,permit,,DM_INLINE_SERVICE_11,,,,sc1wnprexa86-91.prod.williamhill.plc,,,,Qlikview,,,,,informational,300,active
uk-sc1-fw01-sec,internal-vrf_access_in,extended,703,CHG0132038,,,,,,,,,,,,,,,,,,
uk-sc1-fw01-sec,internal-vrf_access_in,extended,704,,permit,,DM_INLINE_SERVICE_390,,,,DM_INLINE_NETWORK_389,,,sc1wnprncp005.prod.williamhill.plc,,,,,,informational,300,active
uk-sc1-fw01-sec,internal-vrf_access_in,extended,705,CHG0100450-CHG33775,CHG35912,CHG89995,,,,,,,,,,,,,,,,,,
uk-sc1-fw01-sec,internal-vrf_access_in,extended,706,,permit,,dns,,,,infoblox-dns-servers,,,sccnsc01,,,,,,informational,300,active
uk-sc1-fw01-sec,internal-vrf_access_in,extended,707,CHG0100450-CHG33775, PCI-Q4-2017, PCI Q4 2018,PCI-Q2-2019,,,,,,,,,,,,,,,,,,
uk-sc1-fw01-sec,internal-vrf_access_in,extended,708,,permit,,,udp,,,infoblox-grid-masters,,,sccnsc01,,,,infoblox-vpn,,informational,300,active
uk-sc1-fw01-sec,internal-vrf_access_in,extended,709,CHG0100450-CHG35339, PCI-Q4-2017, PCI Q4 2018,PCI-Q2-2019,,,,,,,,,,,,,,,,,,
uk-sc1-fw01-sec,internal-vrf_access_in,extended,710,,permit,,,udp,,uk-sc1-cacti,,,,sccnsc01,,,snmp,,,informational,300,active
uk-sc1-fw01-sec,internal-vrf_access_in,extended,711,CHG0100450-CHG56191,CHG67034,CHG68608,CHG74051,CHG74059,CHG83441, PCI-Q4-2017,,,,,,,,,,,,,,,,,,
uk-sc1-fw01-sec,internal-vrf_access_in,extended,712,PCI Q4 2018,PCI-Q2-2019,,,,,,,,,,,,,,,,,,
uk-sc1-fw01-sec,internal-vrf_access_in,extended,713,,permit,,,tcp,,,stingray-topend,,,,sportsbook-api-nodes,,7271,,,informational,300,active
uk-sc1-fw01-sec,internal-vrf_access_in,extended,714,CHG0100450-CHG58078,CHG60865,CHG83441,CHG87444,CHG87547,CHG87546,CHG87544,CHG87824,,,,,,,,,,,,,,,,,,,
uk-sc1-fw01-sec,internal-vrf_access_in,extended,715,PCI-Q4-2017, PCI Q4 2018,PCI-Q2-2019,,,,,,,,,,,,,,,,,,
uk-sc1-fw01-sec,internal-vrf_access_in,extended,716,,permit,,,tcp,,,stingray-topend,,,,diffusion-servers,,,diffusion-adc-ports,,informational,300,active
uk-sc1-fw01-sec,internal-vrf_access_in,extended,717,CHG0100450-CHG78829,CHG80172,CHG80320,CHG0083441,PCI-Q2-2019,,,,,,,,,,,,,,,,,,
uk-sc1-fw01-sec,internal-vrf_access_in,extended,718,,permit,,,tcp,,,stingray-topend,,,,grp-sports-banner-servers,,7411,,,informational,300,active
uk-sc1-fw01-sec,internal-vrf_access_in,extended,719,CHG0100450-CHG56191,CHG67034,CHG83441,PCI-Q2-2019,,,,,,,,,,,,,,,,,,
uk-sc1-fw01-sec,internal-vrf_access_in,extended,720,,permit,,,tcp,,,stingray-topend,,,,wh-data_cache_riak-srvs,,8098,,,informational,300,active
uk-sc1-fw01-sec,internal-vrf_access_in,extended,721,CHG0100450-CHG61307,CHG83441, PCI-Q4-2017,PCI Q4 2018,PCI-Q2-2019,,,,,,,,,,,,,,,,,,
uk-sc1-fw01-sec,internal-vrf_access_in,extended,722,,permit,,,tcp,,,stingray-topend,,,,grp-sports-web-api-nodejs,,,sports-nodejs-ports,,informational,300,active
uk-sc1-fw01-sec,internal-vrf_access_in,extended,723,CHG0100450-CHG67034,CHG67892,CHG68497,CHG0083441, PCI-Q4-2017,PCI Q4 2018,PCI-Q2-2019,,,,,,,,,,,,,,,,,,
uk-sc1-fw01-sec,internal-vrf_access_in,extended,724,,permit,,,tcp,,,stingray-topend,,,,grp-wdc-prior-nodejs-srv,,,wdc-prior-nodejs-ports,,informational,300,active
uk-sc1-fw01-sec,internal-vrf_access_in,extended,725,CHG0100450-CHG68449,CHG68452,CHG74059,CHG83441, PCI-Q4-2017,PCI Q4 2018,PCI-Q2-2019,,,,,,,,,,,,,,,,,,
uk-sc1-fw01-sec,internal-vrf_access_in,extended,726,,permit,,,tcp,,,stingray-topend,,,,sbk-web-api-servers,,20170,,,informational,300,active
uk-sc1-fw01-sec,internal-vrf_access_in,extended,727,CHG0100450-CHG67034,CHG83441, PCI-Q4-2017,PCI Q4 2018,PCI-Q2-2019,,,,,,,,,,,,,,,,,,
uk-sc1-fw01-sec,internal-vrf_access_in,extended,728,,permit,,,tcp,,,stingray-topend,,,,wh-data_cache_nodejs-srvs,,8090,,,informational,300,active
uk-sc1-fw01-sec,internal-vrf_access_in,extended,729,CHG0100450-CHG34854,CHG65489,CHG66165,CHG67034,CHG83441,CHG0090468,PCI-Q2-2019,,,,,,,,,,,,,,,,,,
uk-sc1-fw01-sec,internal-vrf_access_in,extended,730,,permit,,,tcp,,,stingray-topend,,,,who-php-web,,,who-php-ports,,informational,300,active
uk-sc1-fw01-sec,internal-vrf_access_in,extended,731,CHG0100450-CHG56210,CHG56875,CHG67034,CHG83441, PCI-Q4-2017,PCI Q4 2018,PCI-Q2-2019,,,,,,,,,,,,,,,,,,
uk-sc1-fw01-sec,internal-vrf_access_in,extended,732,,permit,,,tcp,,,wily-onshore,,,,who-php-web,,www,,,informational,300,active
uk-sc1-fw01-sec,internal-vrf_access_in,extended,733,CHG0100450-CHG92433, PCI-Q4-2017, PCI Q4 2018,PCI-Q2-2019,,,,,,,,,,,,,,,,,,
uk-sc1-fw01-sec,internal-vrf_access_in,extended,734,,permit,,,tcp,,LCW-renji,,,,,grp-sports-banner-servers,,ssh,,,informational,300,active
uk-sc1-fw01-sec,internal-vrf_access_in,extended,735,CHG0100450-CHG0033496, PCI-Q4-2017, PCI Q4 2018,PCI-Q2-2019,,,,,,,,,,,,,,,,,,
uk-sc1-fw01-sec,internal-vrf_access_in,extended,736,,permit,,,tcp,,,Accumuli-VPN-access,,,sccnsc01,,,,mgmt-ports,,informational,300,active
uk-sc1-fw01-sec,internal-vrf_access_in,extended,737,CHG0100450-CHG0075172,CHG0079465, PCI-Q4-2017,PCI Q4 2018,PCI-Q2-2019,,,,,,,,,,,,,,,,,,
uk-sc1-fw01-sec,internal-vrf_access_in,extended,738,,permit,,,tcp,,,grp-pr-scc-retail-sr,,,,grp-pds-srvs,,,pds-retail-ports,,informational,300,active
uk-sc1-fw01-sec,internal-vrf_access_in,extended,739,CHG0100450-CHG60997,CHG60790,CHG87444,CHG87547,CHG87546,CHG87544, PCI-Q4-2017,PCI Q4 2018,,,,,,,,,,,,,,,,,,
uk-sc1-fw01-sec,internal-vrf_access_in,extended,740,PCI-Q2-2019,,,,,,,,,,,,,,,,,,
uk-sc1-fw01-sec,internal-vrf_access_in,extended,741,,permit,,,tcp,,,gib-regression-testers,,,,grp-diffusion-master-srvs,,,diffusion-master-ports,,informational,300,active
uk-sc1-fw01-sec,internal-vrf_access_in,extended,742,CHG0100450-CHG0020750,,,,,,,,,,,,,,,,,,
uk-sc1-fw01-sec,internal-vrf_access_in,extended,743,,permit,,,tcp,,brs-server-10.1.29.235,,,,SCC_INTERNAL_02,,,3306,,,informational,300,active
uk-sc1-fw01-sec,internal-vrf_access_in,extended,744,CHG0100450-CHG0030350,CHG41594,CHG80992,CHG90119,CHG96549,CHG96560,CHG0065454,CHG66366,CHG86377,,,,,,,,,,,,,,,,,,
uk-sc1-fw01-sec,internal-vrf_access_in,extended,745,CHG0100450-CHG20750,CHG34902,CHG52431,CHG59265,CHG61572,CHG73291,CHG73756,CHG89762,CHG89762,,,,,,,,,,,,,,,,,,
uk-sc1-fw01-sec,internal-vrf_access_in,extended,746,CHG30350,CHG40234,CHG42365,CHG55114,CHG56578,CHG59508,CHG61487,CHG64899,CHG80176,CHG82033,CHG85568,,,,,,,,,,,,,,,,,,
uk-sc1-fw01-sec,internal-vrf_access_in,extended,747,CHG86197,CHG88797,CHG88673,CHG91735,CHG95441,CHG21723,CHG22166,CHG30302,CHG30350,CHG33274,,,,,,,,,,,,,,,,,,
uk-sc1-fw01-sec,internal-vrf_access_in,extended,748,CHG24441,CHG37668,CHG52874,CHG24441,CHG37668,CHG52874,CHG58959,CHG84199,CHG0103594,,,,,,,,,,,,,,,,,,
uk-sc1-fw01-sec,internal-vrf_access_in,extended,749,,permit,,,tcp,,,DM_INLINE_NETWORK_299,,,sc1uxprnwb51,,,ssh,,,informational,300,active
uk-sc1-fw01-sec,internal-vrf_access_in,extended,750,CHG0116321, CHG0116953,PCI-Q2-2019,,,,,,,,,,,,,,,,,,
uk-sc1-fw01-sec,internal-vrf_access_in,extended,751,,permit,,DM_INLINE_SERVICE_34,,,,DM_INLINE_NETWORK_311,,,,DM_INLINE_NETWORK_310,,,,,notifications,300,active
uk-sc1-fw01-sec,internal-vrf_access_in,extended,752,CHG0100450,,,,,,,,,,,,,,,,,,
uk-sc1-fw01-sec,internal-vrf_access_in,extended,753,,permit,,,tcp,,,grp-f5-top,,,svr-pr-csc1wnprnwb002-top,,,,web-ports,,informational,300,active
uk-sc1-fw01-sec,internal-vrf_access_in,extended,754,CHG0100450-CHG14159,CHG14573,CHG30912, PCI-Q4-2017,PCI Q4 2018,PCI-Q2-2019,,,,,,,,,,,,,,,,,,
uk-sc1-fw01-sec,internal-vrf_access_in,extended,755,,permit,,,tcp,,,scc-update-svs,,,Net_10.120.67.0slash24,,,,web-ports,,informational,300,active
uk-sc1-fw01-sec,internal-vrf_access_in,extended,756,CHG0100450-CHG0063888,CHG0085651, PCI Q4 2018,PCI-Q2-2019,,,,,,,,,,,,,,,,,,
uk-sc1-fw01-sec,internal-vrf_access_in,extended,757,,permit,,,tcp,,,grp-pds-activemq-users,,,,grp-pds-activemq-cluster,,,pds-activemq-ports,,informational,300,active
uk-sc1-fw01-sec,internal-vrf_access_in,extended,758,*** internal_rules_above_this_line ***,,,,,,,,,,,,,,,,,,
uk-sc1-fw01-sec,internal-vrf_access_in,extended,759,*** external_rules_below_this_line ***,,,,,,,,,,,,,,,,,,
uk-sc1-fw01-sec,internal-vrf_access_in,extended,760,CHG0100450-filted on uk-sc1-fw01-02,,,,,,,,,,,,,,,,,,
uk-sc1-fw01-sec,internal-vrf_access_in,extended,761,CHG0100450-CHG0019941,CHG0020651,CHG0020750,CHG0025683, PCI-Q4-2017,PCI Q4 2018,,,,,,,,,,,,,,,,,,
uk-sc1-fw01-sec,internal-vrf_access_in,extended,762,PCI-Q2-2019,,,,,,,,,,,,,,,,,,
uk-sc1-fw01-sec,internal-vrf_access_in,extended,763,,permit,,,tcp,,,grp-tlv-mars-sftp-adobe,,10.120.67.120,,,,ssh,,,informational,300,active
uk-sc1-fw01-sec,internal-vrf_access_in,extended,764,,permit,,,tcp,,,,any,,,inbound-any-web-access,,,web-ports,,informational,300,active
uk-sc1-fw01-sec,internal-vrf_access_in,extended,765,CHG0100450-CHG0079046,,,,,,,,,,,,,,,,,,
uk-sc1-fw01-sec,internal-vrf_access_in,extended,766,,permit,,,tcp,,,Internet-All-Subnets,,,sc1uxprnwb040,,,ssh,,,informational,300,active
uk-sc1-fw01-sec,internal-vrf_access_in,extended,767,CHG0100450-CHG0030350,CHG0041594,CHG0080992,CHG0090119,CHG0096549,CHG0096560,,,,,,,,,,,,,,,,,,
uk-sc1-fw01-sec,internal-vrf_access_in,extended,768,,permit,,,tcp,,,Internet-All-Subnets,,,sc1uxprnwb51,,,ssh,,,informational,300,active
uk-sc1-fw01-sec,internal-vrf_access_in,extended,769,CHG0101101, CHG0101098, CHG0101168,CHG0118105,TASK0167173,,,,,,,,,,,,,,,,,,
uk-sc1-fw01-sec,internal-vrf_access_in,extended,770,,permit,,,tcp,,,DM_INLINE_NETWORK_74,,,sc1wnpreap001,,,,DM_INLINE_TCP_16,,informational,300,active
uk-sc1-fw01-sec,internal-vrf_access_in,extended,771,CHG0088659,,,,,,,,,,,,,,,,,,
uk-sc1-fw01-sec,internal-vrf_access_in,extended,772,,permit,,,tcp,,,rss-servers,,,sc1uxprnwb51,,,ssh,,,informational,300,active
uk-sc1-fw01-sec,internal-vrf_access_in,extended,773,CHG0117886,,,,,,,,,,,,,,,,,,
uk-sc1-fw01-sec,internal-vrf_access_in,extended,774,,permit,,,tcp,,,rss-servers-141-142,,,sc1uxprnwb040,,,ssh,,,informational,300,active
uk-sc1-fw01-sec,internal-vrf_access_in,extended,775,CHG0101674,,,,,,,,,,,,,,,,,,
uk-sc1-fw01-sec,internal-vrf_access_in,extended,776,,permit,,,tcp,,,,any,,sc1wnprecp001.group.williamhill.plc,,,https,,,informational,300,active
uk-sc1-fw01-sec,internal-vrf_access_in,extended,777,CHG0101674, CHG0108435,,,,,,,,,,,,,,,,,,
uk-sc1-fw01-sec,internal-vrf_access_in,extended,778,,permit,,,tcp,,,,any,,sc1wnprecp001.group.williamhill.plc,,,8531,,,informational,300,active
uk-sc1-fw01-sec,internal-vrf_access_in,extended,779,CHG0101287,,,,,,,,,,,,,,,,,,
uk-sc1-fw01-sec,internal-vrf_access_in,extended,780,,permit,,,tcp,,,bi-tableau-migration,,,whdppresent01,,,23000,,,informational,300,active
uk-sc1-fw01-sec,internal-vrf_access_in,extended,781,CHG0102580,,,,,,,,,,,,,,,,,,
uk-sc1-fw01-sec,internal-vrf_access_in,extended,782,,permit,,,tcp,,GIB-CX-adc-internal-api-tier,,,,whdppresent01,,,23000,,,informational,300,active
uk-sc1-fw01-sec,internal-vrf_access_in,extended,783,CHG0106764,,,,,,,,,,,,,,,,,,
uk-sc1-fw01-sec,internal-vrf_access_in,extended,784,,permit,,,tcp,,GIB-CX-adc-internal-api-tier,,,,whdpops01,,,22000,,,informational,300,active
uk-sc1-fw01-sec,internal-vrf_access_in,extended,785,CHG0106764,,,,,,,,,,,,,,,,,,
uk-sc1-fw01-sec,internal-vrf_access_in,extended,786,,permit,,,tcp,,GIB-CX-adc-internal-api-tier,,,,whdpservices01,,,29000,,,informational,300,active
uk-sc1-fw01-sec,internal-vrf_access_in,extended,787,CHG0102177, CHG0139968,,,,,,,,,,,,,,,,,,
uk-sc1-fw01-sec,internal-vrf_access_in,extended,788,CHG0102177,,,,,,,,,,,,,,,,,,
uk-sc1-fw01-sec,internal-vrf_access_in,extended,789,,permit,,,tcp,,,DM_INLINE_NETWORK_435,,,svc-int-lb-mars-backofficeadmin.sc1,,,,web-ports,,informational,300,active
uk-sc1-fw01-sec,internal-vrf_access_in,extended,790,CHG0103115, PCI-Q4-2017, PCI Q4 2018,PCI-Q2-2019,,,,,,,,,,,,,,,,,,
uk-sc1-fw01-sec,internal-vrf_access_in,extended,791,,permit,,,tcp,,,DM_INLINE_NETWORK_144,,,,DM_INLINE_NETWORK_145,,,DM_INLINE_TCP_39,,informational,300,active
uk-sc1-fw01-sec,internal-vrf_access_in,extended,792,PCI-Q4-2017, PCI Q4 2018,PCI-Q2-2019,,,,,,,,,,,,,,,,,,
uk-sc1-fw01-sec,internal-vrf_access_in,extended,793,,permit,,,tcp,,svr-brsuxstnmg03-top,,,,,DM_INLINE_NETWORK_153,,ssh,,,informational,300,active
uk-sc1-fw01-sec,internal-vrf_access_in,extended,794,CHG0102867, PCI-Q4-2017, PCI Q4 2018,,,,,,,,,,,,,,,,,,
uk-sc1-fw01-sec,internal-vrf_access_in,extended,795,,permit,,,tcp,,,mi-admin-users,,,,mi-srv-mgmt,,,tcp-http-rdp,,informational,300,active
uk-sc1-fw01-sec,internal-vrf_access_in,extended,796,CHG0103084, PCI-Q4-2017, PCI Q4 2018,PCI-Q2-2019,,,,,,,,,,,,,,,,,,
uk-sc1-fw01-sec,internal-vrf_access_in,extended,797,,permit,,,tcp,,brs-svr-GameTest,,,,,MI-Server-Group,,,mi-app-ports,,informational,300,active
uk-sc1-fw01-sec,internal-vrf_access_in,extended,798,CHG0104030, PCI-Q4-2017, PCI Q4 2018,PCI-Q2-2019,,,,,,,,,,,,,,,,,,
uk-sc1-fw01-sec,internal-vrf_access_in,extended,799,,permit,,,tcp,,GSH-Kumar-Shantakumar4,,,,sc1uxprgdb01,,,sqlnet,,,informational,300,active
uk-sc1-fw01-sec,internal-vrf_access_in,extended,800,CHG0105777, CHG0111280, PCI Q4 2018,PCI-Q2-2019,,,,,,,,,,,,,,,,,,
uk-sc1-fw01-sec,internal-vrf_access_in,extended,801,,permit,,,tcp,,,DM_INLINE_NETWORK_176,,,whdpops01,,,22000,,,informational,300,active
uk-sc1-fw01-sec,internal-vrf_access_in,extended,802,CHG0104273, INC0630271, CHG0116953,,,,,,,,,,,,,,,,,,
uk-sc1-fw01-sec,internal-vrf_access_in,extended,803,,permit,,,tcp,,,DM_INLINE_NETWORK_288,,,,DM_INLINE_NETWORK_137,,,DM_INLINE_TCP_44,,informational,300,active
uk-sc1-fw01-sec,internal-vrf_access_in,extended,804,CHG0106071, PCI-Q4-2017, PCI Q4 2018,PCI-Q2-2019,,,,,,,,,,,,,,,,,,
uk-sc1-fw01-sec,internal-vrf_access_in,extended,805,,permit,,,tcp,,brs-wendy,,,,int-lb-gameinternalproxy.gib.prod.williamhill.plc,,,,DM_INLINE_TCP_49,,,,active
uk-sc1-fw01-sec,internal-vrf_access_in,extended,806,CHG0108063,,,,,,,,,,,,,,,,,,
uk-sc1-fw01-sec,internal-vrf_access_in,extended,807,,permit,,DM_INLINE_SERVICE_30,,,GSH-JohnWoods,,,,,DM_INLINE_NETWORK_179,,,,,informational,300,active
uk-sc1-fw01-sec,internal-vrf_access_in,extended,808,CHG0108186, PCI-Q4-2017,PCI-Q2-2019,,,,,,,,,,,,,,,,,,
uk-sc1-fw01-sec,internal-vrf_access_in,extended,809,,permit,,,tcp,,brswndredb003,,,,SCC-PRODJDE,,,,DM_INLINE_TCP_76,,informational,300,active
uk-sc1-fw01-sec,internal-vrf_access_in,extended,810,CHG0108186,,,,,,,,,,,,,,,,,,
uk-sc1-fw01-sec,internal-vrf_access_in,extended,811,,permit,,,tcp,,brswndredb003,,,,sc1wnpredb003,,,,DM_INLINE_TCP_77,,informational,300,active
uk-sc1-fw01-sec,internal-vrf_access_in,extended,812,CHG0113035,PCI-Q2-2019,,,,,,,,,,,,,,,,,,
uk-sc1-fw01-sec,internal-vrf_access_in,extended,813,,permit,,,tcp,,gshwncpecp01,,,,sc1wnpredb003,,,5722,,,informational,300,active
uk-sc1-fw01-sec,internal-vrf_access_in,extended,814,CHG0108186,,,,,,,,,,,,,,,,,,
uk-sc1-fw01-sec,internal-vrf_access_in,extended,815,,permit,,,tcp,,,DM_INLINE_NETWORK_224,,,sc1wnpredb003,,,,DM_INLINE_TCP_78,,informational,300,active
uk-sc1-fw01-sec,internal-vrf_access_in,extended,816,CHG0109076, PCI-Q4-2017, PCI Q4 2018,PCI-Q2-2019,,,,,,,,,,,,,,,,,,
uk-sc1-fw01-sec,internal-vrf_access_in,extended,817,,permit,,,tcp,,,,10.120.65.64 255.255.255.224,,,DM_INLINE_NETWORK_218,,,DM_INLINE_TCP_81,,informational,300,active
uk-sc1-fw01-sec,internal-vrf_access_in,extended,818,CHG0109121, CHG0125956,PCI-Q2-2019,,,,,,,,,,,,,,,,,,
uk-sc1-fw01-sec,internal-vrf_access_in,extended,819,,permit,,,tcp,,STJ-WH0000893,,,,,DM_INLINE_NETWORK_217,,,DM_INLINE_TCP_83,,informational,300,active
uk-sc1-fw01-sec,internal-vrf_access_in,extended,820,CHG0109533,,,,,,,,,,,,,,,,,,
uk-sc1-fw01-sec,internal-vrf_access_in,extended,821,,permit,,,tcp,,,DM_INLINE_NETWORK_220,,,sc1wnpredb003,,,3389,,,informational,300,active
uk-sc1-fw01-sec,internal-vrf_access_in,extended,822,CHG0109636, PCI-Q4-2017, PCI Q4 2018,PCI-Q2-2019,,,,,,,,,,,,,,,,,,
uk-sc1-fw01-sec,internal-vrf_access_in,extended,823,,permit,,,tcp,,WHOL5000000,,,,presentation.prod.williamhill.plc,,,www,,,informational,300,active
uk-sc1-fw01-sec,internal-vrf_access_in,extended,824,CHG0115821,,,,,,,,,,,,,,,,,,
uk-sc1-fw01-sec,internal-vrf_access_in,extended,825,,permit,,,tcp,,,grp-dm-tfs-access,,,int-lb-dm-analytics-tig.sc1.prod.williamhill.plc,,,,TCP_8080_443,,informational,300,active
uk-sc1-fw01-sec,internal-vrf_access_in,extended,826,CHG0135588,,,,,,,,,,,,,,,,,,
uk-sc1-fw01-sec,internal-vrf_access_in,extended,827,,permit,,,tcp,,,grp-tfs-access,,,int-lb-dm-analytics-tig.sc1.prod.williamhill.plc,,,8080,,,informational,300,active
uk-sc1-fw01-sec,internal-vrf_access_in,extended,828,,permit,,,tcp,,cxp-10.208.81.0-24,,,,int-lb-dm-analytics-tig.sc1.prod.williamhill.plc,,,8080,,,informational,300,active
uk-sc1-fw01-sec,internal-vrf_access_in,extended,829,CHG0121823,,,,,,,,,,,,,,,,,,
uk-sc1-fw01-sec,internal-vrf_access_in,extended,830,,permit,,,tcp,,whc-10.121.67.0-24,,,,int-lb-dm-analytics-tig.sc1.prod.williamhill.plc,,,8080,,,informational,300,active
uk-sc1-fw01-sec,internal-vrf_access_in,extended,831,CHG0111571, PCI-Q4-2017, PCI Q4 2018,PCI-Q2-2019,,,,,,,,,,,,,,,,,,
uk-sc1-fw01-sec,internal-vrf_access_in,extended,832,,permit,,,tcp,,ext-pres-trading-aussiepricer-tig-01.sc1.prod.williamhill.plc,,,,,DM_INLINE_NETWORK_284,,8081,,,informational,300,active
uk-sc1-fw01-sec,internal-vrf_access_in,extended,833,CHG0111765, PCI Q4 2018,PCI-Q2-2019,,,,,,,,,,,,,,,,,,
uk-sc1-fw01-sec,internal-vrf_access_in,extended,834,,permit,,,tcp,,,grp-po-kra-mars-sftp-users,,10.120.67.51,,,,ssh,,,informational,300,active
uk-sc1-fw01-sec,internal-vrf_access_in,extended,835,CHG0111681, CHG0116395, PCI Q4 2018,PCI-Q2-2019,,,,,,,,,,,,,,,,,,
uk-sc1-fw01-sec,internal-vrf_access_in,extended,836,,permit,,,tcp,,,DM_INLINE_NETWORK_313,,10.120.74.31,,,,,web-ports,,informational,300,active
uk-sc1-fw01-sec,internal-vrf_access_in,extended,837,CHG0112107, CHG0114518, CHG0114578,,,,,,,,,,,,,,,,,,
uk-sc1-fw01-sec,internal-vrf_access_in,extended,838,,permit,,,tcp,,,DM_INLINE_NETWORK_302,,,trading-db.prod.williamhill.plc,,,1523,,,notifications,300,active
uk-sc1-fw01-sec,internal-vrf_access_in,extended,839,CHG0111088, PCI Q4 2018,,,,,,,,,,,,,,,,,,
uk-sc1-fw01-sec,internal-vrf_access_in,extended,840,,permit,,,tcp,,,DM_INLINE_NETWORK_287,,,,,10.120.100.0 255.255.255.0,,DM_INLINE_TCP_112,,informational,300,active
uk-sc1-fw01-sec,internal-vrf_access_in,extended,841,CHG0112325, CHG0112691,,,,,,,,,,,,,,,,,,
uk-sc1-fw01-sec,internal-vrf_access_in,extended,842,,permit,,,tcp,,,DM_INLINE_NETWORK_290,,,trading-db.prod.williamhill.plc,,,1523,,,informational,300,active
uk-sc1-fw01-sec,internal-vrf_access_in,extended,843,CHG0112306, PCI Q4 2018,PCI-Q2-2019,,,,,,,,,,,,,,,,,,
uk-sc1-fw01-sec,internal-vrf_access_in,extended,844,,permit,,,tcp,,,po-kra-mars-devs,,10.120.74.32,,,,,web-ports,,informational,300,active
uk-sc1-fw01-sec,internal-vrf_access_in,extended,845,CHG0112300,,,,,,,,,,,,,,,,,,
uk-sc1-fw01-sec,internal-vrf_access_in,extended,846,,permit,,,tcp,,,grp-dba-ad-users,,,trading-db.prod.williamhill.plc,,,,DM_INLINE_TCP_113,,informational,300,active
uk-sc1-fw01-sec,internal-vrf_access_in,extended,847,CHG0113578, PCI Q4 2018,PCI-Q2-2019,,,,,,,,,,,,,,,,,,
uk-sc1-fw01-sec,internal-vrf_access_in,extended,848,,permit,,,tcp,,brswn246.prod.williamhill.plc,,,,trading-db.prod.williamhill.plc,,,,DM_INLINE_TCP_141,,informational,300,active
uk-sc1-fw01-sec,internal-vrf_access_in,extended,849,CHG0112907, PCI-Q4-2017, PCI Q4 2018,PCI-Q2-2019,,,,,,,,,,,,,,,,,,
uk-sc1-fw01-sec,internal-vrf_access_in,extended,850,,permit,,,tcp,,,DM_INLINE_NETWORK_294,,,,DM_INLINE_NETWORK_293,,,,10020 10045,informational,300,active
uk-sc1-fw01-sec,internal-vrf_access_in,extended,851,CHG0112942, PCI Q4 2018,PCI-Q2-2019,,,,,,,,,,,,,,,,,,
uk-sc1-fw01-sec,internal-vrf_access_in,extended,852,,permit,,,tcp,,,grp-po-kra-mars-dev-users,,,,grp-po-kra-crm-cal-servers,,,web-ports,,informational,300,active
uk-sc1-fw01-sec,internal-vrf_access_in,extended,853,CHG0112912,CHG0116869,,,,,,,,,,,,,,,,,,
uk-sc1-fw01-sec,internal-vrf_access_in,extended,854,,permit,,,tcp,,,GRP-EUC-TEAM,,,,DM_INLINE_NETWORK_316,,3389,,,informational,300,active
uk-sc1-fw01-sec,internal-vrf_access_in,extended,855,CHG0113634, CHG0114433,,,,,,,,,,,,,,,,,,
uk-sc1-fw01-sec,internal-vrf_access_in,extended,856,,permit,,,tcp,,10.121.77.0s24,,,,whdppresent01,,,23000,,,informational,300,active
uk-sc1-fw01-sec,internal-vrf_access_in,extended,857,CHG0113634, CHG0114433,,,,,,,,,,,,,,,,,,
uk-sc1-fw01-sec,internal-vrf_access_in,extended,858,,permit,,,tcp,,10.121.77.0s24,,,,whdpservices01,,,29000,,,informational,300,active
uk-sc1-fw01-sec,internal-vrf_access_in,extended,859,CHG0128957,,,,,,,,,,,,,,,,,,
uk-sc1-fw01-sec,internal-vrf_access_in,extended,860,,permit,,,tcp,,10.121.77.0s24,,,,sc1uxprnwb040,,,ssh,,,informational,300,active
uk-sc1-fw01-sec,internal-vrf_access_in,extended,861,CHG0126334,,,,,,,,,,,,,,,,,,
uk-sc1-fw01-sec,internal-vrf_access_in,extended,862,,permit,,,tcp,,10.119.77.0s24,,,,whdpservices01,,,29000,,,informational,300,active
uk-sc1-fw01-sec,internal-vrf_access_in,extended,863,CHG0126334,PCI-Q2-2019,,,,,,,,,,,,,,,,,,
uk-sc1-fw01-sec,internal-vrf_access_in,extended,864,,permit,,,tcp,,10.119.77.0s24,,,,whdppresent01,,,23000,,,informational,300,active
uk-sc1-fw01-sec,internal-vrf_access_in,extended,865,CHG0114382, CHG0118223, PCI Q4 2018,PCI-Q2-2019,,,,,,,,,,,,,,,,,,
uk-sc1-fw01-sec,internal-vrf_access_in,extended,866,,permit,,,tcp,,dev-ics-agent,,,,jde.dev.williamhill.plc,,,,DM_INLINE_TCP_146,,informational,300,active
uk-sc1-fw01-sec,internal-vrf_access_in,extended,867,CHG0114731, CHG0115399,PCI-Q2-2019,,,,,,,,,,,,,,,,,,
uk-sc1-fw01-sec,internal-vrf_access_in,extended,868,,permit,,,tcp,,,all-data-mgt-users,,,sc1uxprnap004,,,,DM-Dashboard-tcp,,informational,300,active
uk-sc1-fw01-sec,internal-vrf_access_in,extended,869,CHG0115537, PCI-Q4-2017,PCI-Q2-2019,,,,,,,,,,,,,,,,,,
uk-sc1-fw01-sec,internal-vrf_access_in,extended,870,,permit,,,ip,,BFA-company-secretariat,,,,PROD1,,,,,,,,active
uk-sc1-fw01-sec,internal-vrf_access_in,extended,871,CHG0115537,,,,,,,,,,,,,,,,,,
uk-sc1-fw01-sec,internal-vrf_access_in,extended,872,,permit,,,ip,,BFA-HR,,,,PROD1,,,,,,,,active
uk-sc1-fw01-sec,internal-vrf_access_in,extended,873,CHG0115537, PCI-Q4-2017, PCI Q4 2018,PCI-Q2-2019,,,,,,,,,,,,,,,,,,
uk-sc1-fw01-sec,internal-vrf_access_in,extended,874,,permit,,,ip,,BFA-business-intel,,,,sc1wnprnwb86,,,,,,,,active
uk-sc1-fw01-sec,internal-vrf_access_in,extended,875,CHG0115537, PCI Q4 2018,PCI-Q2-2019,,,,,,,,,,,,,,,,,,
uk-sc1-fw01-sec,internal-vrf_access_in,extended,876,,permit,,,ip,,BFA-business-intel,,,,ssrs-reporting-services,,,,,,,,active
uk-sc1-fw01-sec,internal-vrf_access_in,extended,877,CHG0116073,PCI-Q2-2019,,,,,,,,,,,,,,,,,,
uk-sc1-fw01-sec,internal-vrf_access_in,extended,878,,permit,,,tcp,,bfa-seiji-honda,,,,dashboards.prod.williamhill.plc,,,https,,,informational,300,active
uk-sc1-fw01-sec,internal-vrf_access_in,extended,879,CHG0115537, TASK0169737,PCI-Q2-2019,,,,,,,,,,,,,,,,,,
uk-sc1-fw01-sec,internal-vrf_access_in,extended,880,,permit,,,tcp,,,DM_INLINE_NETWORK_331,,,dashboards.prod.williamhill.plc,,,,DM_INLINE_TCP_13,,informational,300,active
uk-sc1-fw01-sec,internal-vrf_access_in,extended,881,CHG0116081, PCI-Q4-2017, PCI Q4 2018,PCI-Q2-2019,,,,,,,,,,,,,,,,,,
uk-sc1-fw01-sec,internal-vrf_access_in,extended,882,,permit,,,tcp,,LCW-renji,,,,scc-int-lb-n-stingray02,,,,TCP-9090,,informational,300,active
uk-sc1-fw01-sec,internal-vrf_access_in,extended,883,CHG0116300,,,,,,,,,,,,,,,,,,
uk-sc1-fw01-sec,internal-vrf_access_in,extended,884,,permit,,,tcp,,,sc1apprein04-09,,,,DM_INLINE_NETWORK_309,,,DM_INLINE_TCP_144,,informational,300,active
uk-sc1-fw01-sec,internal-vrf_access_in,extended,885,CHG0116721 CHG0116988,,,,,,,,,,,,,,,,,,
uk-sc1-fw01-sec,internal-vrf_access_in,extended,886,,permit,,,tcp,,,grp-po-kr-mars-DB-users,,,,DM_INLINE_NETWORK_317,,3306,,,informational,300,active
uk-sc1-fw01-sec,internal-vrf_access_in,extended,887,CHG0116383, PCI Q4 2018,PCI-Q2-2019,,,,,,,,,,,,,,,,,,
uk-sc1-fw01-sec,internal-vrf_access_in,extended,888,,permit,,,tcp,,,grp-scc-ext-pres-vtms,,,,grp-trs-feed-servers,,8081,,,informational,300,active
uk-sc1-fw01-sec,internal-vrf_access_in,extended,889,PCI Q4 2018,,,,,,,,,,,,,,,,,,
uk-sc1-fw01-sec,internal-vrf_access_in,extended,890,,permit,,,tcp,10.120.163.13,,,,,,DM_INLINE_NETWORK_326,,3306,,,informational,300,active
uk-sc1-fw01-sec,internal-vrf_access_in,extended,891,CHG0120563,,,,,,,,,,,,,,,,,,
uk-sc1-fw01-sec,internal-vrf_access_in,extended,892,,permit,,,tcp,,St_Johns_Finance_Team,,,,SC1WNPRNAP001,,,3389,,,informational,300,active
uk-sc1-fw01-sec,internal-vrf_access_in,extended,893,,permit,,,tcp,,St_Johns_Finance_Team,,,,sc1wnprnwb001,,,3389,,,informational,300,active
uk-sc1-fw01-sec,internal-vrf_access_in,extended,894,,permit,,DM_INLINE_SERVICE_3,,,St_Johns_Finance_Team,,,,sc1wnprnwb001,,,,,,,,active
uk-sc1-fw01-sec,internal-vrf_access_in,extended,895,PCI Q4 2018,PCI-Q2-2019,,,,,,,,,,,,,,,,,,
uk-sc1-fw01-sec,internal-vrf_access_in,extended,896,,permit,,,tcp,,St_Johns_Finance_Team,,,,sc1uxprnap019,,,ftp-data,,,informational,300,active
uk-sc1-fw01-sec,internal-vrf_access_in,extended,897,,permit,,,tcp,,St_Johns_Finance_Team,,,,sc1uxprnap019,,,,ftp-ports,,informational,300,active
uk-sc1-fw01-sec,internal-vrf_access_in,extended,898,CHG0134721,,,,,,,,,,,,,,,,,,
uk-sc1-fw01-sec,internal-vrf_access_in,extended,899,,permit,,,tcp,,St_Johns_Finance_Team,,,,,DM_INLINE_NETWORK_106,,,web-ports,,informational,300,active
uk-sc1-fw01-sec,internal-vrf_access_in,extended,900,CHG0120634,,,,,,,,,,,,,,,,,,
uk-sc1-fw01-sec,internal-vrf_access_in,extended,901,,permit,,,tcp,,St_Johns_Finance_Team,,,,sc1uxprnap41,,,,Windows_File_services,,informational,300,active
uk-sc1-fw01-sec,internal-vrf_access_in,extended,902,PCI Q4 2018,PCI-Q2-2019,,,,,,,,,,,,,,,,,,
uk-sc1-fw01-sec,internal-vrf_access_in,extended,903,,permit,,,udp,,St_Johns_Finance_Team,,,,sc1uxprnap41,,,,Windows_File_services,,informational,300,active
uk-sc1-fw01-sec,internal-vrf_access_in,extended,904,,permit,,,tcp,,St_Johns_Finance_Team,,,,SC1WNPRNAP001,,,,Windows_File_services,,informational,300,active
uk-sc1-fw01-sec,internal-vrf_access_in,extended,905,PCI Q4 2018,PCI-Q2-2019,,,,,,,,,,,,,,,,,,
uk-sc1-fw01-sec,internal-vrf_access_in,extended,906,,permit,,,udp,,St_Johns_Finance_Team,,,,SC1WNPRNAP001,,,,Windows_File_services,,informational,300,active
uk-sc1-fw01-sec,internal-vrf_access_in,extended,907,CHG0120736, CHG0123895,,,,,,,,,,,,,,,,,,
uk-sc1-fw01-sec,internal-vrf_access_in,extended,908,,permit,,,tcp,,,DM_INLINE_NETWORK_333,,10.120.101.12,,,,3389,,,informational,300,active
uk-sc1-fw01-sec,internal-vrf_access_in,extended,909,CHG0120819,PCI-Q2-2019,,,,,,,,,,,,,,,,,,
uk-sc1-fw01-sec,internal-vrf_access_in,extended,910,,permit,,DM_INLINE_SERVICE_319,,,,DM_INLINE_NETWORK_318,,,SCC-PRODJDE,,,,,,informational,300,active
uk-sc1-fw01-sec,internal-vrf_access_in,extended,911,CHG0120753, PCI Q4 2018,PCI-Q2-2019,,,,,,,,,,,,,,,,,,
uk-sc1-fw01-sec,internal-vrf_access_in,extended,912,,permit,,,tcp,,sc1uxprnft001-mgmt,,,,,DM_INLINE_NETWORK_320,,ssh,,,informational,300,active
uk-sc1-fw01-sec,internal-vrf_access_in,extended,913,CHG0120838, PCI Q4 2018,PCI-Q2-2019,,,,,,,,,,,,,,,,,,
uk-sc1-fw01-sec,internal-vrf_access_in,extended,914,,permit,,,tcp,,,gib-whapi-mgmt-svrs,,,,DM_INLINE_NETWORK_328,,,DM_INLINE_TCP_149,,informational,300,active
uk-sc1-fw01-sec,internal-vrf_access_in,extended,915,CHG0121510,,,,,,,,,,,,,,,,,,
uk-sc1-fw01-sec,internal-vrf_access_in,extended,916,,permit,,,tcp,,,grp-cx-ppx-ncde-app1-lan,,,int-lb-dm-analytics-tig.sc1.prod.williamhill.plc,,,8080,,,informational,300,active
uk-sc1-fw01-sec,internal-vrf_access_in,extended,917,CHG0121675,PCI-Q2-2019,,,,,,,,,,,,,,,,,,
uk-sc1-fw01-sec,internal-vrf_access_in,extended,918,,permit,,,tcp,,Net_10.210.39.0m24,,,,DEV2,,,,Windows_File_services,,informational,300,active
uk-sc1-fw01-sec,internal-vrf_access_in,extended,919,CHG0121675,PCI-Q2-2019,,,,,,,,,,,,,,,,,,
uk-sc1-fw01-sec,internal-vrf_access_in,extended,920,,permit,,,tcp,,Net_10.210.39.0m24,,,,DEV2,,,8474,,,informational,300,active
uk-sc1-fw01-sec,internal-vrf_access_in,extended,921,CHG0121681 CHG0121818,,,,,,,,,,,,,,,,,,
uk-sc1-fw01-sec,internal-vrf_access_in,extended,922,,permit,,,tcp,,,DM_INLINE_NETWORK_330,,10.120.72.20,,,,,DM_INLINE_TCP_331,,informational,300,active
uk-sc1-fw01-sec,internal-vrf_access_in,extended,923,CHG0122538,PCI-Q2-2019,,,,,,,,,,,,,,,,,,
uk-sc1-fw01-sec,internal-vrf_access_in,extended,924,,permit,,,tcp,,,Data-mgt-DBA,,,sc1wnprnap013,,,,er-studio,,informational,300,active
uk-sc1-fw01-sec,internal-vrf_access_in,extended,925,CHG0123265,,,,,,,,,,,,,,,,,,
uk-sc1-fw01-sec,internal-vrf_access_in,extended,926,,permit,,,tcp,,WHO-Jamesgornall2,,,,sc1wnprnap013,,,,er-studio,,informational,300,active
uk-sc1-fw01-sec,internal-vrf_access_in,extended,927,CHG0134310,,,,,,,,,,,,,,,,,,
uk-sc1-fw01-sec,internal-vrf_access_in,extended,928,,permit,,,tcp,,,er-studio-access,,,sc1wnprnap013,,,,er-studio-access-tcp,,informational,300,active
uk-sc1-fw01-sec,internal-vrf_access_in,extended,929,TASK0173855,CHG0134721,,,,,,,,,,,,,,,,,,
uk-sc1-fw01-sec,internal-vrf_access_in,extended,930,,permit,,,tcp,,,DM_INLINE_NETWORK_339,,,,DM_INLINE_NETWORK_108,,https,,,informational,300,active
uk-sc1-fw01-sec,internal-vrf_access_in,extended,931,CHG0122856,CHG0123349,PCI-Q2-2019,,,,,,,,,,,,,,,,,,
uk-sc1-fw01-sec,internal-vrf_access_in,extended,932,,permit,,,tcp,,brswndrexa040.prod.williamhill.plc,,,,DEV2,,,,Infinium_DEV_Ports,,informational,300,active
uk-sc1-fw01-sec,internal-vrf_access_in,extended,933,,permit,,,tcp,,sc1wnprexa040.prod.williamhill.plc,,,,DEV2,,,,Infinium_DEV_Ports,,informational,300,active
uk-sc1-fw01-sec,internal-vrf_access_in,extended,934,CHG0123597,,,,,,,,,,,,,,,,,,
uk-sc1-fw01-sec,internal-vrf_access_in,extended,935,,permit,,TCPUDP,,,bg-sof-lan-users,,,,sc1wnprokt01,,,3389,,,informational,300,active
uk-sc1-fw01-sec,internal-vrf_access_in,extended,936,CHG0124179,,,,,,,,,,,,,,,,,,
uk-sc1-fw01-sec,internal-vrf_access_in,extended,937,,permit,,,tcp,,Net_10.120.39.0m24,,,,DEV2,,,,Windows_File_services,,informational,300,active
uk-sc1-fw01-sec,internal-vrf_access_in,extended,938,PCI Q4 2018,PCI-Q2-2019,,,,,,,,,,,,,,,,,,
uk-sc1-fw01-sec,internal-vrf_access_in,extended,939,,permit,,,tcp,,Net_10.120.39.0m24,,,,DEV2,,,8474,,,informational,300,active
uk-sc1-fw01-sec,internal-vrf_access_in,extended,940,CHG0124796, PCI Q4 2018,PCI-Q2-2019,,,,,,,,,,,,,,,,,,
uk-sc1-fw01-sec,internal-vrf_access_in,extended,941,,permit,,,tcp,,brsuxoemapp01,,,,,grp-trading-oracle,,,TCP-4903,,informational,300,active
uk-sc1-fw01-sec,internal-vrf_access_in,extended,942,CHG0124975, PCI Q4 2018,PCI-Q2-2019,,,,,,,,,,,,,,,,,,
uk-sc1-fw01-sec,internal-vrf_access_in,extended,943,,permit,,,tcp,,,Citrix-Netscaler-Access,,,,DM_INLINE_NETWORK_340,,,DM_INLINE_TCP_152,,informational,300,active
uk-sc1-fw01-sec,internal-vrf_access_in,extended,944,CHG0124975, PCI Q4 2018,,,,,,,,,,,,,,,,,,
uk-sc1-fw01-sec,internal-vrf_access_in,extended,945,CHG0124975, PCI Q4 2018,,,,,,,,,,,,,,,,,,
uk-sc1-fw01-sec,internal-vrf_access_in,extended,946,,permit,,,tcp,,,DM_INLINE_NETWORK_341,,10.120.69.201,,,,https,,,informational,300,active
uk-sc1-fw01-sec,internal-vrf_access_in,extended,947,,permit,,,tcp,,,DM_INLINE_NETWORK_355,,,sc1uxprsap01.sc1.prod.williamhill.plc,,,3299,,,informational,300,active
uk-sc1-fw01-sec,internal-vrf_access_in,extended,948,CHG0124930,PCI-Q2-2019,,,,,,,,,,,,,,,,,,
uk-sc1-fw01-sec,internal-vrf_access_in,extended,949,,permit,,,tcp,,sap-se-nat,,,,sc1uxprsap01.sc1.prod.williamhill.plc,,,3299,,,informational,300,active
uk-sc1-fw01-sec,internal-vrf_access_in,extended,950,CHG0125495,,,,,,,,,,,,,,,,,,
uk-sc1-fw01-sec,internal-vrf_access_in,extended,951,,permit,,,tcp,,svr-pr-sc1uxrdk,,,,sc1uxprsap01.sc1.prod.williamhill.plc,,,ssh,,,informational,300,active
uk-sc1-fw01-sec,internal-vrf_access_in,extended,952,CHG0125712,CHG0136018,,,,,,,,,,,,,,,,,,
uk-sc1-fw01-sec,internal-vrf_access_in,extended,953,,permit,,,tcp,,,DM_INLINE_NETWORK_405,,,SC1WNPRNAP002,,,,DM_INLINE_TCP_155,,informational,300,active
uk-sc1-fw01-sec,internal-vrf_access_in,extended,954,CHG0125749,,,,,,,,,,,,,,,,,,
uk-sc1-fw01-sec,internal-vrf_access_in,extended,955,,permit,,,tcp,,ld6-ncde_db-general-db,,,,,DM_INLINE_NETWORK_344,,1523,,,informational,300,active
uk-sc1-fw01-sec,internal-vrf_access_in,extended,956,CHG0125763,,,,,,,,,,,,,,,,,,
uk-sc1-fw01-sec,internal-vrf_access_in,extended,957,,permit,,DM_INLINE_SERVICE_349,,,,DM_INLINE_NETWORK_348,,,SC1WNPRNAP001,,,,,,informational,300,active
uk-sc1-fw01-sec,internal-vrf_access_in,extended,958,CHG0125857, PCI Q4 2018,PCI-Q2-2019,,,,,,,,,,,,,,,,,,
uk-sc1-fw01-sec,internal-vrf_access_in,extended,959,,permit,,,tcp,,brswnprncp005,,,,sc1wnpredb003,,,12199,,,informational,300,active
uk-sc1-fw01-sec,internal-vrf_access_in,extended,960,CHG0125763,,,,,,,,,,,,,,,,,,
uk-sc1-fw01-sec,internal-vrf_access_in,extended,961,,permit,,,tcp,,,DM_INLINE_NETWORK_350,,,sc1wnprnwb001,,,,scc-ctx,,informational,300,active
uk-sc1-fw01-sec,internal-vrf_access_in,extended,962,CHG0125763,PCI-Q2-2019,CHG0134721,,,,,,,,,,,,,,,,,,
uk-sc1-fw01-sec,internal-vrf_access_in,extended,963,,permit,,,tcp,,,DM_INLINE_NETWORK_351,,,,DM_INLINE_NETWORK_114,,https,,,informational,300,active
uk-sc1-fw01-sec,internal-vrf_access_in,extended,964,CHG0125763, PCI Q4 2018,PCI-Q2-2019,,,,,,,,,,,,,,,,,,
uk-sc1-fw01-sec,internal-vrf_access_in,extended,965,,permit,,,tcp,,,DM_INLINE_NETWORK_352,,,,DM_INLINE_NETWORK_353,,,DM_INLINE_TCP_353,,informational,300,active
uk-sc1-fw01-sec,internal-vrf_access_in,extended,966,RITM0099554, RITM0100881, RITM0117711, RITM0117713,TASK0234173,TASK0240025,,,,,,,,,,,,,,,,,,
uk-sc1-fw01-sec,internal-vrf_access_in,extended,967,,permit,,,tcp,,,DM_INLINE_NETWORK_362,,,,DPE-Monitoring,,,DPE-mon-tcp-srv,,informational,300,active
uk-sc1-fw01-sec,internal-vrf_access_in,extended,968,CHG0126112, PCI Q4 2018,PCI-Q2-2019,,,,,,,,,,,,,,,,,,
uk-sc1-fw01-sec,internal-vrf_access_in,extended,969,,permit,,,tcp,10.123.13.57,,,,10.120.99.70,,,,10301,,,informational,300,active
uk-sc1-fw01-sec,internal-vrf_access_in,extended,970,BCP Rule - Do Not Remove, CHG0126171,,,,,,,,,,,,,,,,,,
uk-sc1-fw01-sec,internal-vrf_access_in,extended,971,,permit,,,tcp,,wakefield-bcp-site,,,,sc1wnpreap001,,,,DM_INLINE_TCP_156,,informational,300,active
uk-sc1-fw01-sec,internal-vrf_access_in,extended,972,BCP Rule - Do Not Remove,,,,,,,,,,,,,,,,,,
uk-sc1-fw01-sec,internal-vrf_access_in,extended,973,,permit,,,tcp,,wakefield-bcp-site,,,,PROD1,,,telnet,,,informational,300,active
uk-sc1-fw01-sec,internal-vrf_access_in,extended,974,BCP Rule - Do Not Remove,CHG0134721,,,,,,,,,,,,,,,,,,
uk-sc1-fw01-sec,internal-vrf_access_in,extended,975,,permit,,,tcp,,wakefield-bcp-site,,,,,DM_INLINE_NETWORK_120,,,web-ports,,informational,300,active
uk-sc1-fw01-sec,internal-vrf_access_in,extended,976,BCP Rule - Do Not Remove, CHG0128961,,,,,,,,,,,,,,,,,,
uk-sc1-fw01-sec,internal-vrf_access_in,extended,977,,permit,9645,,,,wakefield-bcp-site,,,,WAS1,,,,,,informational,300,active
uk-sc1-fw01-sec,internal-vrf_access_in,extended,978,CHG0126550,,,,,,,,,,,,,,,,,,
uk-sc1-fw01-sec,internal-vrf_access_in,extended,979,,permit,,,tcp,,,,10.120.39.0 255.255.255.0,,sc1wnprens01-BOVIP,,,,TCP-81,,informational,300,active
uk-sc1-fw01-sec,internal-vrf_access_in,extended,980,CHG0127348, CHG0129375,PCI-Q2-2019,,,,,,,,,,,,,,,,,,
uk-sc1-fw01-sec,internal-vrf_access_in,extended,981,,permit,,,tcp,,brsuxprnft001,,,,,DM_INLINE_NETWORK_369,,ssh,,,informational,300,active
uk-sc1-fw01-sec,internal-vrf_access_in,extended,982,CHG0127391, PCI Q4 2018,PCI-Q2-2019,,,,,,,,,,,,,,,,,,
uk-sc1-fw01-sec,internal-vrf_access_in,extended,983,,permit,,,tcp,,,EUC-TEAM.,,,sc1uxpreap99,,,ssh,,,informational,300,active
uk-sc1-fw01-sec,internal-vrf_access_in,extended,984,CHG0127391, PCI Q4 2018,PCI-Q2-2019,,,,,,,,,,,,,,,,,,
uk-sc1-fw01-sec,internal-vrf_access_in,extended,985,,permit,,,tcp,,,EUC-TEAM.,,,sc1wnpreiam99,,,3389,,,informational,300,active
uk-sc1-fw01-sec,internal-vrf_access_in,extended,986,CHG0127391, PCI Q4 2018,PCI-Q2-2019,,,,,,,,,,,,,,,,,,
uk-sc1-fw01-sec,internal-vrf_access_in,extended,987,,permit,,,tcp,,,EUC-TEAM.,,,sc1wnprefed99,,,,DM_INLINE_TCP_159,,informational,300,active
uk-sc1-fw01-sec,internal-vrf_access_in,extended,988,CHG0127391, PCI Q4 2018,PCI-Q2-2019,,,,,,,,,,,,,,,,,,
uk-sc1-fw01-sec,internal-vrf_access_in,extended,989,,permit,,,tcp,,,diary-app-pp1,,,sc1wnprefed99,,,9031,,,informational,300,active
uk-sc1-fw01-sec,internal-vrf_access_in,extended,990,CHG0127391, PCI Q4 2018,PCI-Q2-2019,,,,,,,,,,,,,,,,,,
uk-sc1-fw01-sec,internal-vrf_access_in,extended,991,,permit,,,tcp,,emailhost20,,,,sc1wnprefed99,,,9031,,,informational,300,active
uk-sc1-fw01-sec,internal-vrf_access_in,extended,992,CHG0127391, CHG0127694,PCI-Q2-2019,,,,,,,,,,,,,,,,,,
uk-sc1-fw01-sec,internal-vrf_access_in,extended,993,,permit,,,tcp,,,DM_INLINE_NETWORK_422,,,sc1wnprefed99,,,,DM_INLINE_TCP_160,,informational,300,active
uk-sc1-fw01-sec,internal-vrf_access_in,extended,994,CHG0129603,,,,,,,,,,,,,,,,,,
uk-sc1-fw01-sec,internal-vrf_access_in,extended,995,,permit,,,tcp,,,SCC_Bomgar_Jumphosts,,,,Qlikview,,3389,,,informational,300,active
uk-sc1-fw01-sec,internal-vrf_access_in,extended,996,CHG0127391, CHG0127694,,,,,,,,,,,,,,,,,,
uk-sc1-fw01-sec,internal-vrf_access_in,extended,997,,permit,,,tcp,,,,any4,,sc1wnprefed99,,,,DM_INLINE_TCP_161,,informational,300,active
uk-sc1-fw01-sec,internal-vrf_access_in,extended,998,CHG0129521,PCI-Q2-2019,,,,,,,,,,,,,,,,,,
uk-sc1-fw01-sec,internal-vrf_access_in,extended,999,,permit,,,tcp,,,,192.168.2.0 255.255.254.0,10.120.99.10,,,,445,,,informational,300,active
uk-sc1-fw01-sec,internal-vrf_access_in,extended,1000,RITM0107417,,,,,,,,,,,,,,,,,,
uk-sc1-fw01-sec,internal-vrf_access_in,extended,1001,,permit,,,tcp,,GSH-DavidRobertson,,,,,DM_INLINE_NETWORK_200,,6016,,,informational,300,active
uk-sc1-fw01-sec,internal-vrf_access_in,extended,1002,CHG0128407,,,,,,,,,,,,,,,,,,
uk-sc1-fw01-sec,internal-vrf_access_in,extended,1003,,permit,,,tcp,,,MIMIX_LD6,,,,MIMIX_SCC,,,AS400_MIMIX_Ports,,informational,300,active
uk-sc1-fw01-sec,internal-vrf_access_in,extended,1004,,permit,,,tcp,,,AS400_LD6,,,,AS400_SCC,,,AS400_MIMIX_Ports,,informational,300,active
uk-sc1-fw01-sec,internal-vrf_access_in,extended,1005,PCI-Q2-2019,,,,,,,,,,,,,,,,,,
uk-sc1-fw01-sec,internal-vrf_access_in,extended,1006,,permit,,,tcp,,10.118.214.152-154,,,,10.120.64.152-154,,,3777,,,informational,300,active
uk-sc1-fw01-sec,internal-vrf_access_in,extended,1007,PCI-Q2-2019,,,,,,,,,,,,,,,,,,
uk-sc1-fw01-sec,internal-vrf_access_in,extended,1008,,permit,,,tcp,,dr-prodjde-range-ld6,,,,pr-prodjde-range,,,3777,,,informational,300,active
uk-sc1-fw01-sec,internal-vrf_access_in,extended,1009,CHG0130013,,,,,,,,,,,,,,,,,,
uk-sc1-fw01-sec,internal-vrf_access_in,extended,1010,,permit,,,tcp,,ld6ux341,,,,sc1uxprnap41,,,ssh,,,informational,300,active
uk-sc1-fw01-sec,internal-vrf_access_in,extended,1011,DR Rule - CHG0130031, PCI-Q2-2019,,,,,,,,,,,,,,,,,,
uk-sc1-fw01-sec,internal-vrf_access_in,extended,1012,,permit,,,tcp,,DRPROD1,,,,SC1WNPRGDB13,,,ftp,,,informational,300,active
uk-sc1-fw01-sec,internal-vrf_access_in,extended,1013,CHG0130336,PCI-Q2-2019,,,,,,,,,,,,,,,,,,
uk-sc1-fw01-sec,internal-vrf_access_in,extended,1014,,permit,,TCPUDP,,,,,192.168.2.0 255.255.254.0,,sc1wnpreda01,,,3389,,,informational,300,active
uk-sc1-fw01-sec,internal-vrf_access_in,extended,1015,CHG0130336,,,,,,,,,,,,,,,,,,
uk-sc1-fw01-sec,internal-vrf_access_in,extended,1016,,permit,,,tcp,,ld6wnpreda01,,,,sc1wnpreda01,,,,DM_INLINE_TCP_167,,informational,300,active
uk-sc1-fw01-sec,internal-vrf_access_in,extended,1017,CHG0130336,,,,,,,,,,,,,,,,,,
uk-sc1-fw01-sec,internal-vrf_access_in,extended,1018,,permit,,TCPUDP,,,,DM_INLINE_NETWORK_378,,,sc1wnpreda01,,,3389,,,informational,300,active
uk-sc1-fw01-sec,internal-vrf_access_in,extended,1019,CHG0130230,,,,,,,,,,,,,,,,,,
uk-sc1-fw01-sec,internal-vrf_access_in,extended,1020,,permit,,,tcp,,10.121.73.0s24,,,,sc1uxprrdb04,,,3306,,,informational,300,active
uk-sc1-fw01-sec,internal-vrf_access_in,extended,1021,CHG0130336,,,,,,,,,,,,,,,,,,
uk-sc1-fw01-sec,internal-vrf_access_in,extended,1022,,permit,,,tcp,,,Internet-All-Subnets,,,sc1wnpreda01,,,https,,,informational,300,active
uk-sc1-fw01-sec,internal-vrf_access_in,extended,1023,CHG0130651,,,,,,,,,,,,,,,,,,
uk-sc1-fw01-sec,internal-vrf_access_in,extended,1024,,permit,,,tcp,,sc1-whc-noncde-lan03,,,,sc1uxprnst01,,,,DM_INLINE_TCP_169,,informational,300,active
uk-sc1-fw01-sec,internal-vrf_access_in,extended,1025,CHG0131933,CHG0132808,,,,,,,,,,,,,,,,,,
uk-sc1-fw01-sec,internal-vrf_access_in,extended,1026,,permit,,,tcp,,brsapprcmg002,,,,,DM_INLINE_NETWORK_392,,,EUC_brokers_Ports,,informational,300,active
uk-sc1-fw01-sec,internal-vrf_access_in,extended,1027,CHG0131627,,,,,,,,,,,,,,,,,,
uk-sc1-fw01-sec,internal-vrf_access_in,extended,1028,,permit,,,tcp,,,DM_INLINE_NETWORK_384,,,svc-int-lb-mars-backofficeadmin.sc1,,,https,,,informational,300,active
uk-sc1-fw01-sec,internal-vrf_access_in,extended,1029,CHG0131841,PCI-Q2-2019,,,,,,,,,,,,,,,,,,
uk-sc1-fw01-sec,internal-vrf_access_in,extended,1030,,permit,,,tcp,,,DM_INLINE_NETWORK_385,,,,DM_INLINE_NETWORK_386,,3389,,,informational,300,active
uk-sc1-fw01-sec,internal-vrf_access_in,extended,1031,CHG0131841,PCI-Q2-2019,,,,,,,,,,,,,,,,,,
uk-sc1-fw01-sec,internal-vrf_access_in,extended,1032,,permit,,,tcp,,,DM_INLINE_NETWORK_387,,,,DM_INLINE_NETWORK_388,,ssh,,,informational,300,active
uk-sc1-fw01-sec,internal-vrf_access_in,extended,1033,CHG0131841,PCI-Q2-2019,,,,,,,,,,,,,,,,,,
uk-sc1-fw01-sec,internal-vrf_access_in,extended,1034,,permit,,,tcp,,,DM_INLINE_NETWORK_391,,,sc1wnpreiam01,,,,,5050 5051,informational,300,active
uk-sc1-fw01-sec,internal-vrf_access_in,extended,1035,CHG0132235, CHG0133141, CHG0132583, CHG0133836, CHG0134318,,,,,,,,,,,,,,,,,,
uk-sc1-fw01-sec,internal-vrf_access_in,extended,1036,,permit,,,tcp,,malta-wifi-10-40-10_s24,,,,int-lb-dm-analytics-tig.sc1.prod.williamhill.plc,,,,DM_INLINE_TCP_8,,informational,300,active
uk-sc1-fw01-sec,internal-vrf_access_in,extended,1037,TASK0212372,,,,,,,,,,,,,,,,,,
uk-sc1-fw01-sec,internal-vrf_access_in,extended,1038,,permit,,,tcp,,BFD-MarkHurst,,,,bacs-server,,,www,,,informational,300,active
uk-sc1-fw01-sec,internal-vrf_access_in,extended,1039,CHG0133271, CHG0133323,,,,,,,,,,,,,,,,,,
uk-sc1-fw01-sec,internal-vrf_access_in,extended,1040,,permit,,,tcp,,10.212.67.11,,,,,DM_INLINE_NETWORK_393,,ssh,,,informational,300,active
uk-sc1-fw01-sec,internal-vrf_access_in,extended,1041,CHG0134234,,,,,,,,,,,,,,,,,,
uk-sc1-fw01-sec,internal-vrf_access_in,extended,1042,,permit,,,tcp,,brsuxdrnwb005,,,,sc1wncpgap12,,,ssh,,,informational,300,active
uk-sc1-fw01-sec,internal-vrf_access_in,extended,1043,CHG0133111,,,,,,,,,,,,,,,,,,
uk-sc1-fw01-sec,internal-vrf_access_in,extended,1044,,permit,,,tcp,,VMC-POC-LAN,,,,SC1WNPRNAP002,,,445,,,informational,300,active
uk-sc1-fw01-sec,internal-vrf_access_in,extended,1045,CHG0133118,,,,,,,,,,,,,,,,,,
uk-sc1-fw01-sec,internal-vrf_access_in,extended,1046,,permit,,,tcp,,dev-ics-agent,,,,jde.dev.williamhill.plc,,,446,,,informational,300,active
uk-sc1-fw01-sec,internal-vrf_access_in,extended,1047,CHG0131841,,,,,,,,,,,,,,,,,,
uk-sc1-fw01-sec,internal-vrf_access_in,extended,1048,,permit,,,tcp,,ld6wnpreiam01,,,,,DM_INLINE_NETWORK_6,,,,5050 5051,informational,300,active
uk-sc1-fw01-sec,internal-vrf_access_in,extended,1049,,permit,,,tcp,,ld6wnppeap01,,,,,DM_INLINE_NETWORK_6,,,,5050 5051,informational,300,active
uk-sc1-fw01-sec,internal-vrf_access_in,extended,1050,CHG0133447,,,,,,,,,,,,,,,,,,
uk-sc1-fw01-sec,internal-vrf_access_in,extended,1051,,permit,,,tcp,,VMC-POC-LAN,,,,sc1uxprnap71,,,,DM_INLINE_TCP_4,,informational,300,active
uk-sc1-fw01-sec,internal-vrf_access_in,extended,1052,CHG0133787,,,,,,,,,,,,,,,,,,
uk-sc1-fw01-sec,internal-vrf_access_in,extended,1053,,permit,,,tcp,,,infoblox-all-dns-servers,,,,DM_INLINE_NETWORK_6,,5050,,,informational,300,active
uk-sc1-fw01-sec,internal-vrf_access_in,extended,1054,CHG0133947,,,,,,,,,,,,,,,,,,
uk-sc1-fw01-sec,internal-vrf_access_in,extended,1055,,permit,,,tcp,,VMC-POC-LAN,,,,sc1wnpreap001,,,,DM_INLINE_TCP_13,,informational,300,active
uk-sc1-fw01-sec,internal-vrf_access_in,extended,1056,CHG0134721,,,,,,,,,,,,,,,,,,
uk-sc1-fw01-sec,internal-vrf_access_in,extended,1057,,permit,,,tcp,,VMC-POC-LAN,,,,,DM_INLINE_NETWORK_121,,,DM_INLINE_TCP_13,,informational,300,active
uk-sc1-fw01-sec,internal-vrf_access_in,extended,1058,CHG0134047,,,,,,,,,,,,,,,,,,
uk-sc1-fw01-sec,internal-vrf_access_in,extended,1059,,permit,,DM_INLINE_SERVICE_12,,,,malta-finance-team,,,sc1wnprnwb001,,,,,,informational,300,active
uk-sc1-fw01-sec,internal-vrf_access_in,extended,1060,CHG0134047,,,,,,,,,,,,,,,,,,
uk-sc1-fw01-sec,internal-vrf_access_in,extended,1061,,permit,,TCPUDP,,,,malta-finance-team,,,SC1WNPRNAP001,,,,accurate_ports,,informational,300,active
uk-sc1-fw01-sec,internal-vrf_access_in,extended,1062,CHG0134121, CHG0135763, CHG0136186,,,,,,,,,,,,,,,,,,
uk-sc1-fw01-sec,internal-vrf_access_in,extended,1063,,permit,,,tcp,,,malta-uno-users,,,int-lb-ssas-tab.sc1.prod.williamhill.plc,,,2383,,,informational,300,active
uk-sc1-fw01-sec,internal-vrf_access_in,extended,1064,CHG0134364,CHG0134950,,,,,,,,,,,,,,,,,,
uk-sc1-fw01-sec,internal-vrf_access_in,extended,1065,,permit,,,tcp,,,DM_INLINE_NETWORK_39,,,sc1uxprnwb009,,,www,,,informational,300,active
uk-sc1-fw01-sec,internal-vrf_access_in,extended,1066,CHG0134455,,,,,,,,,,,,,,,,,,
uk-sc1-fw01-sec,internal-vrf_access_in,extended,1067,,permit,,,tcp,,Rod-Merrick-PC,,,,sc1uxprnwb009,,,,tcp-http-rdp,,informational,300,active
uk-sc1-fw01-sec,internal-vrf_access_in,extended,1068,CHG0134556,,,,,,,,,,,,,,,,,,
uk-sc1-fw01-sec,internal-vrf_access_in,extended,1069,,permit,,,tcp,,,DM_INLINE_NETWORK_81,,,sc1uxprsap01.sc1.prod.williamhill.plc,,,ssh,,,informational,300,active
uk-sc1-fw01-sec,internal-vrf_access_in,extended,1070,CHG0134931,,,,,,,,,,,,,,,,,,
uk-sc1-fw01-sec,internal-vrf_access_in,extended,1071,,permit,,,tcp,,LAN-Krakow-INC-PRB-RLS,,,,int-lb-dm-analytics-tig.sc1.prod.williamhill.plc,,,https,,,informational,300,active
uk-sc1-fw01-sec,internal-vrf_access_in,extended,1072,CHG0135124, TASK0225252,,,,,,,,,,,,,,,,,,
uk-sc1-fw01-sec,internal-vrf_access_in,extended,1073,,permit,,,tcp,,,malta-gaming-team,,,svc-int-lb-mars-backofficeadmin.sc1,,,https,,,informational,300,active
uk-sc1-fw01-sec,internal-vrf_access_in,extended,1074,CHG0135151,,,,,,,,,,,,,,,,,,
uk-sc1-fw01-sec,internal-vrf_access_in,extended,1075,,permit,,,tcp,,gibux998,,,,,openbet-non-cde-app-server,,,DM_INLINE_TCP_22,,informational,300,active
uk-sc1-fw01-sec,internal-vrf_access_in,extended,1076,TASK0224037, TASK0224036, TASK0225142, TASK0225141,,,,,,,,,,,,,,,,,,
uk-sc1-fw01-sec,internal-vrf_access_in,extended,1077,,permit,,DM_INLINE_SERVICE_26,,,LSJ-GaborBadogos,,,,,DM_INLINE_NETWORK_174,,,,,informational,300,active
uk-sc1-fw01-sec,internal-vrf_access_in,extended,1078,TASK0225149,,,,,,,,,,,,,,,,,,
uk-sc1-fw01-sec,internal-vrf_access_in,extended,1079,TASK0225149,TASK0233942,,,,,,,,,,,,,,,,,,
uk-sc1-fw01-sec,internal-vrf_access_in,extended,1080,,permit,,,tcp,,,DM_INLINE_NETWORK_395,,,,DM_INLINE_NETWORK_175,,3389,,,informational,300,active
uk-sc1-fw01-sec,internal-vrf_access_in,extended,1081,,permit,,,tcp,,KRK-IrynaMarchenko,,,,,DM_INLINE_NETWORK_175,,3389,,,informational,300,active
uk-sc1-fw01-sec,internal-vrf_access_in,extended,1082,INC0992480,,,,,,,,,,,,,,,,,,
uk-sc1-fw01-sec,internal-vrf_access_in,extended,1083,,permit,,qlickview_ports_udp_tcp,,,LSJ-GaborBadogos,,,,,qlickview_app,,,,,informational,300,active
uk-sc1-fw01-sec,internal-vrf_access_in,extended,1084,CHG0135475,,,,,,,,,,,,,,,,,,
uk-sc1-fw01-sec,internal-vrf_access_in,extended,1085,,permit,,,tcp,,Horizon-POC-VDI-Range,,,,,DM_INLINE_NETWORK_192,,,DM_INLINE_TCP_38,,informational,300,active
uk-sc1-fw01-sec,internal-vrf_access_in,extended,1086,CHG0135475,,,,,,,,,,,,,,,,,,
uk-sc1-fw01-sec,internal-vrf_access_in,extended,1087,,permit,,,tcp,,Horizon-POC-VDI-Range,,,,SC1WNPRNAP002,,,445,,,informational,300,active
uk-sc1-fw01-sec,internal-vrf_access_in,extended,1088,CHG0135475,,,,,,,,,,,,,,,,,,
uk-sc1-fw01-sec,internal-vrf_access_in,extended,1089,,permit,,,tcp,,Horizon-POC-VDI-Range,,,,sc1uxprnap71,,,,,10301 10302,informational,300,active
uk-sc1-fw01-sec,internal-vrf_access_in,extended,1090,CHG0136303,,,,,,,,,,,,,,,,,,
uk-sc1-fw01-sec,internal-vrf_access_in,extended,1091,,permit,,cobain-client,,,VMC-POC-LAN,,,,sccwnprroap01,,,,,,informational,300,active
uk-sc1-fw01-sec,internal-vrf_access_in,extended,1092,CHG0136821,,,,,,,,,,,,,,,,,,
uk-sc1-fw01-sec,internal-vrf_access_in,extended,1093,,permit,,DM_INLINE_SERVICE_38,,,brsapprcmg002,,,,,DM_INLINE_NETWORK_194,,,,,informational,300,active
uk-sc1-fw01-sec,internal-vrf_access_in,extended,1094,RITM0122406,,,,,,,,,,,,,,,,,,
uk-sc1-fw01-sec,internal-vrf_access_in,extended,1095,,permit,,,tcp,,10.40.10.236,,,,int-lb-dm-analytics-tig.sc1.prod.williamhill.plc,,,,1433tcp-udp,,informational,300,active
uk-sc1-fw01-sec,internal-vrf_access_in,extended,1096,CHG0137162,CHG0137152,,,,,,,,,,,,,,,,,,
uk-sc1-fw01-sec,internal-vrf_access_in,extended,1097,,permit,,,tcp,,,DM_INLINE_NETWORK_234,,,sc1wnpredp1,,,445,,,informational,300,active
uk-sc1-fw01-sec,internal-vrf_access_in,extended,1098,CHG0137152,,,,,,,,,,,,,,,,,,
uk-sc1-fw01-sec,internal-vrf_access_in,extended,1099,CHG0137152,,,,,,,,,,,,,,,,,,
uk-sc1-fw01-sec,internal-vrf_access_in,extended,1100,,permit,,TCPUDP,,,,DM_INLINE_NETWORK_242,,,,DM_INLINE_NETWORK_243,,3389,,,informational,300,active
uk-sc1-fw01-sec,internal-vrf_access_in,extended,1101,CHG0137225, CHG0137363,,,,,,,,,,,,,,,,,,
uk-sc1-fw01-sec,internal-vrf_access_in,extended,1102,,permit,,,tcp,,MRG-Data-Warehouse-NAT,,,,whdppresent01,,,23000,,,informational,300,active
uk-sc1-fw01-sec,internal-vrf_access_in,extended,1103,CHG0117943,,,,,,,,,,,,,,,,,,
uk-sc1-fw01-sec,internal-vrf_access_in,extended,1104,,permit,,,tcp,,brsux084,,,10.120.99.155,,,,,DM_INLINE_TCP_40,,informational,300,active
uk-sc1-fw01-sec,internal-vrf_access_in,extended,1105,CHG0137135,,,,,,,,,,,,,,,,,,
uk-sc1-fw01-sec,internal-vrf_access_in,extended,1106,,permit,,,tcp,,,DM_INLINE_NETWORK_253,,,,DM_INLINE_NETWORK_259,,3389,,,informational,300,active
uk-sc1-fw01-sec,internal-vrf_access_in,extended,1107,CHG0137135,,,,,,,,,,,,,,,,,,
uk-sc1-fw01-sec,internal-vrf_access_in,extended,1108,,permit,,,tcp,,,DM_INLINE_NETWORK_261,,10.120.99.155,,,,sqlnet,,,informational,300,active
uk-sc1-fw01-sec,internal-vrf_access_in,extended,1109,CHG0137135,,,,,,,,,,,,,,,,,,
uk-sc1-fw01-sec,internal-vrf_access_in,extended,1110,,permit,,TCPUDP,,,,DM_INLINE_NETWORK_267,,,sc1wnprnap81,,,445,,,informational,300,active
uk-sc1-fw01-sec,internal-vrf_access_in,extended,1111,CHG0137135,,,,,,,,,,,,,,,,,,
uk-sc1-fw01-sec,internal-vrf_access_in,extended,1112,,permit,,,tcp,,ld6wnpreap10,,,,sc1wnprnap81,,,,DM_INLINE_TCP_43,,informational,300,active
uk-sc1-fw01-sec,internal-vrf_access_in,extended,1113,CHG0137245,,,,,,,,,,,,,,,,,,
uk-sc1-fw01-sec,internal-vrf_access_in,extended,1114,,permit,,,tcp,,gibux998,,,,TIG-backoffice.williamhill.local,,,,DM_INLINE_TCP_61,,informational,300,active
uk-sc1-fw01-sec,internal-vrf_access_in,extended,1115,CHG0137396,CHG0137819,,,,,,,,,,,,,,,,,,
uk-sc1-fw01-sec,internal-vrf_access_in,extended,1116,CHG0137396,CHG0137819,CHG0137853,,,,,,,,,,,,,,,,,,
uk-sc1-fw01-sec,internal-vrf_access_in,extended,1117,,permit,,DM_INLINE_SERVICE_410,,,,DM_INLINE_NETWORK_409,,,,DM_INLINE_NETWORK_410,,,,,informational,300,active
uk-sc1-fw01-sec,internal-vrf_access_in,extended,1118,CHG0137135,,,,,,,,,,,,,,,,,,
uk-sc1-fw01-sec,internal-vrf_access_in,extended,1119,,permit,,,tcp,,,RFC1918-networks,,10.120.99.155,,,,sqlnet,,,informational,300,active
uk-sc1-fw01-sec,internal-vrf_access_in,extended,1120,CHG0137728,,,,,,,,,,,,,,,,,,
uk-sc1-fw01-sec,internal-vrf_access_in,extended,1121,,permit,,,tcp,,,DM_INLINE_NETWORK_401,,,SC1WNPRNWB30,,,https,,,,,active
uk-sc1-fw01-sec,internal-vrf_access_in,extended,1122,CHG0137135,,,,,,,,,,,,,,,,,,
uk-sc1-fw01-sec,internal-vrf_access_in,extended,1123,,permit,,,tcp,,,DM_INLINE_NETWORK_411,,,sc1wnprewb10,,,8443,,,informational,300,active
uk-sc1-fw01-sec,internal-vrf_access_in,extended,1124,BCP Rule - Do Not Remove, CHG0138043,,,,,,,,,,,,,,,,,,
uk-sc1-fw01-sec,internal-vrf_access_in,extended,1125,,permit,,,tcp,,wakefield-bcp-site,,,,sc1uxprnap71,,,10302,,,informational,300,active
uk-sc1-fw01-sec,internal-vrf_access_in,extended,1126,,permit,,,tcp,,wakefield-bcp-site,,,,scc-cfweb-tig,,,www,,,informational,300,active
uk-sc1-fw01-sec,internal-vrf_access_in,extended,1127,BCP Rule - Do Not Remove,,,,,,,,,,,,,,,,,,
uk-sc1-fw01-sec,internal-vrf_access_in,extended,1128,CHG0139243,,,,,,,,,,,,,,,,,,
uk-sc1-fw01-sec,internal-vrf_access_in,extended,1129,,permit,,,tcp,,,DM_INLINE_NETWORK_427,,,sc1wnprnap81,,,ssh,,,informational,300,active
uk-sc1-fw01-sec,internal-vrf_access_in,extended,1130,RITM0128074,,,,,,,,,,,,,,,,,,
uk-sc1-fw01-sec,internal-vrf_access_in,extended,1131,,permit,,,tcp,,10.1.53.42,,,,sc1uxprgdb01,,,sqlnet,,,informational,300,active
uk-sc1-fw01-sec,internal-vrf_access_in,extended,1132,CHG0140237,,,,,,,,,,,,,,,,,,
uk-sc1-fw01-sec,internal-vrf_access_in,extended,1133,,permit,,,tcp,,,DM_INLINE_NETWORK_437,,,int-lb-dm-analytics-tig.sc1.prod.williamhill.plc,,,https,,,informational,300,active
uk-sc1-fw01-sec,internal-vrf_access_in,extended,1134,CHG0140490,,,,,,,,,,,,,,,,,,
uk-sc1-fw01-sec,internal-vrf_access_in,extended,1135,CHG0140490,,,,,,,,,,,,,,,,,,
uk-sc1-fw01-sec,internal-vrf_access_in,extended,1136,,permit,,,tcp,,,DM_INLINE_NETWORK_441,,,,DM_INLINE_NETWORK_440,,ftp,,,informational,300,active
uk-sc1-fw01-sec,internal-vrf_access_in,extended,1137,CHG0141421,,,,,,,,,,,,,,,,,,
uk-sc1-fw01-sec,internal-vrf_access_in,extended,1138,,permit,,,tcp,10.120.163.89,,,,,,DM_INLINE_NETWORK_444,,9070,,,informational,300,active
uk-sc1-fw01-sec,internal-vrf_access_in,extended,1139,CHG0141573,,,,,,,,,,,,,,,,,,
uk-sc1-fw01-sec,internal-vrf_access_in,extended,1140,,permit,,DM_INLINE_SERVICE_44,,10.123.13.118,,,,,,DM_INLINE_NETWORK_446,,,,,informational,300,active
uk-sc1-fw01-sec,internal-vrf_access_in,extended,1141,CHG0142498,,,,,,,,,,,,,,,,,,
uk-sc1-fw01-sec,internal-vrf_access_in,extended,1142,,permit,,,tcp,,gibux998,,,,,DM_INLINE_NETWORK_445,,,DM_INLINE_TCP_145,,informational,300,active
uk-sc1-fw01-sec,internal-vrf_access_in,extended,1143,RITM0134290,,,,,,,,,,,,,,,,,,
uk-sc1-fw01-sec,internal-vrf_access_in,extended,1144,,permit,,DM_INLINE_SERVICE_464,,,,DM_INLINE_NETWORK_463,,,,DM_INLINE_NETWORK_464,,,,,informational,300,active
uk-sc1-fw01-sec,internal-vrf_access_in,extended,1145,CHG0142836,,,,,,,,,,,,,,,,,,
uk-sc1-fw01-sec,internal-vrf_access_in,extended,1146,,permit,,,tcp,,,DM_INLINE_NETWORK_462,,,,DM_INLINE_NETWORK_467,,,DM_INLINE_TCP_463,,informational,300,active
uk-sc1-fw01-sec,internal-vrf_access_in,extended,1147,CHG0142836,,,,,,,,,,,,,,,,,,
uk-sc1-fw01-sec,internal-vrf_access_in,extended,1148,CHG0142836,,,,,,,,,,,,,,,,,,
uk-sc1-fw01-sec,internal-vrf_access_in,extended,1149,,permit,,,udp,,,DM_INLINE_NETWORK_474,,,,DM_INLINE_NETWORK_475,,,udp-6017-6026,,informational,300,active
uk-sc1-fw01-sec,internal-vrf_access_in,extended,1150,,permit,,,tcp,,,DM_INLINE_NETWORK_470,,,,DM_INLINE_NETWORK_471,,,DM_INLINE_TCP_471,,informational,300,active
uk-sc1-fw01-sec,internal-vrf_access_in,extended,1151,CHG0142836,,,,,,,,,,,,,,,,,,
uk-sc1-fw01-sec,internal-vrf_access_in,extended,1152,,permit,,,udp,,,DM_INLINE_NETWORK_472,,,,DM_INLINE_NETWORK_473,,,udp-6017-6026,,informational,300,active
uk-sc1-fw01-sec,internal-vrf_access_in,extended,1153,CHG0142836,,,,,,,,,,,,,,,,,,
uk-sc1-fw01-sec,internal-vrf_access_in,extended,1154,,permit,,,tcp,10.120.201.11,,,,10.120.64.151,,,,,DM_INLINE_TCP_170,,informational,300,active
uk-sc1-fw01-sec,internal-vrf_access_in,extended,1155,CHG0141042,CHG0141594, CHG0141918,CHG0142524,CHG0142952,,,,,,,,,,,,,,,,,,
uk-sc1-fw01-sec,internal-vrf_access_in,extended,1156,,permit,,TCPUDP,,,,DM_INLINE_NETWORK_480,,,sc1wnpreap008,,,,DM_INLINE_TCPUDP_481,,informational,300,active
uk-sc1-fw01-sec,management_access_in,extended,1,,permit,,,icmp,,,,any4,,,,any4,,,,informational,300,active
uk-sc1-fw01-sec,group-vrf_nat_outbound,extended,1,CHG0016931, CHG0024220,,,,,,,,,,,,,,,,,,
uk-sc1-fw01-sec,group-vrf_nat_outbound,extended,2,,permit,,,ip,,,DM_INLINE_NETWORK_31,,,,DM_INLINE_NETWORK_1,,,,,,,active
uk-sc1-fw01-sec,group-vrf_nat_outbound,extended,3,,permit,,,ip,,,DM_INLINE_NETWORK_2,,,10.120.66.0-24,,,,,,,,active
uk-sc1-fw01-sec,group-vrf_nat_outbound,extended,4,,permit,,,ip,,,DM_INLINE_NETWORK_9,,,noncde-ods-network-24,,,,,,,,active
uk-sc1-fw01-sec,group-vrf_nat_outbound,extended,5,CHG0020329,,,,,,,,,,,,,,,,,,
uk-sc1-fw01-sec,group-vrf_nat_outbound,extended,6,CHG0020329,,,,,,,,,,,,,,,,,,
uk-sc1-fw01-sec,group-vrf_nat_outbound,extended,7,,permit,,,ip,,,DM_INLINE_NETWORK_11,,,noncde-ods-network-24,,,,,,,,active
uk-sc1-fw01-sec,noncde-ods_access_in,extended,1,CHG0129101,,,,,,,,,,,,,,,,,,
uk-sc1-fw01-sec,noncde-ods_access_in,extended,2,,permit,,,tcp,,,grp-powerbi-datagateway,,,svr-uno-sandbox,,,1433,,,informational,300,active
uk-sc1-fw01-sec,noncde-ods_access_in,extended,3,CHG0115229,,,,,,,,,,,,,,,,,,
uk-sc1-fw01-sec,noncde-ods_access_in,extended,4,,deny,,,ip,,,Corp-WiFi-Subnets,,,,,any,,,,informational,300,inactive
uk-sc1-fw01-sec,noncde-ods_access_in,extended,5,CHG0138711,,,,,,,,,,,,,,,,,,
uk-sc1-fw01-sec,noncde-ods_access_in,extended,6,,permit,,,tcp,,,DM_INLINE_NETWORK_423,,,nifi-ld6-tig,,,https,,,informational,300,active
uk-sc1-fw01-sec,noncde-ods_access_in,extended,7,CHG0019353, CHG0021657, CHG0022960, CHG0025133, CHG0025799, PCI-Q4-2017,PCI Q4 2018,,,,,,,,,,,,,,,,,,
uk-sc1-fw01-sec,noncde-ods_access_in,extended,8,PCI-Q2-2019,,,,,,,,,,,,,,,,,,
uk-sc1-fw01-sec,noncde-ods_access_in,extended,9,,permit,,,tcp,,,DM_INLINE_NETWORK_26,,,sc1usprnwb-VIP,,,,DM_INLINE_TCP_1,,informational,300,active
uk-sc1-fw01-sec,noncde-ods_access_in,extended,10,CHG0138849,,,,,,,,,,,,,,,,,,
uk-sc1-fw01-sec,noncde-ods_access_in,extended,11,,permit,,,tcp,,,grp-pr-nap-uno-servers,,,,sc1nasncde.williamhill.plc,,,DM_INLINE_TCP_121,,informational,300,active
uk-sc1-fw01-sec,noncde-ods_access_in,extended,12,CHG0023704, PCI-Q4-2017, PCI Q4 2018,PCI-Q2-2019,,,,,,,,,,,,,,,,,,
uk-sc1-fw01-sec,noncde-ods_access_in,extended,13,,permit,,,tcp,,,grp-pr-nap-exec-servers,,,RSS.gib_openbetrep_top,,,,DM_INLINE_TCP_11,,informational,300,active
uk-sc1-fw01-sec,noncde-ods_access_in,extended,14,CHG0029572, CHG0029113, Q2-2017, PCI-Q4-2017,PCI Q4 2018,PCI-Q2-2019,,,,,,,,,,,,,,,,,,
uk-sc1-fw01-sec,noncde-ods_access_in,extended,15,,permit,,,tcp,,,DM_INLINE_NETWORK_22,,10.120.136.10,,,,www,,,informational,300,active
uk-sc1-fw01-sec,noncde-ods_access_in,extended,16,CHG0034936, PCI-Q4-2017, PCI Q4 2018,PCI-Q2-2019,,,,,,,,,,,,,,,,,,
uk-sc1-fw01-sec,noncde-ods_access_in,extended,17,,permit,,,tcp,,,netrefer-uk-analyitics-servers,,,,DM_INLINE_NETWORK_125,,smtp,,,informational,300,active
uk-sc1-fw01-sec,noncde-ods_access_in,extended,18,CHG0038445, PCI Q4 2018,PCI-Q2-2019,,,,,,,,,,,,,,,,,,
uk-sc1-fw01-sec,noncde-ods_access_in,extended,19,,permit,,DM_INLINE_SERVICE_13,,,sc1wnnpndb53,,,,10.200.100.53,,,,,,informational,300,active
uk-sc1-fw01-sec,noncde-ods_access_in,extended,20,CHG0037986, CHG0058543,PCI-Q2-2019,,,,,,,,,,,,,,,,,,
uk-sc1-fw01-sec,noncde-ods_access_in,extended,21,,permit,,,tcp,,,grp-pr-nap-bi-reporting-servers,,,RSS.gib_openbetrep_top,,,1528,,,informational,300,active
uk-sc1-fw01-sec,noncde-ods_access_in,extended,22,CHG0037986, CHG0058543,PCI-Q2-2019,,,,,,,,,,,,,,,,,,
uk-sc1-fw01-sec,noncde-ods_access_in,extended,23,,permit,,,tcp,,,grp-pr-nap-bi-reporting-servers,,10.120.99.223,,,,1433,,,informational,300,active
uk-sc1-fw01-sec,noncde-ods_access_in,extended,24,CHG0037986, CHG0058543,PCI-Q2-2019,,,,,,,,,,,,,,,,,,
uk-sc1-fw01-sec,noncde-ods_access_in,extended,25,,permit,,,tcp,,,grp-pr-nap-bi-reporting-servers,,,,il-analytics,,1433,,,informational,300,active
uk-sc1-fw01-sec,noncde-ods_access_in,extended,26,CHG0055536, CHG0058543,PCI-Q2-2019,,,,,,,,,,,,,,,,,,
uk-sc1-fw01-sec,noncde-ods_access_in,extended,27,,permit,,,tcp,,,tableau-worker-hosts,,,,il-analytics,,1433,,,informational,300,active
uk-sc1-fw01-sec,noncde-ods_access_in,extended,28,CHG0055536,PCI-Q2-2019,,,,,,,,,,,,,,,,,,
uk-sc1-fw01-sec,noncde-ods_access_in,extended,29,,permit,,,tcp,,,tableau-worker-hosts,,,sc1wnprgdb02,,,1433,,,informational,300,active
uk-sc1-fw01-sec,noncde-ods_access_in,extended,30,CHG0037986, CHG0058543, PCI Q4 2018,PCI-Q2-2019,,,,,,,,,,,,,,,,,,
uk-sc1-fw01-sec,noncde-ods_access_in,extended,31,,permit,,,tcp,,,grp-pr-nap-bi-reporting-servers,,10.180.33.100,,,,49161,,,informational,300,active
uk-sc1-fw01-sec,noncde-ods_access_in,extended,32,CHG0039184, PCI-Q4-2017, PCI Q4 2018,PCI-Q2-2019,,,,,,,,,,,,,,,,,,
uk-sc1-fw01-sec,noncde-ods_access_in,extended,33,,permit,,,tcp,,,grp-pr-nap-talendexec-top,,,,smtp_relays,,smtp,,,informational,300,active
uk-sc1-fw01-sec,noncde-ods_access_in,extended,34,CHG0042708, CHG0042749, Q2-2017, PCI-Q4-2017,PCI Q2 2018,PCI Q4 2018,PCI-Q2-2019,,,,,,,,,,,,,,,,,,
uk-sc1-fw01-sec,noncde-ods_access_in,extended,35,,permit,,,tcp,,,DM_INLINE_NETWORK_209,,,ORACLE-DB-GAMES-VIP,,,1523,,,informational,300,active
uk-sc1-fw01-sec,noncde-ods_access_in,extended,36,CHG0052066,PCI-Q2-2019,,,,,,,,,,,,,,,,,,
uk-sc1-fw01-sec,noncde-ods_access_in,extended,37,,permit,,,tcp,,,DM_INLINE_NETWORK_189,,,,Tableau-web-servers,,,Tableau-ports,,informational,300,active
uk-sc1-fw01-sec,noncde-ods_access_in,extended,38,CHG0059418, PCI-Q4-2017, PCI Q4 2018,PCI-Q2-2019,,,,,,,,,,,,,,,,,,
uk-sc1-fw01-sec,noncde-ods_access_in,extended,39,,permit,,,tcp,,,grp-pr-nap-bi-reporting-servers,,,IL_OLAP,,,49247,,,informational,300,active
uk-sc1-fw01-sec,noncde-ods_access_in,extended,40,CHG0063960, PCI Q4 2018,PCI-Q2-2019,,,,,,,,,,,,,,,,,,
uk-sc1-fw01-sec,noncde-ods_access_in,extended,41,,permit,,,tcp,,,sas-backend-servers,,,prod-sas-vip,,,https,,,informational,300,active
uk-sc1-fw01-sec,noncde-ods_access_in,extended,42,CHG0064413, Q2-2017, PCI-Q4-2017,PCI Q2 2018,PCI Q4 2018,PCI-Q2-2019,,,,,,,,,,,,,,,,,,
uk-sc1-fw01-sec,noncde-ods_access_in,extended,43,,permit,,,tcp,,sc1uxprnap003,,,,sc1wnprgdb02,,,,MS-SQL-sct-tcp,,informational,300,active
uk-sc1-fw01-sec,noncde-ods_access_in,extended,44,PCI-Q4-2017,PCI Q2 2018, PCI Q4 2018,PCI-Q2-2019,,,,,,,,,,,,,,,,,,
uk-sc1-fw01-sec,noncde-ods_access_in,extended,45,,permit,,,tcp,,sc1uxprnap003,,,,IL-Analytics,,,,MS-SQL-sct-tcp,,informational,300,active
uk-sc1-fw01-sec,noncde-ods_access_in,extended,46,CHG0064540, PCI-Q4-2017,PCI Q2 2018, PCI Q4 2018,PCI-Q2-2019,,,,,,,,,,,,,,,,,,
uk-sc1-fw01-sec,noncde-ods_access_in,extended,47,,permit,,,tcp,,,sas-backend-servers,,,prod-sas-vip,,,8561,,,informational,300,active
uk-sc1-fw01-sec,noncde-ods_access_in,extended,48,PCI-Q4-2017, PCI Q4 2018,PCI-Q2-2019,,,,,,,,,,,,,,,,,,
uk-sc1-fw01-sec,noncde-ods_access_in,extended,49,,permit,,,tcp,,,sas-backend-servers,,,prod-sas-vip,,,,sas-web-ports,,informational,300,active
uk-sc1-fw01-sec,noncde-ods_access_in,extended,50,CHG0066342,,,,,,,,,,,,,,,,,,
uk-sc1-fw01-sec,noncde-ods_access_in,extended,51,,permit,,,tcp,,,Data-Mgt-DPE-Prod-Servers,,,,Data-Mgt-DPE-DR-Servers,,,cluster-ports-tcp,,informational,300,active
uk-sc1-fw01-sec,noncde-ods_access_in,extended,52,,permit,,,udp,,,Data-Mgt-DPE-Prod-Servers,,,,Data-Mgt-DPE-DR-Servers,,,cluster-ports-udp,,informational,300,active
uk-sc1-fw01-sec,noncde-ods_access_in,extended,53,,permit,,,icmp,,,Data-Mgt-DPE-Prod-Servers,,,,Data-Mgt-DPE-DR-Servers,,,,,informational,300,active
uk-sc1-fw01-sec,noncde-ods_access_in,extended,54,CHG0084996, PCI Q4 2016, PCI Q4 2018,PCI-Q2-2019,,,,,,,,,,,,,,,,,,
uk-sc1-fw01-sec,noncde-ods_access_in,extended,55,,permit,,,tcp,,,Data-Mgt-DPE-Prod-Servers,,,IL-Analytics,,,1433,,,informational,300,active
uk-sc1-fw01-sec,noncde-ods_access_in,extended,56,CHG0072383,,,,,,,,,,,,,,,,,,
uk-sc1-fw01-sec,noncde-ods_access_in,extended,57,,permit,,,tcp,,,Data-Mgt-DPE-Prod-Servers,,,,dr-sql-whdp-listeners,,,135_5985,,informational,300,active
uk-sc1-fw01-sec,noncde-ods_access_in,extended,58,CHG0068129, CHG0068244,,,,,,,,,,,,,,,,,,
uk-sc1-fw01-sec,noncde-ods_access_in,extended,59,,permit,,,tcp,,,Data-Mgt-DPE-Prod-Servers,,,,Data-Mgt-DPE-DR-Servers,,,DPE-replication-ports,,informational,300,active
uk-sc1-fw01-sec,noncde-ods_access_in,extended,60,CHG0071386,,,,,,,,,,,,,,,,,,
uk-sc1-fw01-sec,noncde-ods_access_in,extended,61,,permit,,,tcp,,sc1uxprnap004,,,,PTE_INFORMIX,,,1526,,,informational,300,active
uk-sc1-fw01-sec,noncde-ods_access_in,extended,62,CHG0080971,,,,,,,,,,,,,,,,,,
uk-sc1-fw01-sec,noncde-ods_access_in,extended,63,,permit,,,tcp,,,DM_INLINE_NETWORK_252,,,PTE_INFORMIX,,,1526,,,informational,300,active
uk-sc1-fw01-sec,noncde-ods_access_in,extended,64,CHG0130549,,,,,,,,,,,,,,,,,,
uk-sc1-fw01-sec,noncde-ods_access_in,extended,65,,permit,,,tcp,,sc1wnprnap024.prod.williamhill.plc,,,,gib-rss-cluster,,,1526,,,informational,300,active
uk-sc1-fw01-sec,noncde-ods_access_in,extended,66,CHG0089491, Q2-2017, PCI-Q4-2017, PCI Q4 2018,PCI-Q2-2019,,,,,,,,,,,,,,,,,,
uk-sc1-fw01-sec,noncde-ods_access_in,extended,67,,permit,,,tcp,,sc1wnprnap010.group.williamhill.plc,,,,dmtfs.prod.williamhill.plc,,,8080,,,informational,300,active
uk-sc1-fw01-sec,noncde-ods_access_in,extended,68,CHG0100164,,,,,,,,,,,,,,,,,,
uk-sc1-fw01-sec,noncde-ods_access_in,extended,69,,permit,49430,,,,,grp-pr-nap-uno-servers,,,ext-api-uno-netrefer.sc1,,,,,,informational,300,active
uk-sc1-fw01-sec,noncde-ods_access_in,extended,70,CHG0100627, CHG0100657,,,,,,,,,,,,,,,,,,
uk-sc1-fw01-sec,noncde-ods_access_in,extended,71,,permit,,,tcp,,,grp-pr-nap-uno-servers,,,int-lb-oxi-proxy.gib.prod.williamhill.plc,,,https,,,informational,300,active
uk-sc1-fw01-sec,noncde-ods_access_in,extended,72,CHG0098314, PCI-Q4-2017, PCI Q4 2018,PCI-Q2-2019,,,,,,,,,,,,,,,,,,
uk-sc1-fw01-sec,noncde-ods_access_in,extended,73,,permit,,,tcp,,sc1wnprnmg020,,,,int-lb-uno-mds.prod.williamhill.plc,,,https,,,informational,300,active
uk-sc1-fw01-sec,noncde-ods_access_in,extended,74,CHG0109195, CHG0112666,,,,,,,,,,,,,,,,,,
uk-sc1-fw01-sec,noncde-ods_access_in,extended,75,,permit,,,tcp,,,Data-Mgt-DPE-Prod-Servers,,,sc1uxprnwb51,,,ssh,,,informational,300,active
uk-sc1-fw01-sec,noncde-ods_access_in,extended,76,CHG0109387, PCI Q4 2018,PCI-Q2-2019,,,,,,,,,,,,,,,,,,
uk-sc1-fw01-sec,noncde-ods_access_in,extended,77,,permit,,,tcp,,,grp-pr-nap-uno-servers,,,int-api-rewards-cassandra.prod.williamhill.plc,,,9042,,,informational,300,active
uk-sc1-fw01-sec,noncde-ods_access_in,extended,78,CHG0110900,,,,,,,,,,,,,,,,,,
uk-sc1-fw01-sec,noncde-ods_access_in,extended,79,,permit,,,tcp,,,grp-pr-nap-uno-servers,,,,grp-omni-databases,,3306,,,informational,300,active
uk-sc1-fw01-sec,noncde-ods_access_in,extended,80,CHG0123351,,,,,,,,,,,,,,,,,,
uk-sc1-fw01-sec,noncde-ods_access_in,extended,81,,permit,,,tcp,,,grp-pr-nap-uno-servers,,,laswncpedb03,,,1433,,,informational,300,active
uk-sc1-fw01-sec,noncde-ods_access_in,extended,82,CHG0111088,,,,,,,,,,,,,,,,,,
uk-sc1-fw01-sec,noncde-ods_access_in,extended,83,,permit,,,tcp,,,commvault-backup-networks,,,,,10.120.46.0 255.255.255.128,,DM_INLINE_TCP_92,,informational,300,active
uk-sc1-fw01-sec,noncde-ods_access_in,extended,84,CHG0119389,,,,,,,,,,,,,,,,,,
uk-sc1-fw01-sec,noncde-ods_access_in,extended,85,,permit,,,tcp,,,Data-Mgt-DPE-Prod-Servers,,,sc1wnprgdb05,,,1433,,,informational,300,active
uk-sc1-fw01-sec,noncde-ods_access_in,extended,86,PCI Q4 2018,PCI-Q2-2019,,,,,,,,,,,,,,,,,,
uk-sc1-fw01-sec,noncde-ods_access_in,extended,87,,permit,,,tcp,,,Data-Mgt-DPE-Prod-Servers,,,corpservivcessql,,,1433,,,informational,300,active
uk-sc1-fw01-sec,noncde-ods_access_in,extended,88,CHG0125169,,,,,,,,,,,,,,,,,,
uk-sc1-fw01-sec,noncde-ods_access_in,extended,89,,permit,,,tcp,,,grp-pr-nap-uno-servers,,,,gaming-scan1_2_3.prod.williamhill.plc,,sqlnet,,,informational,300,active
uk-sc1-fw01-sec,noncde-ods_access_in,extended,90,CHG0125169,PCI-Q2-2019,,,,,,,,,,,,,,,,,,
uk-sc1-fw01-sec,noncde-ods_access_in,extended,91,,permit,,,tcp,,,grp-pr-nap-uno-servers,,,,Bonus_Wallet_LIVE_VIPs,,sqlnet,,,informational,300,active
uk-sc1-fw01-sec,noncde-ods_access_in,extended,92,CHG0125169,,,,,,,,,,,,,,,,,,
uk-sc1-fw01-sec,noncde-ods_access_in,extended,93,,permit,,,tcp,,,grp-pr-nap-uno-servers,,,Bonus-wallet-RAC-43,,,sqlnet,,,informational,300,active
uk-sc1-fw01-sec,noncde-ods_access_in,extended,94,CHG0125638,PCI-Q2-2019,,,,,,,,,,,,,,,,,,
uk-sc1-fw01-sec,noncde-ods_access_in,extended,95,,permit,,,tcp,,,grp-pr-nap-uno-servers,,,sc1uxpremg60,,,www,,,informational,300,active
uk-sc1-fw01-sec,noncde-ods_access_in,extended,96,CHG0128910,,,,,,,,,,,,,,,,,,
uk-sc1-fw01-sec,noncde-ods_access_in,extended,97,,permit,,,tcp,,,MDS_APP_Servers,,,sc1uxprnwb040,,,ssh,,,informational,300,active
uk-sc1-fw01-sec,noncde-ods_access_in,extended,98,CHG0130222,,,,,,,,,,,,,,,,,,
uk-sc1-fw01-sec,noncde-ods_access_in,extended,99,,permit,,,tcp,,,MDS_APP_Servers,,,10.121.77.0s24,,,,dm_redis_ports,,informational,300,active
uk-sc1-fw01-sec,noncde-ods_access_in,extended,100,CHG0127981,,,,,,,,,,,,,,,,,,
uk-sc1-fw01-sec,noncde-ods_access_in,extended,101,,permit,,,tcp,,,grp-powerbi-datagateway,,,int-lb-dm-analytics-tig.sc1.prod.williamhill.plc,,,1433,,,informational,300,active
uk-sc1-fw01-sec,noncde-ods_access_in,extended,102,CHG0127981,,,,,,,,,,,,,,,,,,
uk-sc1-fw01-sec,noncde-ods_access_in,extended,103,,permit,,,tcp,,,grp-powerbi-datagateway,,,int-lb-ssas-tab.sc1.prod.williamhill.plc,,,2383,,,informational,300,active
uk-sc1-fw01-sec,noncde-ods_access_in,extended,104,CHG0129818,PCI-Q2-2019,,,,,,,,,,,,,,,,,,
uk-sc1-fw01-sec,noncde-ods_access_in,extended,105,,permit,,,tcp,,sc1uxprnap150.prod.williamhill.plc,,,,,grp-active-feeds-data,,,ob-feed-ports,,informational,300,active
uk-sc1-fw01-sec,noncde-ods_access_in,extended,106,CHG0129647,PCI-Q2-2019,,,,,,,,,,,,,,,,,,
uk-sc1-fw01-sec,noncde-ods_access_in,extended,107,,permit,,,tcp,,sc1wnprnap024.prod.williamhill.plc,,,,,grp-active-feeds-data,,,ob-feed-ports,,informational,300,active
uk-sc1-fw01-sec,noncde-ods_access_in,extended,108,CHG0130504,,,,,,,,,,,,,,,,,,
uk-sc1-fw01-sec,noncde-ods_access_in,extended,109,,permit,,,tcp,,uno-sandbox,,,,git.nonprod.williamhill.plc,,,,mgmt-ports,,informational,300,active
uk-sc1-fw01-sec,noncde-ods_access_in,extended,110,CHG0136876,,,,,,,,,,,,,,,,,,
uk-sc1-fw01-sec,noncde-ods_access_in,extended,111,,permit,,,tcp,,sc1wnprnmg020,,,,sc1uxprrdb,,,3306,,,informational,300,active
uk-sc1-fw01-sec,noncde-ods_access_in,extended,112,CHG0137732, CHG0137758,,,,,,,,,,,,,,,,,,
uk-sc1-fw01-sec,noncde-ods_access_in,extended,113,,permit,,,tcp,,,DM_INLINE_NETWORK_406,,,,DM_INLINE_NETWORK_407,,23000,,,informational,300,active
uk-sc1-fw01-sec,noncde-ods_access_in,extended,114,RITM0129441,,,,,,,,,,,,,,,,,,
uk-sc1-fw01-sec,noncde-ods_access_in,extended,115,,permit,,,tcp,,who-FernandoLago,,,,uno-sandbox,,,1433,,,informational,300,active
uk-sc1-fw01-sec,noncde-ods_access_in,extended,116,CHG0141618,,,,,,,,,,,,,,,,,,
uk-sc1-fw01-sec,noncde-ods_access_in,extended,117,,permit,,,tcp,,uno-sandbox,,,10.180.139.145,,,,1526,,,informational,300,active
uk-sc1-fw01-sec,noncde-ods_access_in,extended,118,CHG0142071,,,,,,,,,,,,,,,,,,
uk-sc1-fw01-sec,noncde-ods_access_in,extended,119,,permit,,,tcp,,,grp-pr-nap-uno-servers,,,,DM_INLINE_NETWORK_447,,sqlnet,,,informational,300,active
uk-sc1-fw01-sec,noncde-ods_access_in,extended,120,test Borja - INC1067473,,,,,,,,,,,,,,,,,,
uk-sc1-fw01-sec,noncde-ods_access_in,extended,121,,permit,,,tcp,,ssrs.prod.williamhill.plc,,,,int-lb-dm-analytics-tig.sc1.prod.williamhill.plc,,,,DM_INLINE_TCP_173,,informational,300,active
uk-sc1-fw01-sec,noncde-backoffice_access_in,extended,1,CHG0115229,,,,,,,,,,,,,,,,,,
uk-sc1-fw01-sec,noncde-backoffice_access_in,extended,2,,deny,,,ip,,,Corp-WiFi-Subnets,,,,,any,,,,informational,300,inactive
uk-sc1-fw01-sec,noncde-backoffice_access_in,extended,3,CHG0140884,,,,,,,,,,,,,,,,,,
uk-sc1-fw01-sec,noncde-backoffice_access_in,extended,4,,permit,,,tcp,,,DM_INLINE_NETWORK_443,,,cems.prod.williamhill.plc,,,https,,,informational,300,active
uk-sc1-fw01-sec,noncde-backoffice_access_in,extended,5,CHG0017933, PCI Q4 2018,PCI-Q2-2019,,,,,,,,,,,,,,,,,,
uk-sc1-fw01-sec,noncde-backoffice_access_in,extended,6,,permit,,,tcp,,,grp-pr-nwb-talendtac-top,,,,grp-pr-ndb-postgresql-top,,,talend-tac,,notifications,300,active
uk-sc1-fw01-sec,noncde-backoffice_access_in,extended,7,CHG0017933, PCI-Q4-2017, PCI Q4 2018,PCI-Q2-2019,,,,,,,,,,,,,,,,,,
uk-sc1-fw01-sec,noncde-backoffice_access_in,extended,8,,permit,,,tcp,,,grp-pr-nwb-talendtac-top,,,,grp-pr-nap-talendexec-top,,,tc-server-ajp,,notifications,300,active
uk-sc1-fw01-sec,noncde-backoffice_access_in,extended,9,CHG0017933, PCI-Q4-2017, PCI Q4 2018,PCI-Q2-2019,,,,,,,,,,,,,,,,,,
uk-sc1-fw01-sec,noncde-backoffice_access_in,extended,10,,permit,,,tcp,,,grp-pr-nwb-talendtac-top,,,svn.williamhill.local,,,,svn,,notifications,300,active
uk-sc1-fw01-sec,noncde-backoffice_access_in,extended,11,CHG0020179,,,,,,,,,,,,,,,,,,
uk-sc1-fw01-sec,noncde-backoffice_access_in,extended,12,,permit,,,tcp,,,DM_INLINE_NETWORK_16,,,,DM_INLINE_NETWORK_18,,8080,,,notifications,300,active
uk-sc1-fw01-sec,noncde-backoffice_access_in,extended,13,CHG0142918,,,,,,,,,,,,,,,,,,
uk-sc1-fw01-sec,noncde-backoffice_access_in,extended,14,,permit,,,tcp,,,uipath_robot,,,int-lb-bo.gib.prod,,,,DM_INLINE_TCP_171,,,,active
uk-sc1-fw01-sec,noncde-backoffice_access_in,extended,15,CHG0137912,,,,,,,,,,,,,,,,,,
uk-sc1-fw01-sec,noncde-backoffice_access_in,extended,16,,permit,,,tcp,,,uipath_robot,,,sc1wnprefs03,,,,DM_INLINE_TCP_95,,,,active
uk-sc1-fw01-sec,noncde-backoffice_access_in,extended,17,CHG0025821,CHG0036667,,,,,,,,,,,,,,,,,,
uk-sc1-fw01-sec,noncde-backoffice_access_in,extended,18,,permit,,,tcp,,,backoffice_web_servers,,,,DM_INLINE_NETWORK_3,,,,10201 10500,informational,300,active
uk-sc1-fw01-sec,noncde-backoffice_access_in,extended,19,CHG0026112,,,,,,,,,,,,,,,,,,
uk-sc1-fw01-sec,noncde-backoffice_access_in,extended,20,,permit,,,tcp,,sc1wncpgap12,,,,sc1wncpgdb12,,,1433,,,informational,300,active
uk-sc1-fw01-sec,noncde-backoffice_access_in,extended,21,,permit,,,tcp,,PROD-MISVR1,,,,sc1wnprgdb05,,,1433,,,informational,300,active
uk-sc1-fw01-sec,noncde-backoffice_access_in,extended,22,CHG0122368,,,,,,,,,,,,,,,,,,
uk-sc1-fw01-sec,noncde-backoffice_access_in,extended,23,,permit,,DM_INLINE_SERVICE_1,,,sc1wnprnap013,,,,sc1wnprgdb05,,,,,,informational,300,active
uk-sc1-fw01-sec,noncde-backoffice_access_in,extended,24,,permit,,,tcp,,sc1wncpgap12,,,,paymentservices.bacs.co.uk,,,https,,,informational,300,active
uk-sc1-fw01-sec,noncde-backoffice_access_in,extended,25,CHG0035689,,,,,,,,,,,,,,,,,,
uk-sc1-fw01-sec,noncde-backoffice_access_in,extended,26,,permit,,,tcp,,sc1wncpgap12,,,,,bacs-servers,,,DM_INLINE_TCP_48,,informational,300,active
uk-sc1-fw01-sec,noncde-backoffice_access_in,extended,27,CHG0031104, PCI-Q4-2017, PCI Q4 2018,PCI-Q2-2019,,,,,,,,,,,,,,,,,,
uk-sc1-fw01-sec,noncde-backoffice_access_in,extended,28,,permit,,,tcp,,,grp-pr-nwb-talendtac-top,,,,grp-pr-nwb-talend_hold-top,,,tc-server-ajp,,informational,300,active
uk-sc1-fw01-sec,noncde-backoffice_access_in,extended,29,CHG0032669, PCI-Q4-2017, PCI Q4 2018,PCI-Q2-2019,,,,,,,,,,,,,,,,,,
uk-sc1-fw01-sec,noncde-backoffice_access_in,extended,30,,permit,,,tcp,,,DM_INLINE_NETWORK_76,,10.180.70.10,,,,,DM_INLINE_TCP_35,,informational,300,active
uk-sc1-fw01-sec,noncde-backoffice_access_in,extended,31,CHG0034936, PCI Q4 2018,PCI-Q2-2019,,,,,,,,,,,,,,,,,,
uk-sc1-fw01-sec,noncde-backoffice_access_in,extended,32,,permit,,,tcp,,,netrefer-uk-integration-servers,,,,DM_INLINE_NETWORK_124,,,DM_INLINE_TCP_57,,informational,300,active
uk-sc1-fw01-sec,noncde-backoffice_access_in,extended,33,CHG0034936, INC0405855, CHG0090058, CHG0090617, CHG0090793, CHG0091608, CHG0093162, CHG0093417,,,,,,,,,,,,,,,,,,
uk-sc1-fw01-sec,noncde-backoffice_access_in,extended,34,PCI Q4 2018,PCI-Q2-2019,,,,,,,,,,,,,,,,,,
uk-sc1-fw01-sec,noncde-backoffice_access_in,extended,35,,permit,,,tcp,,,netrefer-uk-integration-servers,,,,uk-netrefer-ext-feeds,,,DM_INLINE_TCP_108,,informational,300,active
uk-sc1-fw01-sec,noncde-backoffice_access_in,extended,36,CHG0034936, CHG0054490, CHG0057757, CHG0060490,PCI Q4 2018,PCI-Q2-2019,,,,,,,,,,,,,,,,,,
uk-sc1-fw01-sec,noncde-backoffice_access_in,extended,37,,permit,,,tcp,,,netrefer-uk-integration-servers,,,,DM_INLINE_NETWORK_180,,ssh,,,informational,300,active
uk-sc1-fw01-sec,noncde-backoffice_access_in,extended,38,CHG0034936, PCI Q4 2018,PCI-Q2-2019,,,,,,,,,,,,,,,,,,
uk-sc1-fw01-sec,noncde-backoffice_access_in,extended,39,,permit,,,tcp,,,netrefer-uk-integration-servers,,,,netrefer-uk-analyitics-servers,,,DM_INLINE_TCP_53,,informational,300,active
uk-sc1-fw01-sec,noncde-backoffice_access_in,extended,40,CHG0042659,,,,,,,,,,,,,,,,,,
uk-sc1-fw01-sec,noncde-backoffice_access_in,extended,41,,permit,,,tcp,,,crm-php,,,vip-10.120.99.91,,,3306,,,informational,300,active
uk-sc1-fw01-sec,noncde-backoffice_access_in,extended,42,CHG0042708, Q2-2017, PCI-Q4-2017,PCI Q2 2018,PCI Q4 2018,PCI-Q2-2019,,,,,,,,,,,,,,,,,,
uk-sc1-fw01-sec,noncde-backoffice_access_in,extended,43,,permit,,,tcp,,,netrefer-uk-integration-servers,,,ORACLE-DB-GAMES-VIP,,,1523,,,informational,300,active
uk-sc1-fw01-sec,noncde-backoffice_access_in,extended,44,CHG0016931,,,,,,,,,,,,,,,,,,
uk-sc1-fw01-sec,noncde-backoffice_access_in,extended,45,,permit,,,icmp,,,,any4,,,,any4,,,,notifications,300,active
uk-sc1-fw01-sec,noncde-backoffice_access_in,extended,46,CHG0052077,,,,,,,,,,,,,,,,,,
uk-sc1-fw01-sec,noncde-backoffice_access_in,extended,47,,permit,,,tcp,,,mars-internal-proxies,,,mars--phys-tc-cluster,,,8080,,,informational,300,active
uk-sc1-fw01-sec,noncde-backoffice_access_in,extended,48,PCI-Q2-2019,,,,,,,,,,,,,,,,,,
uk-sc1-fw01-sec,noncde-backoffice_access_in,extended,49,,permit,,,tcp,,,Tableau-web-servers,,,,DM_INLINE_NETWORK_189,,,Tableau-ports,,informational,300,active
uk-sc1-fw01-sec,noncde-backoffice_access_in,extended,50,CHG0054167, Q2-2017, PCI-Q4-2017,PCI Q2 2018,PCI Q4 2018,PCI-Q2-2019,,,,,,,,,,,,,,,,,,
uk-sc1-fw01-sec,noncde-backoffice_access_in,extended,51,,permit,,,tcp,,,DM_INLINE_NETWORK_56,,,sc1wnprnap01,,,,DM_INLINE_TCP_23,,,,active
uk-sc1-fw01-sec,noncde-backoffice_access_in,extended,52,CHG0057897, PCI-Q4-2017, PCI Q4 2018,PCI-Q2-2019,,,,,,,,,,,,,,,,,,
uk-sc1-fw01-sec,noncde-backoffice_access_in,extended,53,,permit,,,tcp,,PROD-MISVR1,,,,,DM_INLINE_NETWORK_225,,smtp,,,informational,300,active
uk-sc1-fw01-sec,noncde-backoffice_access_in,extended,54,CHG0057897,,,,,,,,,,,,,,,,,,
uk-sc1-fw01-sec,noncde-backoffice_access_in,extended,55,,permit,,,tcp,,PROD-MISVR1,,,,sc1uxprgdb01,,,sqlnet,,,informational,300,active
uk-sc1-fw01-sec,noncde-backoffice_access_in,extended,56,CHG0058556, Q2-2017, PCI-Q4-2017,PCI Q2 2018,PCI Q4 2018,PCI-Q2-2019,,,,,,,,,,,,,,,,,,
uk-sc1-fw01-sec,noncde-backoffice_access_in,extended,57,,permit,,,tcp,,sc1wnprnwb001,,,10.210.168.25,,,,smtp,,,,,active
uk-sc1-fw01-sec,noncde-backoffice_access_in,extended,58,CHG0058556,PCI-Q2-2019,,,,,,,,,,,,,,,,,,
uk-sc1-fw01-sec,noncde-backoffice_access_in,extended,59,,permit,,DM_INLINE_SERVICE_20,,,sc1wnprnwb001,,,10.120.99.155,,,,,,,,,active
uk-sc1-fw01-sec,noncde-backoffice_access_in,extended,60,CHG0061572, PCI Q4 2018,PCI-Q2-2019,,,,,,,,,,,,,,,,,,
uk-sc1-fw01-sec,noncde-backoffice_access_in,extended,61,,permit,,,tcp,,,crm-php,,,sc1uxprnwb51,,,ssh,,,informational,300,active
uk-sc1-fw01-sec,noncde-backoffice_access_in,extended,62,CHG0062151 , CH0071069, PCI Q4 2018,PCI-Q2-2019,,,,,,,,,,,,,,,,,,
uk-sc1-fw01-sec,noncde-backoffice_access_in,extended,63,,permit,,,tcp,,,netrefer-uk-integration-servers,,,who.midtier.prod.netrefer.com,,,,DM_INLINE_TCP_117,,informational,300,active
uk-sc1-fw01-sec,noncde-backoffice_access_in,extended,64,CHG0064103, PCI Q4 2018,PCI-Q2-2019,,,,,,,,,,,,,,,,,,
uk-sc1-fw01-sec,noncde-backoffice_access_in,extended,65,,permit,,,tcp,,,sas-backoffice-servers,,,sc1uxprnap002,,,8561,,,informational,300,active
uk-sc1-fw01-sec,noncde-backoffice_access_in,extended,66,CHG0064103, PCI Q4 2018,PCI-Q2-2019,,,,,,,,,,,,,,,,,,
uk-sc1-fw01-sec,noncde-backoffice_access_in,extended,67,,permit,,,tcp,,,sas-backoffice-servers,,,sc1uxprnap001,,,,sas-web-ports,,informational,300,active
uk-sc1-fw01-sec,noncde-backoffice_access_in,extended,68,CHG0064103, PCI Q4 2018,PCI-Q2-2019,,,,,,,,,,,,,,,,,,
uk-sc1-fw01-sec,noncde-backoffice_access_in,extended,69,,permit,,,tcp,,,sas-backoffice-servers,,,sc1uxprnap003,,,,sas-engine-ports,,informational,300,active
uk-sc1-fw01-sec,noncde-backoffice_access_in,extended,70,CHG0082448, CHG0082846, PCI Q4 2018,PCI-Q2-2019,,,,,,,,,,,,,,,,,,
uk-sc1-fw01-sec,noncde-backoffice_access_in,extended,71,,permit,,,tcp,,,sas-backoffice-servers,,,,UNO-SSAS-listeners,,,UNO-ReportingSerives-TCP,,informational,300,active
uk-sc1-fw01-sec,noncde-backoffice_access_in,extended,72,CHG0063878, PCI-Q4-2017, PCI Q4 2018,PCI-Q2-2019,,,,,,,,,,,,,,,,,,
uk-sc1-fw01-sec,noncde-backoffice_access_in,extended,73,,permit,,,tcp,,,netrefer-uk-integration-servers,,,transferdb.pokerstrategy.com,,,ssh,,,informational,300,active
uk-sc1-fw01-sec,noncde-backoffice_access_in,extended,74,CHG0064960,,,,,,,,,,,,,,,,,,
uk-sc1-fw01-sec,noncde-backoffice_access_in,extended,75,,permit,,,tcp,,sc1uxprnap95,,,,brsux595,,,ssh,,,,,active
uk-sc1-fw01-sec,noncde-backoffice_access_in,extended,76,CHG0063859, CHG0067492, PCI Q4 2018,PCI-Q2-2019,,,,,,,,,,,,,,,,,,
uk-sc1-fw01-sec,noncde-backoffice_access_in,extended,77,,permit,,,tcp,,,crm-calendar-app-svrs,,,,scc-dcs,,ldap,,,,,active
uk-sc1-fw01-sec,noncde-backoffice_access_in,extended,78,CHG006556,,,,,,,,,,,,,,,,,,
uk-sc1-fw01-sec,noncde-backoffice_access_in,extended,79,,permit,,,tcp,,sc1wncpgap12,,,,sc1apprnsc001.prod.williamhill.plc,,,,,5001 5003,informational,300,active
uk-sc1-fw01-sec,noncde-backoffice_access_in,extended,80,CHG0067874,,,,,,,,,,,,,,,,,,
uk-sc1-fw01-sec,noncde-backoffice_access_in,extended,81,,permit,,,tcp,,sc1wncpgap12,,,,PROD1,,,ssh,,,informational,300,active
uk-sc1-fw01-sec,noncde-backoffice_access_in,extended,82,CHG0068310, CHG0070096, PCI-Q4-2017, PCI Q4 2018,PCI-Q2-2019,,,,,,,,,,,,,,,,,,
uk-sc1-fw01-sec,noncde-backoffice_access_in,extended,83,,permit,,,tcp,,,olmf-int-proxy-svrs,,,olmf-php-server-vip,,,https,,,,,active
uk-sc1-fw01-sec,noncde-backoffice_access_in,extended,84,CHG006556,,,,,,,,,,,,,,,,,,
uk-sc1-fw01-sec,noncde-backoffice_access_in,extended,85,,permit,,,udp,,sc1wncpgap12,,,,sc1apprnsc001.prod.williamhill.plc,,,,,5001 5003,informational,300,active
uk-sc1-fw01-sec,noncde-backoffice_access_in,extended,86,CHG0074936, CHG0074942, CHG0074955,,,,,,,,,,,,,,,,,,
uk-sc1-fw01-sec,noncde-backoffice_access_in,extended,87,,permit,,bacs-transfer,,,bacs-server,,,,PROD1,,,,,,informational,300,active
uk-sc1-fw01-sec,noncde-backoffice_access_in,extended,88,CHG0076656,,,,,,,,,,,,,,,,,,
uk-sc1-fw01-sec,noncde-backoffice_access_in,extended,89,,permit,,qlickview_ports_udp_tcp,,,,qlickview_web,,,,qlickview_app,,,,,,,active
uk-sc1-fw01-sec,noncde-backoffice_access_in,extended,90,CHG0082356,,,,,,,,,,,,,,,,,,
uk-sc1-fw01-sec,noncde-backoffice_access_in,extended,91,,permit,,,tcp,,sc1wncpgap12,,,,stj-proofpoint,,,smtp,,,,,active
uk-sc1-fw01-sec,noncde-backoffice_access_in,extended,92,CHG0082151,PCI-Q2-2019,,,,,,,,,,,,,,,,,,
uk-sc1-fw01-sec,noncde-backoffice_access_in,extended,93,,permit,,,tcp,,,olmf-int-proxy-svrs,,,feeds-php.prod.williamhill.plc,,,https,,,informational,300,active
uk-sc1-fw01-sec,noncde-backoffice_access_in,extended,94,CHG0068208, Q2-2017, PCI-Q4-2017, PCI Q4 2018,PCI-Q2-2019,,,,,,,,,,,,,,,,,,
uk-sc1-fw01-sec,noncde-backoffice_access_in,extended,95,,permit,,,tcp,,sc1wnprnwb250,,,,support.q-max.co.uk,,,30000,,,informational,300,active
uk-sc1-fw01-sec,noncde-backoffice_access_in,extended,96,CHG0101250,,,,,,,,,,,,,,,,,,
uk-sc1-fw01-sec,noncde-backoffice_access_in,extended,97,,permit,,,tcp,,,Internal_proxyusers,,,,int-lb-gib-prd,,www,,,,,active
uk-sc1-fw01-sec,noncde-backoffice_access_in,extended,98,CHG0101906, PCI Q4 2018,PCI-Q2-2019,,,,,,,,,,,,,,,,,,
uk-sc1-fw01-sec,noncde-backoffice_access_in,extended,99,,permit,,,tcp,,,DM_INLINE_NETWORK_109,,,sc1uxprnwb040,,,ssh,,,informational,300,active
uk-sc1-fw01-sec,noncde-backoffice_access_in,extended,100,CHG0102882, PCI-Q4-2017, PCI Q4 2018,PCI-Q2-2019,,,,,,,,,,,,,,,,,,
uk-sc1-fw01-sec,noncde-backoffice_access_in,extended,101,,permit,,,tcp,,,mi-web-srvs,,,,mi-app-srvs,,,mi-app-ports,,informational,300,active
uk-sc1-fw01-sec,noncde-backoffice_access_in,extended,102,CHG0113548,PCI-Q2-2019,,,,,,,,,,,,,,,,,,
uk-sc1-fw01-sec,noncde-backoffice_access_in,extended,103,,permit,,,tcp,10.120.66.112,,,,,SAP_Cloud,,,ssh,,,informational,300,active
uk-sc1-fw01-sec,noncde-backoffice_access_in,extended,104,CHG0121334,,,,,,,,,,,,,,,,,,
uk-sc1-fw01-sec,noncde-backoffice_access_in,extended,105,,permit,,,tcp,,sc1wnprnwb001,,,,Sc1uxprgdb05,,,sqlnet,,,informational,300,active
uk-sc1-fw01-sec,noncde-backoffice_access_in,extended,106,CHG0131970,,,,,,,,,,,,,,,,,,
uk-sc1-fw01-sec,noncde-backoffice_access_in,extended,107,,permit,,DM_INLINE_SERVICE_382,,,,DM_INLINE_NETWORK_381,,,,DM_INLINE_NETWORK_383,,,,,informational,300,active
uk-sc1-fw01-sec,noncde-backoffice_access_in,extended,108,CHG0134302, CHG0134423,,,,,,,,,,,,,,,,,,
uk-sc1-fw01-sec,noncde-backoffice_access_in,extended,109,,permit,,,tcp,,sc1uxprnwb009,,,,,DM_INLINE_NETWORK_69,,,DM_INLINE_TCP_5,,informational,300,active
uk-sc1-fw01-sec,noncde-backoffice_access_in,extended,110,CHG0137135,,,,,,,,,,,,,,,,,,
uk-sc1-fw01-sec,noncde-backoffice_access_in,extended,111,,permit,,,tcp,,sc1wnprewb10,,,10.120.99.155,,,,sqlnet,,,informational,300,active
uk-sc1-fw01-sec,noncde-backoffice_access_in,extended,112,CHG0137135,,,,,,,,,,,,,,,,,,
uk-sc1-fw01-sec,noncde-backoffice_access_in,extended,113,,permit,,,tcp,,sc1wnprewb10,,,,,DM_INLINE_NETWORK_278,,,TCP-9997,,informational,300,active
uk-sc1-fw01-sec,noncde-backoffice_access_in,extended,114,CHG0138285,,,,,,,,,,,,,,,,,,
uk-sc1-fw01-sec,noncde-backoffice_access_in,extended,115,,permit,,,tcp,,,uipath_robot,,,,DM_INLINE_NETWORK_416,,https,,,informational,300,active
uk-sc1-fw01-sec,noncde-backoffice_access_in,extended,116,CHG0137728,,,,,,,,,,,,,,,,,,
uk-sc1-fw01-sec,noncde-backoffice_access_in,extended,117,,permit,,,tcp,,SC1WNPRNWB30,,,,,DM_INLINE_NETWORK_400,,https,,,informational,300,active
uk-sc1-fw01-sec,noncde-backoffice_access_in,extended,118,CHG0137733, CHG0138285, CHG0138277,,,,,,,,,,,,,,,,,,
uk-sc1-fw01-sec,noncde-backoffice_access_in,extended,119,,permit,,,tcp,,,uipath_robot,,,,DM_INLINE_NETWORK_415,,,DM_INLINE_TCP_105,,informational,300,active
uk-sc1-fw01-sec,noncde-backoffice_access_in,extended,120,CHG0137733,,,,,,,,,,,,,,,,,,
uk-sc1-fw01-sec,noncde-backoffice_access_in,extended,121,,permit,,,tcp,,SC1WNPRNWB30,,,,,DM_INLINE_NETWORK_404,,,DM_INLINE_TCP_94,,informational,300,active
uk-sc1-fw01-sec,noncde-backoffice_access_in,extended,122,CHG0142064,,,,,,,,,,,,,,,,,,
uk-sc1-fw01-sec,noncde-backoffice_access_in,extended,123,,permit,,DM_INLINE_SERVICE_449,,,,DM_INLINE_NETWORK_448,,,SC1WNPRNAP002,,,,,,informational,300,active
uk-sc1-fw01-sec,noncde-app_access_in,extended,1,CHG0115229,,,,,,,,,,,,,,,,,,
uk-sc1-fw01-sec,noncde-app_access_in,extended,2,,deny,,,ip,,,Corp-WiFi-Subnets,,,,,any,,,,informational,300,inactive
uk-sc1-fw01-sec,noncde-app_access_in,extended,3,CHG0139808,,,,,,,,,,,,,,,,,,
uk-sc1-fw01-sec,noncde-app_access_in,extended,4,,permit,,,tcp,,Business_Objects_ETL_Server,,,,,aws-retail-db,,3306,,,informational,300,active
uk-sc1-fw01-sec,noncde-app_access_in,extended,5,CHG0023174, CHG0032663,CHG0036667,,,,,,,,,,,,,,,,,,
uk-sc1-fw01-sec,noncde-app_access_in,extended,6,,permit,,,tcp,,,DM_INLINE_NETWORK_77,,,,DM_INLINE_NETWORK_28,,,DM_INLINE_TCP_36,,,,active
uk-sc1-fw01-sec,noncde-app_access_in,extended,7,CHG0021954, PCI Q4 2018,PCI-Q2-2019,,,,,,,,,,,,,,,,,,
uk-sc1-fw01-sec,noncde-app_access_in,extended,8,,permit,,,tcp,,,DM_INLINE_NETWORK_79,,,,DM_INLINE_NETWORK_29,,smtp,,,,,active
uk-sc1-fw01-sec,noncde-app_access_in,extended,9,CHG0021438, CHG0035150, PCI-Q4-2017, PCI Q4 2018,PCI-Q2-2019,,,,,,,,,,,,,,,,,,
uk-sc1-fw01-sec,noncde-app_access_in,extended,10,,permit,,,tcp,,,DM_INLINE_NETWORK_104,,,brs-proofpoint,,,smtp,,,informational,300,active
uk-sc1-fw01-sec,noncde-app_access_in,extended,11,CHG0021438, PCI-Q4-2017, PCI Q4 2018,PCI-Q2-2019,,,,,,,,,,,,,,,,,,
uk-sc1-fw01-sec,noncde-app_access_in,extended,12,,permit,,,tcp,,sc1wnprgdb02,,,10.180.33.100,,,,,DM_INLINE_TCP_15,,informational,300,active
uk-sc1-fw01-sec,noncde-app_access_in,extended,13,CHG0076019,,,,,,,,,,,,,,,,,,
uk-sc1-fw01-sec,noncde-app_access_in,extended,14,,permit,,,tcp,,,grp-pr-scc-ta-db-13-14,,,brs-proofpoint,,,smtp,,,informational,300,active
uk-sc1-fw01-sec,noncde-app_access_in,extended,15,CHG0030418,CHG0034121,PCI-Q2-2019,,,,,,,,,,,,,,,,,,
uk-sc1-fw01-sec,noncde-app_access_in,extended,16,,permit,,,tcp,,,DM_INLINE_NETWORK_51,,,,DM_INLINE_NETWORK_52,,10301,,,informational,300,active
uk-sc1-fw01-sec,noncde-app_access_in,extended,17,CHG0075108 CHG0075369,,,,,,,,,,,,,,,,,,
uk-sc1-fw01-sec,noncde-app_access_in,extended,18,,permit,,,tcp,,,grp-pr-scc-ta-db,,,,grp-pr-scc-as400,,ftp,,,informational,300,active
uk-sc1-fw01-sec,noncde-app_access_in,extended,19,CHG0032669,CHG0036667,CHG0134721,,,,,,,,,,,,,,,,,,
uk-sc1-fw01-sec,noncde-app_access_in,extended,20,,permit,,,tcp,,,oxi_application_servers,,,,DM_INLINE_NETWORK_122,,,DM_INLINE_TCP_34,,informational,300,active
uk-sc1-fw01-sec,noncde-app_access_in,extended,21,CHG0033880, CHG0036667, Q2-2017, PCI-Q4-2017,PCI-Q2-2019,,,,,,,,,,,,,,,,,,
uk-sc1-fw01-sec,noncde-app_access_in,extended,22,,permit,,,tcp,,,oxi_application_servers,,,informix-hdr-vip,,,1530,,,informational,300,active
uk-sc1-fw01-sec,noncde-app_access_in,extended,23,CHG0037559,CHG0040078, PCI-Q4-2017, PCI Q4 2018,PCI-Q2-2019,,,,,,,,,,,,,,,,,,
uk-sc1-fw01-sec,noncde-app_access_in,extended,24,,permit,,,tcp,,,oxi_application_servers71-71,,,Gib-Oxi-VIP,,,10287,,,informational,300,active
uk-sc1-fw01-sec,noncde-app_access_in,extended,25,CHG0016931,,,,,,,,,,,,,,,,,,
uk-sc1-fw01-sec,noncde-app_access_in,extended,26,,permit,,,icmp,,,,any4,,,,any4,,,,notifications,300,active
uk-sc1-fw01-sec,noncde-app_access_in,extended,27,,permit,,,tcp,,,mars-tc-cluster,,,sc1uxprnwb51,,,ssh,,,informational,300,active
uk-sc1-fw01-sec,noncde-app_access_in,extended,28,,permit,,,tcp,,,mars-tc-cluster,,,RSS.gib_openbetrep_top,,,1528,,,informational,300,active
uk-sc1-fw01-sec,noncde-app_access_in,extended,29,PCI-Q4-2017, PCI Q4 2018,PCI-Q2-2019,,,,,,,,,,,,,,,,,,
uk-sc1-fw01-sec,noncde-app_access_in,extended,30,,permit,,,tcp,,,mars-tc-cluster,,,marketing-internalproxy,,,,web-ports,,informational,300,active
uk-sc1-fw01-sec,noncde-app_access_in,extended,31,PCI-Q4-2017, PCI Q4 2018,PCI-Q2-2019,,,,,,,,,,,,,,,,,,
uk-sc1-fw01-sec,noncde-app_access_in,extended,32,,permit,,,tcp,,,mars-tc-cluster,,,sc1usprnwb-VIP,,,3128,,,informational,300,active
uk-sc1-fw01-sec,noncde-app_access_in,extended,33,CHG0052718 , CHG0061770,PCI-Q2-2019,,,,,,,,,,,,,,,,,,
uk-sc1-fw01-sec,noncde-app_access_in,extended,34,,permit,,,tcp,,,mars-tc-cluster,,,,DM_INLINE_NETWORK_230,,50312,,,informational,300,active
uk-sc1-fw01-sec,noncde-app_access_in,extended,35,CHG0055881, CHG0092557, PCI-Q4-2017, PCI Q4 2018,PCI-Q2-2019,,,,,,,,,,,,,,,,,,
uk-sc1-fw01-sec,noncde-app_access_in,extended,36,,permit,,,tcp,,,mars-tc-cluster,,,,DM_INLINE_NETWORK_19,,ldaps,,,informational,300,active
uk-sc1-fw01-sec,noncde-app_access_in,extended,37,CHG0061454, PCI-Q4-2017, PCI Q4 2018,PCI-Q2-2019,,,,,,,,,,,,,,,,,,
uk-sc1-fw01-sec,noncde-app_access_in,extended,38,,permit,,,tcp,,,mars-tc-cluster,,,mars-google-proxy,,,,squid-ports-tcp,,informational,300,active
uk-sc1-fw01-sec,noncde-app_access_in,extended,39,CHG0103332,,,,,,,,,,,,,,,,,,
uk-sc1-fw01-sec,noncde-app_access_in,extended,40,,permit,,,tcp,,,sag-php-svrs,,,int-lb-sa-generics-php,,,,web-ports,,informational,300,active
uk-sc1-fw01-sec,noncde-app_access_in,extended,41,,permit,,,tcp,,sc1wnprnap01,,,,sc1wnprndb01,,,,DM_INLINE_TCP_2,,,,active
uk-sc1-fw01-sec,noncde-app_access_in,extended,42,CHG0054167,,,,,,,,,,,,,,,,,,
uk-sc1-fw01-sec,noncde-app_access_in,extended,43,,permit,,,tcp,,sc1wnprnap01,,,,,DM_INLINE_NETWORK_56,,,DM_INLINE_TCP_23,,,,active
uk-sc1-fw01-sec,noncde-app_access_in,extended,44,CHG0054167,,,,,,,,,,,,,,,,,,
uk-sc1-fw01-sec,noncde-app_access_in,extended,45,CHG0054167,,,,,,,,,,,,,,,,,,
uk-sc1-fw01-sec,noncde-app_access_in,extended,46,,permit,,,tcp,,sc1wnprnap01,,,,sc1wnprndb01,,,,DM_INLINE_TCP_20,,,,active
uk-sc1-fw01-sec,noncde-app_access_in,extended,47,CHG0057619, CHG0131573,,,,,,,,,,,,,,,,,,
uk-sc1-fw01-sec,noncde-app_access_in,extended,48,,permit,,,tcp,,,DM_INLINE_NETWORK_380,,10.100.50.5,,,,ssh,,,,,active
uk-sc1-fw01-sec,noncde-app_access_in,extended,49,CHG0057619, PCI-Q4-2017, PCI Q4 2018,PCI-Q2-2019,,,,,,,,,,,,,,,,,,
uk-sc1-fw01-sec,noncde-app_access_in,extended,50,,permit,,,tcp,,Business_Objects_ETL_Server,,,10.100.9.230,,,,1433,,,,,active
uk-sc1-fw01-sec,noncde-app_access_in,extended,51,CHG0083338,,,,,,,,,,,,,,,,,,
uk-sc1-fw01-sec,noncde-app_access_in,extended,52,,permit,,,tcp,,Business_Objects_ETL_Server,,,,sc1uxprnwb51,,,ssh,,,informational,300,active
uk-sc1-fw01-sec,noncde-app_access_in,extended,53,CHG0057897, PCI-Q4-2017, PCI Q4 2018,PCI-Q2-2019,,,,,,,,,,,,,,,,,,
uk-sc1-fw01-sec,noncde-app_access_in,extended,54,,permit,,,tcp,,sc1uxprgdb01,,,,Prod_epos_Bai,,,ftp,,,informational,300,active
uk-sc1-fw01-sec,noncde-app_access_in,extended,55,CHG0078585,,,,,,,,,,,,,,,,,,
uk-sc1-fw01-sec,noncde-app_access_in,extended,56,,permit,,,tcp,,sc1uxprgdb01,,,,,Retail-SFTP-Servers,,ssh,,,informational,300,active
uk-sc1-fw01-sec,noncde-app_access_in,extended,57,CHG0078585,,,,,,,,,,,,,,,,,,
uk-sc1-fw01-sec,noncde-app_access_in,extended,58,,permit,,,tcp,,sc1wnprndb019,,,,,Retail-SFTP-Servers,,ssh,,,informational,300,active
uk-sc1-fw01-sec,noncde-app_access_in,extended,59,CHG0086207, Q2-2017, PCI-Q4-2017,PCI-Q2-2019,,,,,,,,,,,,,,,,,,
uk-sc1-fw01-sec,noncde-app_access_in,extended,60,,permit,,,tcp,,sc1wnprndb019,,,,brs-ces-sql-vip,,,1433,,,informational,300,active
uk-sc1-fw01-sec,noncde-app_access_in,extended,61,CHG0057897,,,,,,,,,,,,,,,,,,
uk-sc1-fw01-sec,noncde-app_access_in,extended,62,,permit,,,tcp,,Business_Objects_ETL_Server,,,,,DM_INLINE_NETWORK_226,,,DM_INLINE_TCP_106,,informational,300,active
uk-sc1-fw01-sec,noncde-app_access_in,extended,63,CHG0140054,,,,,,,,,,,,,,,,,,
uk-sc1-fw01-sec,noncde-app_access_in,extended,64,,permit,,,tcp,,Business_Objects_ETL_Server,,,,,DM_INLINE_NETWORK_436,,,DM_INLINE_TCP_127,,informational,300,active
uk-sc1-fw01-sec,noncde-app_access_in,extended,65,CHG0140054,,,,,,,,,,,,,,,,,,
uk-sc1-fw01-sec,noncde-app_access_in,extended,66,,permit,,,tcp,,Business_Objects_ETL_Server,,,,dfwsftp.cadency.trintech.com,,,ssh,,,informational,300,active
uk-sc1-fw01-sec,noncde-app_access_in,extended,67,CHG0057897, Q2-2017, PCI-Q4-2017, PCI Q4 2018,,,,,,,,,,,,,,,,,,
uk-sc1-fw01-sec,noncde-app_access_in,extended,68,,permit,,,tcp,,Business_Objects_ETL_Server,,,,HEAT,,,1433,,,informational,300,active
uk-sc1-fw01-sec,noncde-app_access_in,extended,69,CHG0057897,,,,,,,,,,,,,,,,,,
uk-sc1-fw01-sec,noncde-app_access_in,extended,70,,permit,,,tcp,,Business_Objects_ETL_Server,,,,PROD-MISVR1,,,445,,,informational,300,active
uk-sc1-fw01-sec,noncde-app_access_in,extended,71,CHG0057897, PCI-Q4-2017, PCI Q4 2018,PCI-Q2-2019,,,,,,,,,,,,,,,,,,
uk-sc1-fw01-sec,noncde-app_access_in,extended,72,,permit,,,tcp,,Business_Objects_ETL_Server,,,,,DM_INLINE_NETWORK_227,,smtp,,,informational,300,active
uk-sc1-fw01-sec,noncde-app_access_in,extended,73,CHG0061385,,,,,,,,,,,,,,,,,,
uk-sc1-fw01-sec,noncde-app_access_in,extended,74,,permit,,,tcp,10.120.99.10,,,,10.120.66.23,,,,8443,,,,,active
uk-sc1-fw01-sec,noncde-app_access_in,extended,75,CHG0061385, PCI-Q4-2017,,,,,,,,,,,,,,,,,,
uk-sc1-fw01-sec,noncde-app_access_in,extended,76,,permit,,,tcp,10.120.99.10,,,,10.120.66.23,,,,8080,,,,,active
uk-sc1-fw01-sec,noncde-app_access_in,extended,77,CHG0060831, PCI-Q4-2017, PCI Q4 2018,PCI-Q2-2019,,,,,,,,,,,,,,,,,,
uk-sc1-fw01-sec,noncde-app_access_in,extended,78,,permit,,,tcp,10.120.99.154,,,,,,mail-servers,,smtp,,,,,active
uk-sc1-fw01-sec,noncde-app_access_in,extended,79,CHG0069073,,,,,,,,,,,,,,,,,,
uk-sc1-fw01-sec,noncde-app_access_in,extended,80,,permit,,,tcp,,sc1wncpgdb12,,,,brswnprncp002.prod.williamhill.plc,,,,BACS_SQL,,,,active
uk-sc1-fw01-sec,noncde-app_access_in,extended,81,CHG0068310,,,,,,,,,,,,,,,,,,
uk-sc1-fw01-sec,noncde-app_access_in,extended,82,,permit,,,tcp,,,olmf-php-servers,,,,scc-dcs,,ldap,,,,,active
uk-sc1-fw01-sec,noncde-app_access_in,extended,83,CHG0068310,,,,,,,,,,,,,,,,,,
uk-sc1-fw01-sec,noncde-app_access_in,extended,84,,permit,,,tcp,,,olmf-php-servers,,,ldap-adgency-brs,,,ldap,,,,,active
uk-sc1-fw01-sec,noncde-app_access_in,extended,85,CHG0070096, CHG0070268, PCI-Q4-2017, PCI Q4 2018,PCI-Q2-2019,,,,,,,,,,,,,,,,,,
uk-sc1-fw01-sec,noncde-app_access_in,extended,86,,permit,,,tcp,,,olmf-php-servers,,,olmf-gw-proxy-prod-vip,,,https,,,,,active
uk-sc1-fw01-sec,noncde-app_access_in,extended,87,CHG0075723,PCI-Q2-2019,,,,,,,,,,,,,,,,,,
uk-sc1-fw01-sec,noncde-app_access_in,extended,88,,permit,,,tcp,,,grp-nukav-app-servers,,,olmf-gw-proxy-prod-vip,,,https,,,informational,300,active
uk-sc1-fw01-sec,noncde-app_access_in,extended,89,CHG0070655,,,,,,,,,,,,,,,,,,
uk-sc1-fw01-sec,noncde-app_access_in,extended,90,,permit,,,tcp,,,olmf-php-servers,,,,olmf-hazelcast-svrs,,5701,,,,,active
uk-sc1-fw01-sec,noncde-app_access_in,extended,91,CHG0076656,,,,,,,,,,,,,,,,,,
uk-sc1-fw01-sec,noncde-app_access_in,extended,92,,permit,,qlickview_ports_udp_tcp,,,,qlickview_app,,,,qlickview_web,,,,,,,active
uk-sc1-fw01-sec,noncde-app_access_in,extended,93,CHG0076656,,,,,,,,,,,,,,,,,,
uk-sc1-fw01-sec,noncde-app_access_in,extended,94,,permit,,,tcp,,,qlickview_app,,,PRODJDE-VIP,,,,jde_ports_tcp,,,,active
uk-sc1-fw01-sec,noncde-app_access_in,extended,95,CHG0082859,,,,,,,,,,,,,,,,,,
uk-sc1-fw01-sec,noncde-app_access_in,extended,96,,permit,,,tcp,,sc1uxprnap019,,,,PROD1,,,ssh,,,informational,300,active
uk-sc1-fw01-sec,noncde-app_access_in,extended,97,CHG0082151,,,,,,,,,,,,,,,,,,
uk-sc1-fw01-sec,noncde-app_access_in,extended,98,,permit,,,tcp,,,fct-php-app-srvs,,,,fct-cache-cluser-svrs,,5701,,,informational,300,active
uk-sc1-fw01-sec,noncde-app_access_in,extended,99,CHG0082151,,,,,,,,,,,,,,,,,,
uk-sc1-fw01-sec,noncde-app_access_in,extended,100,,permit,,,tcp,,,fct-php-app-srvs,,,feeds-db.prod.williamhill.plc,,,3307,,,informational,300,active
uk-sc1-fw01-sec,noncde-app_access_in,extended,101,CHG0082151,,,,,,,,,,,,,,,,,,
uk-sc1-fw01-sec,noncde-app_access_in,extended,102,,permit,,,tcp,,,fct-perl-app-srvs,,,feeds-db.prod.williamhill.plc,,,3307,,,informational,300,active
uk-sc1-fw01-sec,noncde-app_access_in,extended,103,CHG0082151 CHG0083600,PCI-Q2-2019,,,,,,,,,,,,,,,,,,
uk-sc1-fw01-sec,noncde-app_access_in,extended,104,,permit,,,tcp,,,fct-perl-app-srvs,,,gw.whapi.local,,,,DM_INLINE_TCP_131,,informational,300,active
uk-sc1-fw01-sec,noncde-app_access_in,extended,105,CHG0086206,,,,,,,,,,,,,,,,,,
uk-sc1-fw01-sec,noncde-app_access_in,extended,106,,permit,,,tcp,,sc1wnprndb019,,,,CES-SQL-VIP,,,1433,,,,,active
uk-sc1-fw01-sec,noncde-app_access_in,extended,107,CHG0093492, PCI-Q4-2017,PCI-Q2-2019,,,,,,,,,,,,,,,,,,
uk-sc1-fw01-sec,noncde-app_access_in,extended,108,,permit,,,tcp,,sc1uxprnap71,,,,OnshoreArchive_DB,,,1530,,,informational,300,active
uk-sc1-fw01-sec,noncde-app_access_in,extended,109,CHG0090785, DR do not remove, Q2-2017,,,,,,,,,,,,,,,,,,
uk-sc1-fw01-sec,noncde-app_access_in,extended,110,,permit,,,tcp,10.120.99.52,,,,,BRSUX090,,,sqlnet,,,informational,300,active
uk-sc1-fw01-sec,noncde-app_access_in,extended,111,CHG0096923,,,,,,,,,,,,,,,,,,
uk-sc1-fw01-sec,noncde-app_access_in,extended,112,,permit,,,tcp,,Business_Objects_ETL_Server,,,,,grp-omni-databases,,3306,,,informational,300,active
uk-sc1-fw01-sec,noncde-app_access_in,extended,113,CHG0097318, PCI-Q4-2017, PCI Q4 2018,,,,,,,,,,,,,,,,,,
uk-sc1-fw01-sec,noncde-app_access_in,extended,114,,permit,,,tcp,,,DM_INLINE_NETWORK_37,,10.100.4.230,,,,1433,,,notifications,300,active
uk-sc1-fw01-sec,noncde-app_access_in,extended,115,CHG0097878,PCI-Q2-2019,,,,,,,,,,,,,,,,,,
uk-sc1-fw01-sec,noncde-app_access_in,extended,116,,permit,,,tcp,,,DM_INLINE_NETWORK_40,,,whdppresent01,,,23000,,,informational,300,active
uk-sc1-fw01-sec,noncde-app_access_in,extended,117,CHG0097917,,,,,,,,,,,,,,,,,,
uk-sc1-fw01-sec,noncde-app_access_in,extended,118,,permit,,,tcp,,,DM_INLINE_NETWORK_41,,,,DM_INLINE_NETWORK_59,,www,,,informational,300,active
uk-sc1-fw01-sec,noncde-app_access_in,extended,119,PCI-Q4-2017, PCI Q4 2018,PCI-Q2-2019,,,,,,,,,,,,,,,,,,
uk-sc1-fw01-sec,noncde-app_access_in,extended,120,,permit,,,tcp,,grp-p-napp-olmf-range,,,,,DM_INLINE_NETWORK_154,,,DM_INLINE_TCP_12,,informational,300,active
uk-sc1-fw01-sec,noncde-app_access_in,extended,121,CHG0101312, PCI-Q4-2017, PCI Q4 2018,PCI-Q2-2019,,,,,,,,,,,,,,,,,,
uk-sc1-fw01-sec,noncde-app_access_in,extended,122,,permit,,,tcp,,,olmf-php-servers,,10.120.74.29,,,,,olmf-forward-proxy-ports,,informational,300,active
uk-sc1-fw01-sec,noncde-app_access_in,extended,123,CHG0103267,PCI-Q2-2019,,,,,,,,,,,,,,,,,,
uk-sc1-fw01-sec,noncde-app_access_in,extended,124,,permit,,,tcp,,,mars-tc-cluster,,,int-lb-sa-generics-php,,,,web-ports,,informational,300,active
uk-sc1-fw01-sec,noncde-app_access_in,extended,125,CHG0101630,,,,,,,,,,,,,,,,,,
uk-sc1-fw01-sec,noncde-app_access_in,extended,126,,permit,,,tcp,,,oxi_application_servers71-71,,,gib-oxirepserver-tig,,,10287,,,informational,300,active
uk-sc1-fw01-sec,noncde-app_access_in,extended,127,CHG0101912,,,,,,,,,,,,,,,,,,
uk-sc1-fw01-sec,noncde-app_access_in,extended,128,,permit,,,tcp,,,DM_INLINE_NETWORK_110,,,sc1uxprnwb040,,,ssh,,,informational,300,active
uk-sc1-fw01-sec,noncde-app_access_in,extended,129,CHG0103084, PCI-Q4-2017, PCI Q4 2018,,,,,,,,,,,,,,,,,,
uk-sc1-fw01-sec,noncde-app_access_in,extended,130,,permit,,,tcp,,,MI-Server-Group,,,,mi-mig-srvs,,,mi-app-ports,,informational,300,active
uk-sc1-fw01-sec,noncde-app_access_in,extended,131,CHG0105450, PCI-Q4-2017, PCI Q4 2018,PCI-Q2-2019,,,,,,,,,,,,,,,,,,
uk-sc1-fw01-sec,noncde-app_access_in,extended,132,,permit,,,tcp,,,olmf-php-servers,,,ms-prd-internal-proxy-vip,,,,Webservices,,informational,300,active
uk-sc1-fw01-sec,noncde-app_access_in,extended,133,CHG0095363, Q2-2017, PCI-Q4-2017, PCI Q4 2018,PCI-Q2-2019,,,,,,,,,,,,,,,,,,
uk-sc1-fw01-sec,noncde-app_access_in,extended,134,,permit,,DM_INLINE_SERVICE_28,,,,DM_INLINE_NETWORK_163,,10.120.163.73,,,,,,,informational,300,active
uk-sc1-fw01-sec,noncde-app_access_in,extended,135,CHG0107499,,,,,,,,,,,,,,,,,,
uk-sc1-fw01-sec,noncde-app_access_in,extended,136,,permit,,,tcp,,grp-pr-n-svrs-mars,,,,int-lb-mars.gib.prod,,,,web-ports,,informational,300,active
uk-sc1-fw01-sec,noncde-app_access_in,extended,137,CHG0109026,,,,,,,,,,,,,,,,,,
uk-sc1-fw01-sec,noncde-app_access_in,extended,138,,permit,,,tcp,,,DM_INLINE_NETWORK_216,,,,DM_INLINE_NETWORK_360,,1433,,,informational,300,active
uk-sc1-fw01-sec,noncde-app_access_in,extended,139,CHG0111088,,,,,,,,,,,,,,,,,,
uk-sc1-fw01-sec,noncde-app_access_in,extended,140,,permit,,,tcp,,,commvault-backup-networks,,,,,10.120.46.0 255.255.255.128,,DM_INLINE_TCP_97,,informational,300,active
uk-sc1-fw01-sec,noncde-app_access_in,extended,141,CHG0112435,PCI-Q2-2019,,,,,,,,,,,,,,,,,,
uk-sc1-fw01-sec,noncde-app_access_in,extended,142,,permit,,,tcp,,,grp-trading-oracle,,,brswn246.prod.williamhill.plc,,,,DM_INLINE_TCP_114,,informational,300,active
uk-sc1-fw01-sec,noncde-app_access_in,extended,143,CHG0120138,PCI-Q2-2019,,,,,,,,,,,,,,,,,,
uk-sc1-fw01-sec,noncde-app_access_in,extended,144,,permit,,TCPUDP,,,,,10.120.99.0 255.255.255.0,,SCC-NAS,,,,DM_INLINE_TCPUDP_2,,informational,300,active
uk-sc1-fw01-sec,noncde-app_access_in,extended,145,CHG0123808,,,,,,,,,,,,,,,,,,
uk-sc1-fw01-sec,noncde-app_access_in,extended,146,,permit,tcp-1521,,,,,grp-qlikview-app-svrs,,,sc1uxprtdb001,,,,,,informational,300,active
uk-sc1-fw01-sec,noncde-app_access_in,extended,147,CHG0134301 CHG0134334,,,,,,,,,,,,,,,,,,
uk-sc1-fw01-sec,noncde-app_access_in,extended,148,,permit,,DM_INLINE_SERVICE_19,,,,grp-qlikview-app-svrs,,,,scc-isilon-nodes,,,,,informational,300,active
uk-sc1-fw01-sec,noncde-app_access_in,extended,149,CHG0126753,PCI-Q2-2019,,,,,,,,,,,,,,,,,,
uk-sc1-fw01-sec,noncde-app_access_in,extended,150,,permit,12199-12200,,,,,grp-qlikview-app-svrs,,,brswndredb003,,,,,,informational,300,active
uk-sc1-fw01-sec,noncde-app_access_in,extended,151,CHG0124796,PCI-Q2-2019,,,,,,,,,,,,,,,,,,
uk-sc1-fw01-sec,noncde-app_access_in,extended,152,,permit,,,tcp,,,grp-trading-oracle,,,brsuxoemapp01,,,,TCP-4903,,informational,300,active
uk-sc1-fw01-sec,noncde-app_access_in,extended,153,CHG0125749,,,,,,,,,,,,,,,,,,
uk-sc1-fw01-sec,noncde-app_access_in,extended,154,,permit,,,tcp,,,DM_INLINE_NETWORK_343,,,ld6-ncde_db-general-db,,,1523,,,informational,300,active
uk-sc1-fw01-sec,noncde-app_access_in,extended,155,CHG0125857, PCI Q4 2018,PCI-Q2-2019,,,,,,,,,,,,,,,,,,
uk-sc1-fw01-sec,noncde-app_access_in,extended,156,,permit,,,tcp,,,DM_INLINE_NETWORK_349,,10.120.65.68,,,,12199,,,informational,300,active
uk-sc1-fw01-sec,noncde-app_access_in,extended,157,CHG0126301,,,,,,,,,,,,,,,,,,
uk-sc1-fw01-sec,noncde-app_access_in,extended,158,,permit,,,tcp,,,DM_INLINE_NETWORK_357,,,ld6-ncde_db-general-db,,,ssh,,,informational,300,active
uk-sc1-fw01-sec,noncde-app_access_in,extended,159,CHG0137135,,,,,,,,,,,,,,,,,,
uk-sc1-fw01-sec,noncde-app_access_in,extended,160,,permit,,,tcp,,sc1wnprnap81,,,,sc1wnprewb10,,,8443,,,informational,300,active
uk-sc1-fw01-sec,noncde-app_access_in,extended,161,CHG0137135,,,,,,,,,,,,,,,,,,
uk-sc1-fw01-sec,noncde-app_access_in,extended,162,,permit,,,tcp,,sc1wnprnap81,,,,,DM_INLINE_NETWORK_273,,,TCP-9997,,informational,300,active
uk-sc1-fw01-sec,noncde-app_access_in,extended,163,CHG0137135,,,,,,,,,,,,,,,,,,
uk-sc1-fw01-sec,noncde-app_access_in,extended,164,,permit,,,tcp,,sc1wnprnap81,,,,ld6wnpreap10,,,,DM_INLINE_TCP_56,,informational,300,active
uk-sc1-fw01-sec,noncde-app_access_in,extended,165,CHG0137135,,,,,,,,,,,,,,,,,,
uk-sc1-fw01-sec,noncde-app_access_in,extended,166,,permit,,,tcp,,sc1wnprnap81,,,10.120.99.155,,,,sqlnet,,,informational,300,active
uk-sc1-fw01-sec,trading-dmz_access_in,extended,1,CHG0115229,,,,,,,,,,,,,,,,,,
uk-sc1-fw01-sec,trading-dmz_access_in,extended,2,,deny,,,ip,,,Corp-WiFi-Subnets,,,,,any,,,,informational,300,inactive
uk-sc1-fw01-sec,trading-dmz_access_in,extended,3,CHG0125565,PCI-Q2-2019,,,,,,,,,,,,,,,,,,
uk-sc1-fw01-sec,trading-dmz_access_in,extended,4,,permit,,,tcp,,sc1wnprecp01,,,,LASWNPRSFTP01,,,,DM_INLINE_TCP_154,,informational,300,active
uk-sc1-fw01-sec,trading-dmz_access_in,extended,5,CHG0029762, CHG0034654, Q2-2017, PCI-Q4-2017,PCI Q4 2018,PCI-Q2-2019,,,,,,,,,,,,,,,,,,
uk-sc1-fw01-sec,trading-dmz_access_in,extended,6,,permit,,DM_INLINE_SERVICE_15,,,sc1wnprecp01,,,10.1.28.127,,,,,,,informational,300,active
uk-sc1-fw01-sec,trading-dmz_access_in,extended,7,CHG0034654,,,,,,,,,,,,,,,,,,
uk-sc1-fw01-sec,trading-dmz_access_in,extended,8,,permit,,DM_INLINE_SERVICE_14,,,sc1wnprecp01,,,,,DM_INLINE_NETWORK_100,,,,,informational,300,active
uk-sc1-fw01-sec,trading-dmz_access_in,extended,9,CHG0034654,,,,,,,,,,,,,,,,,,
uk-sc1-fw01-sec,trading-dmz_access_in,extended,10,,permit,,,tcp,,,DM_INLINE_NETWORK_268,,,PTE_INFORMIX,,,1526,,,informational,300,active
uk-sc1-fw01-sec,trading-dmz_access_in,extended,11,CHG0116056,,,,,,,,,,,,,,,,,,
uk-sc1-fw01-sec,trading-dmz_access_in,extended,12,,permit,,,tcp,,,grp-trs-feed-servers,,,int-api-seneca.sc1.prod.williamhill.plc,,,www,,,informational,300,active
uk-sc1-fw01-sec,trading-dmz_access_in,extended,13,CHG0112314, PCI Q4 2018,PCI-Q2-2019,,,,,,,,,,,,,,,,,,
uk-sc1-fw01-sec,trading-dmz_access_in,extended,14,,permit,,,tcp,10.120.101.12,,,,,int-pres-seneca.brs.pp1.williamhill.plc,,,www,,,informational,300,active
uk-sc1-fw01-sec,trading-dmz_access_in,extended,15,CHG0112241, PCI Q4 2018,PCI-Q2-2019,,,,,,,,,,,,,,,,,,
uk-sc1-fw01-sec,trading-dmz_access_in,extended,16,,permit,,,tcp,10.120.101.12,,,,,,grp-frenchcard-access,,www,,,informational,300,active
uk-sc1-fw01-sec,trading-dmz_access_in,extended,17,CHG0112135, PCI Q4 2018,PCI-Q2-2019,,,,,,,,,,,,,,,,,,
uk-sc1-fw01-sec,trading-dmz_access_in,extended,18,,permit,,,tcp,10.120.101.12,,,,,brswnp1rcs10.mgmt.pp1.williamhill.plc,,,7011,,,informational,300,active
uk-sc1-fw01-sec,trading-dmz_access_in,extended,19,CHG0112135,,,,,,,,,,,,,,,,,,
uk-sc1-fw01-sec,trading-dmz_access_in,extended,20,,permit,,DM_INLINE_SERVICE_31,,10.120.101.12,,,,,brswndrrcl02.mgmt.prod.williamhill.plc,,,,,,informational,300,active
uk-sc1-fw01-sec,trading-dmz_access_in,extended,21,CHG0112669,,,,,,,,,,,,,,,,,,
uk-sc1-fw01-sec,trading-dmz_access_in,extended,22,,permit,,,tcp,10.120.101.12,,,,,ob-ahdi-svr,,,7011,,,informational,300,active
uk-sc1-fw01-sec,trading-dmz_access_in,extended,23,10.120.67.25,,,,,,,,,,,,,,,,,,
uk-sc1-fw01-sec,trading-dmz_access_in,extended,24,,permit,,,tcp,,sc1wnprecp01,,,,,DM_INLINE_NETWORK_161,,smtp,,,informational,300,active
uk-sc1-fw01-sec,trading-dmz_access_in,extended,25,CHG0029762,,,,,,,,,,,,,,,,,,
uk-sc1-fw01-sec,trading-dmz_access_in,extended,26,,permit,,DM_INLINE_SERVICE_7,,,sc1wnprecp01,,,,,DM_INLINE_NETWORK_54,,,,,informational,300,active
uk-sc1-fw01-sec,trading-dmz_access_in,extended,27,CHG0034302, CHG0035130, CHG0064339,,,,,,,,,,,,,,,,,,
uk-sc1-fw01-sec,trading-dmz_access_in,extended,28,,permit,,,tcp,,,DM_INLINE_NETWORK_231,,,,liability-db-vips,,,DM_INLINE_TCP_111,,,,active
uk-sc1-fw01-sec,trading-dmz_access_in,extended,29,CHG0040975,,,,,,,,,,,,,,,,,,
uk-sc1-fw01-sec,trading-dmz_access_in,extended,30,,permit,,,tcp,,sc1wnprecp01,,,,informix-hdr-vip,,,1528,,,informational,300,active
uk-sc1-fw01-sec,trading-dmz_access_in,extended,31,CHG0053330, CHG0077769, Q2-2017, PCI-Q4-2017,PCI Q4 2018,PCI-Q2-2019,,,,,,,,,,,,,,,,,,
uk-sc1-fw01-sec,trading-dmz_access_in,extended,32,,permit,,,tcp,,sc1wnprecp01,,,,,Silverchip_Upload_Servers,,2022,,,,,active
uk-sc1-fw01-sec,trading-dmz_access_in,extended,33,CHG0064379,,,,,,,,,,,,,,,,,,
uk-sc1-fw01-sec,trading-dmz_access_in,extended,34,,permit,,,tcp,10.120.101.10,,,,,sc1uxprgdb01,,,sqlnet,,,,,active
uk-sc1-fw01-sec,trading-dmz_access_in,extended,35,CHG0111150, PCI Q4 2018,PCI-Q2-2019,CHG0135436,,,,,,,,,,,,,,,,,,
uk-sc1-fw01-sec,trading-dmz_access_in,extended,36,,permit,,,tcp,,,DM_INLINE_NETWORK_280,,,,DM_INLINE_NETWORK_281,,,DM_INLINE_TCP_87,,informational,300,active
uk-sc1-fw01-sec,trading-dmz_access_in,extended,37,CHG0066143, CHG0066407, CHG0066420, CHG0134811, CHG0135436,,,,,,,,,,,,,,,,,,
uk-sc1-fw01-sec,trading-dmz_access_in,extended,38,,permit,,,tcp,,sc1wnprecp01,,,,,DM_INLINE_NETWORK_235,,www,,,,,active
uk-sc1-fw01-sec,trading-dmz_access_in,extended,39,CHG0085698,,,,,,,,,,,,,,,,,,
uk-sc1-fw01-sec,trading-dmz_access_in,extended,40,,permit,,TCPUDP,,,sc1wnpreap001,,,,ext-api-trd-icehockey.sc1.prod.williamhill.plc,,,61616,,,informational,300,active
uk-sc1-fw01-sec,trading-dmz_access_in,extended,41,CHG0099300, INC0793090, CHG01261313,,,,,,,,,,,,,,,,,,
uk-sc1-fw01-sec,trading-dmz_access_in,extended,42,,permit,,,tcp,,sc1wnpreap001,,,,,tipex-tx-odds,,61613,,,informational,300,active
uk-sc1-fw01-sec,trading-dmz_access_in,extended,43,CHG0108326,,,,,,,,,,,,,,,,,,
uk-sc1-fw01-sec,trading-dmz_access_in,extended,44,,permit,,,tcp,,sc1wnpreap001,,,,,grp-tradingreports-3rdparties,,https,,,informational,300,active
uk-sc1-fw01-sec,trading-dmz_access_in,extended,45,CHG0090785, DR do not remove, Q2-2017,,,,,,,,,,,,,,,,,,
uk-sc1-fw01-sec,trading-dmz_access_in,extended,46,,permit,,,tcp,,sc1wnprecp01,,,,BRSUX090,,,sqlnet,,,informational,300,active
uk-sc1-fw01-sec,trading-dmz_access_in,extended,47,CHG0096119, PCI-Q4-2017, PCI Q4 2018,PCI-Q2-2019,,,,,,,,,,,,,,,,,,
uk-sc1-fw01-sec,trading-dmz_access_in,extended,48,,permit,,,tcp,,,grp-trs-production-notes,,,sc1uxprrdb-vip,,,3306,,,notifications,300,active
uk-sc1-fw01-sec,trading-dmz_access_in,extended,49,CHG0101435, PCI Q4 2018,PCI-Q2-2019,,,,,,,,,,,,,,,,,,
uk-sc1-fw01-sec,trading-dmz_access_in,extended,50,,permit,,,tcp,,,grp-prod-trs-svrs,,,,grp-trs-access,,7778,,,informational,300,active
uk-sc1-fw01-sec,trading-dmz_access_in,extended,51,Q2-2017, PCI-Q4-2017, PCI Q4 2018,PCI-Q2-2019,,,,,,,,,,,,,,,,,,
uk-sc1-fw01-sec,trading-dmz_access_in,extended,52,,permit,,MS-SQL,,10.120.101.10,,,,,,DM_INLINE_NETWORK_126,,,,,,,active
uk-sc1-fw01-sec,trading-dmz_access_in,extended,53,CHG0104691, PCI-Q4-2017, PCI Q4 2018,PCI-Q2-2019,,,,,,,,,,,,,,,,,,
uk-sc1-fw01-sec,trading-dmz_access_in,extended,54,,permit,,,tcp,,,DM_INLINE_NETWORK_134,,,brsus232,,,,DM_INLINE_TCP_46,,informational,300,active
uk-sc1-fw01-sec,trading-dmz_access_in,extended,55,CHG0105186, PCI-Q4-2017, PCI Q4 2018,PCI-Q2-2019,,,,,,,,,,,,,,,,,,
uk-sc1-fw01-sec,trading-dmz_access_in,extended,56,,permit,,,tcp,,sc1uxprrdb04,,,,10.200.4.15,,,3306,,,informational,300,active
uk-sc1-fw01-sec,trading-dmz_access_in,extended,57,CHG0108554, PCI-Q4-2017, PCI Q4 2018,PCI-Q2-2019,,,,,,,,,,,,,,,,,,
uk-sc1-fw01-sec,trading-dmz_access_in,extended,58,,permit,,,tcp,,sc1wnpreap001,,,,,DM_INLINE_NETWORK_213,,https,,,informational,300,active
uk-sc1-fw01-sec,trading-dmz_access_in,extended,59,CHG0126523,PCI-Q2-2019,,,,,,,,,,,,,,,,,,
uk-sc1-fw01-sec,trading-dmz_access_in,extended,60,,permit,,,tcp,,sc1wnpreap001.prod.williamhill.plc,,,,,global-betting-solutions-silks,,www,,,informational,300,active
uk-sc1-fw01-sec,trading-dmz_access_in,extended,61,CHG0126667, CHG0127509,,,,,,,,,,,,,,,,,,
uk-sc1-fw01-sec,trading-dmz_access_in,extended,62,,permit,,,tcp,,,grp-trading-tcw-access,,,tcw_solutions,,,1433,,,informational,300,active
uk-sc1-fw01-sec,trading-dmz_access_in,extended,63,CHG0119062, PCI Q4 2018,,,,,,,,,,,,,,,,,,
uk-sc1-fw01-sec,trading-dmz_access_in,extended,64,,permit,,,tcp,,,DM_INLINE_NETWORK_323,,,sc1pcprrep01.prod.williamhill.plc,,,1433,,,informational,300,active
uk-sc1-fw01-sec,trading-dmz_access_in,extended,65,CHG0119468,,,,,,,,,,,,,,,,,,
uk-sc1-fw01-sec,trading-dmz_access_in,extended,66,,permit,tcp-8082,,,,,DM_INLINE_NETWORK_327,,,sc1uxpremn12,,,,,,informational,300,active
uk-sc1-fw01-sec,noncde-finance-prod_access_in,extended,1,CHG0115229,,,,,,,,,,,,,,,,,,
uk-sc1-fw01-sec,noncde-finance-prod_access_in,extended,2,,deny,,,ip,,,Corp-WiFi-Subnets,,,,,any,,,,informational,300,inactive
uk-sc1-fw01-sec,noncde-finance-prod_access_in,extended,3,,permit,,,tcp,,PROD1,,,,,DM_INLINE_NETWORK_429,,ssh,,,,,active
uk-sc1-fw01-sec,noncde-finance-prod_access_in,extended,4,CHG0033974,CHG0034582,,,,,,,,,,,,,,,,,,
uk-sc1-fw01-sec,noncde-finance-prod_access_in,extended,5,,permit,,,tcp,,,DM_INLINE_NETWORK_95,,,SC1WNPRNMG01,,,,DM_INLINE_TCP_32,,informational,300,active
uk-sc1-fw01-sec,noncde-finance-prod_access_in,extended,6,CHG0075108 CHG0075369,,,,,,,,,,,,,,,,,,
uk-sc1-fw01-sec,noncde-finance-prod_access_in,extended,7,,permit,,,tcp,,,grp-pr-scc-as400,,,,grp-pr-scc-ta-db,,ftp,,,informational,300,active
uk-sc1-fw01-sec,noncde-finance-prod_access_in,extended,8,CHG0036204,,,,,,,,,,,,,,,,,,
uk-sc1-fw01-sec,noncde-finance-prod_access_in,extended,9,,permit,,,tcp,,,DM_INLINE_NETWORK_115,,,,DM_INLINE_NETWORK_116,,,DM_INLINE_TCP_54,,informational,300,active
uk-sc1-fw01-sec,noncde-finance-prod_access_in,extended,10,CHG0035229, PCI-Q4-2017, PCI Q4 2018,PCI-Q2-2019,,,,,,,,,,,,,,,,,,
uk-sc1-fw01-sec,noncde-finance-prod_access_in,extended,11,,permit,,,tcp,,PRODJDE-VIP,,,,,smtp_relays,,smtp,,,,,active
uk-sc1-fw01-sec,noncde-finance-prod_access_in,extended,12,CHG0038411, PCI Q4 2018,PCI-Q2-2019,,,,,,,,,,,,,,,,,,
uk-sc1-fw01-sec,noncde-finance-prod_access_in,extended,13,,permit,,,tcp,,,MIMIX,,,,DM_INLINE_NETWORK_138,,,DM_INLINE_TCP_62,,informational,300,active
uk-sc1-fw01-sec,noncde-finance-prod_access_in,extended,14,CHG0041231,CHG0041426, CHG0042175 , CHG0063165, CHG0066380, CHG0038891, CHG0041434, Q2-2017,,,,,,,,,,,,,,,,,,
uk-sc1-fw01-sec,noncde-finance-prod_access_in,extended,15,,permit,,,tcp,,10.120.64.152-154,,,,10.210.64.152-154,,,,DM_INLINE_TCP_70,,informational,300,active
uk-sc1-fw01-sec,noncde-finance-prod_access_in,extended,16,CHG0038841,,,,,,,,,,,,,,,,,,
uk-sc1-fw01-sec,noncde-finance-prod_access_in,extended,17,,permit,,,tcp,,,DM_INLINE_NETWORK_140,,,,DM_INLINE_NETWORK_141,,,DM_INLINE_TCP_63,,informational,300,active
uk-sc1-fw01-sec,noncde-finance-prod_access_in,extended,18,CHG0038841,,,,,,,,,,,,,,,,,,
uk-sc1-fw01-sec,noncde-finance-prod_access_in,extended,19,,permit,,,tcp,,,DM_INLINE_NETWORK_142,,,,DM_INLINE_NETWORK_143,,,DM_INLINE_TCP_65,,informational,300,active
uk-sc1-fw01-sec,noncde-finance-prod_access_in,extended,20,CHG0038529, PCI-Q4-2017, PCI Q4 2018,PCI-Q2-2019,,,,,,,,,,,,,,,,,,
uk-sc1-fw01-sec,noncde-finance-prod_access_in,extended,21,,permit,,,tcp,,PROD1,,,,,DM_INLINE_NETWORK_152,,ftp,,,informational,300,active
uk-sc1-fw01-sec,noncde-finance-prod_access_in,extended,22,CHG0035735,,,,,,,,,,,,,,,,,,
uk-sc1-fw01-sec,noncde-finance-prod_access_in,extended,23,,permit,,,tcp,10.120.64.146,,,,,,DM_INLINE_NETWORK_155,,,DM_INLINE_TCP_72,,informational,300,active
uk-sc1-fw01-sec,noncde-finance-prod_access_in,extended,24,CHG0035767,,,,,,,,,,,,,,,,,,
uk-sc1-fw01-sec,noncde-finance-prod_access_in,extended,25,,permit,,,tcp,,PROD1,,,,Prod_epos_Bai,,,exec,,,informational,300,active
uk-sc1-fw01-sec,noncde-finance-prod_access_in,extended,26,CHG0038903, CHG0039172, PCI Q2 2016,,,,,,,,,,,,,,,,,,
uk-sc1-fw01-sec,noncde-finance-prod_access_in,extended,27,,permit,,,tcp,10.120.64.146,,,,,,DM_INLINE_NETWORK_160,,ftp,,,informational,300,inactive
uk-sc1-fw01-sec,noncde-finance-prod_access_in,extended,28,CHG0040362,,,,,,,,,,,,,,,,,,
uk-sc1-fw01-sec,noncde-finance-prod_access_in,extended,29,,permit,,,tcp,,10.120.64.152-154,,,,10.210.64.152-154,,,3777,,,informational,300,active
uk-sc1-fw01-sec,noncde-finance-prod_access_in,extended,30,CHG0040362,,,,,,,,,,,,,,,,,,
uk-sc1-fw01-sec,noncde-finance-prod_access_in,extended,31,,permit,,,tcp,,pr-prodjde-range,,,,dr-prodjde-range,,,3777,,,informational,300,active
uk-sc1-fw01-sec,noncde-finance-prod_access_in,extended,32,CHG0040657,,,,,,,,,,,,,,,,,,
uk-sc1-fw01-sec,noncde-finance-prod_access_in,extended,33,,permit,,,tcp,,,DM_INLINE_NETWORK_172,,,,DM_INLINE_NETWORK_173,,ftp,,,informational,300,active
uk-sc1-fw01-sec,noncde-finance-prod_access_in,extended,34,CHG0039172,,,,,,,,,,,,,,,,,,
uk-sc1-fw01-sec,noncde-finance-prod_access_in,extended,35,,permit,,,tcp,,PROD1,,,,,DM_INLINE_NETWORK_178,,ftp,,,informational,300,active
uk-sc1-fw01-sec,noncde-finance-prod_access_in,extended,36,CHG0041478, Q2-2017, PCI-Q4-2017,PCI-Q2-2019,,,,,,,,,,,,,,,,,,
uk-sc1-fw01-sec,noncde-finance-prod_access_in,extended,37,,permit,,jde-enterprise-service,,,SCC-PRODJDE,,,,DEVJDE,,,,,,informational,300,active
uk-sc1-fw01-sec,noncde-finance-prod_access_in,extended,38,CHG0076656, Q2-2017, PCI-Q4-2017,PCI Q2 2018,PCI Q4 2018,PCI-Q2-2019,,,,,,,,,,,,,,,,,,
uk-sc1-fw01-sec,noncde-finance-prod_access_in,extended,39,,permit,,,tcp,,,iSeries-Printer,,,GS-1FL-Kyocera01,,,lpd,,,informational,300,active
uk-sc1-fw01-sec,noncde-finance-prod_access_in,extended,40,CHG0086782, PCI Q2 2016,,,,,,,,,,,,,,,,,,
uk-sc1-fw01-sec,noncde-finance-prod_access_in,extended,41,,permit,,,udp,,,iSeries-Printer,,,GS-1FL-Kyocera01,,,9100,,,informational,300,inactive
uk-sc1-fw01-sec,noncde-finance-prod_access_in,extended,42,Q2-2017, PCI-Q4-2017, PCI Q4 2018,PCI-Q2-2019,,,,,,,,,,,,,,,,,,
uk-sc1-fw01-sec,noncde-finance-prod_access_in,extended,43,,permit,,,tcp,,,iSeries-Printer,,,GS-1FL-Kyocera01,,,9100,,,informational,300,active
uk-sc1-fw01-sec,noncde-finance-prod_access_in,extended,44,CHG0095962,,,,,,,,,,,,,,,,,,
uk-sc1-fw01-sec,noncde-finance-prod_access_in,extended,45,,permit,,,tcp,,PROD1,,,,SC1WNPRNAP001,,,ftp,,,informational,300,active
uk-sc1-fw01-sec,noncde-finance-prod_access_in,extended,46,CHG0118467,CHG0119064,,,,,,,,,,,,,,,,,,
uk-sc1-fw01-sec,noncde-finance-prod_access_in,extended,47,,permit,,,tcp,,PROD1,,,,,HMRC-API,,https,,,informational,300,active
uk-sc1-fw01-sec,noncde-finance-prod_access_in,extended,48,CHG0112907, PCI-Q4-2017, PCI Q4 2018,PCI-Q2-2019,,,,,,,,,,,,,,,,,,
uk-sc1-fw01-sec,noncde-finance-prod_access_in,extended,49,,permit,,,tcp,10.120.64.140,,,,,,DM_INLINE_NETWORK_292,,,,10020 10045,informational,300,active
uk-sc1-fw01-sec,noncde-finance-prod_access_in,extended,50,CHG0120392,,,,,,,,,,,,,,,,,,
uk-sc1-fw01-sec,noncde-finance-prod_access_in,extended,51,,permit,,,tcp,,PROD1,,,,emailhost01,,,,DM_INLINE_TCP_148,,informational,300,active
uk-sc1-fw01-sec,noncde-finance-prod_access_in,extended,52,CHG0128407,,,,,,,,,,,,,,,,,,
uk-sc1-fw01-sec,noncde-finance-prod_access_in,extended,53,,permit,,,tcp,,,AS400_SCC_Automation,,,,AS400_LD6_Automation,,,AS400_MIMIX_Ports,,informational,300,active
uk-sc1-fw01-sec,noncde-finance-prod_access_in,extended,54,PCI-Q2-2019,,,,,,,,,,,,,,,,,,
uk-sc1-fw01-sec,noncde-finance-prod_access_in,extended,55,,permit,,,tcp,,,MIMIX_SCC,,,,MIMIX_LD6,,,AS400_MIMIX_Ports,,informational,300,active
uk-sc1-fw01-sec,noncde-finance-prod_access_in,extended,56,PCI-Q2-2019,,,,,,,,,,,,,,,,,,
uk-sc1-fw01-sec,noncde-finance-prod_access_in,extended,57,,permit,,,tcp,,,AS400_SCC,,,,AS400_LD6,,,AS400_MIMIX_Ports,,informational,300,active
uk-sc1-fw01-sec,noncde-finance-prod_access_in,extended,58,PCI-Q2-2019,,,,,,,,,,,,,,,,,,
uk-sc1-fw01-sec,noncde-finance-prod_access_in,extended,59,,permit,,,tcp,,10.120.64.152-154,,,,10.118.214.152-154,,,3777,,,informational,300,active
uk-sc1-fw01-sec,noncde-finance-prod_access_in,extended,60,PCI-Q2-2019,,,,,,,,,,,,,,,,,,
uk-sc1-fw01-sec,noncde-finance-prod_access_in,extended,61,,permit,,,tcp,,pr-prodjde-range,,,,dr-prodjde-range,,,,AS400_MIMIX_Ports,,informational,300,active
uk-sc1-fw01-sec,noncde-finance-prod_access_in,extended,62,PCI-Q2-2019,,,,,,,,,,,,,,,,,,
uk-sc1-fw01-sec,noncde-finance-prod_access_in,extended,63,,permit,,,tcp,,10.120.64.152-154,,,,10.118.214.152-154,,,,,445 449,informational,300,active
uk-sc1-fw01-sec,noncde-finance-prod_access_in,extended,64,CHG0137572, CHG0137881,,,,,,,,,,,,,,,,,,
uk-sc1-fw01-sec,noncde-finance-prod_access_in,extended,65,,permit,,,tcp,,,DM_INLINE_NETWORK_396,,,mth-sftp-01.mrgreen.local,,,22022,,,informational,300,active
uk-sc1-fw01-sec,noncde-finance-prod_access_in,extended,66,CHG0139557,,,,,,,,,,,,,,,,,,
uk-sc1-fw01-sec,noncde-finance-prod_access_in,extended,67,,permit,,,tcp,,PROD1,,,10.210.64.147,,,,ftp,,,informational,300,active
uk-sc1-fw01-sec,noncde-finance-prod_access_in,extended,68,CHG0139243,,,,,,,,,,,,,,,,,,
uk-sc1-fw01-sec,noncde-finance-prod_access_in,extended,69,,permit,,,tcp,10.120.64.146,,,,,,DM_INLINE_NETWORK_430,,ssh,,,informational,300,active
uk-sc1-fw01-sec,noncde-finance-prod_access_in,extended,70,CHG0142836,,,,,,,,,,,,,,,,,,
uk-sc1-fw01-sec,noncde-finance-prod_access_in,extended,71,,permit,,,tcp,,,DM_INLINE_NETWORK_468,,,,DM_INLINE_NETWORK_469,,,DM_INLINE_TCP_469,,informational,300,active
uk-sc1-fw01-sec,noncde-finance-prod_access_in,extended,72,CHG0142836,,,,,,,,,,,,,,,,,,
uk-sc1-fw01-sec,noncde-finance-prod_access_in,extended,73,,permit,,,udp,,,DM_INLINE_NETWORK_476,,,,DM_INLINE_NETWORK_477,,,udp-6017-6026,,informational,300,active
uk-sc1-fw01-sec,noncde-finance-test_access_in,extended,1,CHG0115229,,,,,,,,,,,,,,,,,,
uk-sc1-fw01-sec,noncde-finance-test_access_in,extended,2,,deny,,,ip,,,Corp-WiFi-Subnets,,,,,any,,,,informational,300,inactive
uk-sc1-fw01-sec,noncde-finance-test_access_in,extended,3,CHG0031336, CHG0033671,,,,,,,,,,,,,,,,,,
uk-sc1-fw01-sec,noncde-finance-test_access_in,extended,4,,permit,,,tcp,,,DM_INLINE_NETWORK_64,,,,DM_INLINE_NETWORK_61,,,DM_INLINE_TCP_25,,informational,300,active
uk-sc1-fw01-sec,noncde-finance-test_access_in,extended,5,CHG0032005,CHG0032926,,,,,,,,,,,,,,,,,,
uk-sc1-fw01-sec,noncde-finance-test_access_in,extended,6,,permit,,,tcp,,,DM_INLINE_NETWORK_92,,,wg.wrproxy.com,,,3128,,,informational,300,active
uk-sc1-fw01-sec,noncde-finance-test_access_in,extended,7,CHG0036002,,,,,,,,,,,,,,,,,,
uk-sc1-fw01-sec,noncde-finance-test_access_in,extended,8,,permit,,,tcp,,,DM_INLINE_NETWORK_112,,,PRODJDE-VIP,,,6016,,,informational,300,active
uk-sc1-fw01-sec,noncde-finance-test_access_in,extended,9,CHG0036002,,,,,,,,,,,,,,,,,,
uk-sc1-fw01-sec,noncde-finance-test_access_in,extended,10,,permit,,DM_INLINE_SERVICE_10,,,,DM_INLINE_NETWORK_117,,,PRODJDE-VIP,,,,,,informational,300,active
uk-sc1-fw01-sec,noncde-finance-test_access_in,extended,11,CHG0035735,,,,,,,,,,,,,,,,,,
uk-sc1-fw01-sec,noncde-finance-test_access_in,extended,12,,permit,,,tcp,,DEV2,,,,,DM_INLINE_NETWORK_156,,,DM_INLINE_TCP_73,,informational,300,active
uk-sc1-fw01-sec,noncde-finance-test_access_in,extended,13,CHG0038926, PCI Q4 2018,PCI-Q2-2019,,,,,,,,,,,,,,,,,,
uk-sc1-fw01-sec,noncde-finance-test_access_in,extended,14,,permit,,,tcp,,SC1WNPRNMG01,,,,sc1wnprein03,,,,DM_INLINE_TCP_74,,informational,300,active
uk-sc1-fw01-sec,noncde-finance-test_access_in,extended,15,CHG0041478,,,,,,,,,,,,,,,,,,
uk-sc1-fw01-sec,noncde-finance-test_access_in,extended,16,,permit,,jde-enterprise-service,,,DEVJDE,,,,SCC-PRODJDE,,,,,,informational,300,active
uk-sc1-fw01-sec,noncde-finance-test_access_in,extended,17,CHG0084714,PCI-Q2-2019,,,,,,,,,,,,,,,,,,
uk-sc1-fw01-sec,noncde-finance-test_access_in,extended,18,,permit,,,tcp,,SC1WNPRNMG01,,,,OpenDNS-Ext-Proxy,,,,svc-opendnsproxy,,,,active
uk-sc1-fw01-sec,noncde-finance-test_access_in,extended,19,CHG0111549, PCI-Q4-2017, PCI Q4 2018,PCI-Q2-2019,,,,,,,,,,,,,,,,,,
uk-sc1-fw01-sec,noncde-finance-test_access_in,extended,20,,permit,,,tcp,,,DM_INLINE_NETWORK_285,,,,DM_INLINE_NETWORK_286,,,DM_INLINE_TCP_109,,informational,300,active
uk-sc1-fw01-sec,noncde-finance-test_access_in,extended,21,CHG0112907, PCI-Q4-2017, PCI Q4 2018,,,,,,,,,,,,,,,,,,
uk-sc1-fw01-sec,noncde-finance-test_access_in,extended,22,,permit,,,tcp,,,DM_INLINE_NETWORK_82,,,,DM_INLINE_NETWORK_295,,,,10020 10045,informational,300,active
uk-sc1-fw01-sec,noncde-finance-test_access_in,extended,23,CHG0114382, PCI-Q4-2017,CHG0122749, PCI Q4 2018,PCI-Q2-2019,,,,,,,,,,,,,,,,,,
uk-sc1-fw01-sec,noncde-finance-test_access_in,extended,24,,permit,,,tcp,,jde.dev.williamhill.plc,,,,dev-ics-agent,,,7001,,,informational,300,active
uk-sc1-fw01-sec,noncde-finance-test_access_in,extended,25,CHG0118467,CHG0119064, PCI Q4 2018,,,,,,,,,,,,,,,,,,
uk-sc1-fw01-sec,noncde-finance-test_access_in,extended,26,,permit,,,tcp,,,DM_INLINE_NETWORK_325,,,,HMRC-API,,https,,,informational,300,active
uk-sc1-fw01-sec,noncde-finance-test_access_in,extended,27,CHG0137152,,,,,,,,,,,,,,,,,,
uk-sc1-fw01-sec,noncde-finance-test_access_in,extended,28,,permit,,,tcp,,,DM_INLINE_NETWORK_248,,,,DM_INLINE_NETWORK_251,,,DM_INLINE_TCP_249,,informational,300,active
uk-sc1-fw01-sec,noncde-finance-test_access_in,extended,29,CHG0137730,CHG0137423,CHG0137536,CHG0137853,,,,,,,,,,,,,,,,,,
uk-sc1-fw01-sec,noncde-finance-test_access_in,extended,30,,permit,,DM_INLINE_SERVICE_420,,,,DM_INLINE_NETWORK_419,,,,DM_INLINE_NETWORK_420,,,,,informational,300,active
uk-sc1-fw01-sec,noncde-finance-test_access_in,extended,31,CHG0137730,CHG0137423,CHG0137536,CHG0137853,,,,,,,,,,,,,,,,,,
uk-sc1-fw01-sec,noncde-finance-test_access_in,extended,32,,permit,,DM_INLINE_SERVICE_40,,,sc1wnpredp1,,,,,DM_INLINE_NETWORK_394,,,,,informational,300,active
uk-sc1-fw01-sec,noncde-finance-test_access_in,extended,33,CHG0138439,,,,,,,,,,,,,,,,,,
uk-sc1-fw01-sec,noncde-finance-test_access_in,extended,34,,permit,,,tcp,,sc1wnpredp1,,,10.210.64.151,,,,,DM_INLINE_TCP_118,,informational,300,active
uk-sc1-fw01-sec,noncde-finance-test_access_in,extended,35,CHG0139263,,,,,,,,,,,,,,,,,,
uk-sc1-fw01-sec,noncde-finance-test_access_in,extended,36,,permit,,,tcp,,sc1wnpredp1,,,,,DM_INLINE_NETWORK_425,,,,14502 14520,informational,300,active
uk-sc1-fw01-sec,noncde-finance-test_access_in,extended,37,CHG0137712, CHG0137881,,,,,,,,,,,,,,,,,,
uk-sc1-fw01-sec,noncde-finance-test_access_in,extended,38,,permit,,,tcp,,,DM_INLINE_NETWORK_399,,,mth-sftp-01.mrgreen.local,,,22022,,,informational,300,active
uk-sc1-fw01-sec,noncde-finance-test_access_in,extended,39,CHG0137731,,,,,,,,,,,,,,,,,,
uk-sc1-fw01-sec,noncde-finance-test_access_in,extended,40,,permit,,,tcp,,sc1wnpredp1,,,,,DM_INLINE_NETWORK_403,,,JDE-ports,,informational,300,active
uk-sc1-fw01-sec,noncde-finance-test_access_in,extended,41,CHG0139243,,,,,,,,,,,,,,,,,,
uk-sc1-fw01-sec,noncde-finance-test_access_in,extended,42,,permit,,,tcp,10.120.64.146,,,,,,DM_INLINE_NETWORK_426,,,DM_INLINE_TCP_129,,informational,300,active
uk-sc1-fw01-sec,noncde-finance-test_access_in,extended,43,CHG0139557 CHG0139618,,,,,,,,,,,,,,,,,,
uk-sc1-fw01-sec,noncde-finance-test_access_in,extended,44,,permit,,,tcp,,,DM_INLINE_NETWORK_431,,10.210.64.142,,,,ftp,,,informational,300,active
uk-sc1-fw01-sec,noncde-finance-test_access_in,extended,45,CHG0139629, CHG0139770,,,,,,,,,,,,,,,,,,
uk-sc1-fw01-sec,noncde-finance-test_access_in,extended,46,,permit,,,tcp,,sc1wnpredp1,,,10.210.64.151,,,,,DM_INLINE_TCP_124,,informational,300,active
uk-sc1-fw01-sec,noncde-finance-test_access_in,extended,47,CTASK0166303,,,,,,,,,,,,,,,,,,
uk-sc1-fw01-sec,noncde-finance-test_access_in,extended,48,,permit,,,tcp,,DEVJDE,,,10.210.64.147,,,,ftp,,,informational,300,active
uk-sc1-fw01-sec,noncde-finance-test_access_in,extended,49,CHG0141562,,,,,,,,,,,,,,,,,,
uk-sc1-fw01-sec,noncde-finance-test_access_in,extended,50,,permit,,,tcp,,DEV2,,,10.210.64.147,,,,ftp,,,informational,300,active
uk-sc1-fw01-sec,noncde-finance-test_access_in,extended,51,CHG0141766,,,,,,,,,,,,,,,,,,
uk-sc1-fw01-sec,noncde-finance-test_access_in,extended,52,,permit,,,tcp,,sc1wnpredp1,,,10.210.64.151,,,,,DM_INLINE_TCP_136,,informational,300,active
uk-sc1-fw01-sec,noncde-finance-test_access_in,extended,53,CHG0142833,,,,,,,,,,,,,,,,,,
uk-sc1-fw01-sec,noncde-finance-test_access_in,extended,54,,permit,,DM_INLINE_SERVICE_451,,,,DM_INLINE_NETWORK_450,,,,DM_INLINE_NETWORK_451,,,,,informational,300,active
uk-sc1-fw01-sec,noncde-finance-test_access_in,extended,55,CHG0142840,,,,,,,,,,,,,,,,,,
uk-sc1-fw01-sec,noncde-finance-test_access_in,extended,56,,permit,,DM_INLINE_SERVICE_453,,,,DM_INLINE_NETWORK_452,,,,DM_INLINE_NETWORK_453,,,,,informational,300,active
uk-sc1-fw01-sec,noncde-finance-test_access_in,extended,57,CHG0142840,,,,,,,,,,,,,,,,,,
uk-sc1-fw01-sec,noncde-finance-test_access_in,extended,58,,permit,,DM_INLINE_SERVICE_455,,,,DM_INLINE_NETWORK_454,,,,DM_INLINE_NETWORK_455,,,,,informational,300,active
uk-sc1-fw01-sec,noncde-finance-test_access_in,extended,59,CHG0142840,,,,,,,,,,,,,,,,,,
uk-sc1-fw01-sec,noncde-finance-test_access_in,extended,60,,permit,,DM_INLINE_SERVICE_457,,,,DM_INLINE_NETWORK_456,,,,DM_INLINE_NETWORK_457,,,,,informational,300,active
uk-sc1-fw01-sec,noncde-finance-test_access_in,extended,61,CHG0142840,,,,,,,,,,,,,,,,,,
uk-sc1-fw01-sec,noncde-finance-test_access_in,extended,62,,permit,,DM_INLINE_SERVICE_459,,,,DM_INLINE_NETWORK_458,,,,DM_INLINE_NETWORK_459,,,,,informational,300,active
uk-sc1-fw01-sec,noncde-finance-test_access_in,extended,63,CHG0142840,,,,,,,,,,,,,,,,,,
uk-sc1-fw01-sec,noncde-finance-test_access_in,extended,64,,permit,,,tcp,,,DM_INLINE_NETWORK_460,,,,DM_INLINE_NETWORK_461,,www,,,informational,300,active
uk-sc1-fw01-sec,noncde-finance-test_access_in,extended,65,CHG0142836,,,,,,,,,,,,,,,,,,
uk-sc1-fw01-sec,noncde-finance-test_access_in,extended,66,,permit,,,tcp,,,DM_INLINE_NETWORK_465,,,,DM_INLINE_NETWORK_466,,,DM_INLINE_TCP_466,,informational,300,active
uk-sc1-fw01-sec,noncde-finance-test_access_in,extended,67,CHG0142836,,,,,,,,,,,,,,,,,,
uk-sc1-fw01-sec,noncde-finance-test_access_in,extended,68,,permit,,,udp,,,DM_INLINE_NETWORK_478,,,,DM_INLINE_NETWORK_479,,,udp-6017-6026,,informational,300,active
uk-sc1-fw01-sec,global_access,extended,1,CHG0141979 -  wide access on prem due to specific rules in sddc,,,,,,,,,,,,,,,,,,
uk-sc1-fw01-sec,global_access,extended,2,,permit,,,ip,,,vmc-sddcs,,,,,any4,,,,informational,300,active
uk-sc1-fw01-sec,global_access,extended,3,,permit,,,ip,,,,any4,,,vmc-sddcs,,,,,informational,300,active
uk-sc1-fw01-sec,global_access,extended,4,CHG0142763,,,,,,,,,,,,,,,,,,
uk-sc1-fw01-sec,global_access,extended,5,,permit,,splunk_indexing_port-CHG0142763,,,,wh_nets-CHG0142763,,,,splunk_heavy_forwarders-CHG0142763,,,,,informational,300,active
uk-sc1-fw01-sec,global_access,extended,6,CHG0142763,,,,,,,,,,,,,,,,,,
uk-sc1-fw01-sec,global_access,extended,7,,permit,,splunk_mgmt_port-CHG0142763,,,,wh_nets-CHG0142763,,,,splunk_deployment_server-CHG0142763,,,,,informational,300,active
uk-sc1-fw01-sec,global_access,extended,8,RAS-VPN,,,,,,,,,,,,,,,,,,
uk-sc1-fw01-sec,global_access,extended,9,,permit,,,ip,,,ras-vpn-pool,,,,,any,,,,,,active
uk-sc1-fw01-sec,global_access,extended,10,CHG0119266, CHG0130310,,,,,,,,,,,,,,,,,,
uk-sc1-fw01-sec,global_access,extended,11,,permit,,DM_INLINE_SERVICE_37,,,,DM_INLINE_NETWORK_379,,,,,10.120.0.0 255.255.0.0,,,,informational,300,active
uk-sc1-fw01-sec,global_access,extended,12,CHG0141790,,,,,,,,,,,,,,,,,,
uk-sc1-fw01-sec,global_access,extended,13,,permit,,whgroup_ad_ports,,,,,any,,,whgroup_ad_servers,,,,,informational,300,active
uk-sc1-fw01-sec,global_access,extended,14,CHG0123165,,,,,,,,,,,,,,,,,,
uk-sc1-fw01-sec,global_access,extended,15,,permit,,SCC-NAS-GRP,,,Net_10.120.67.0slash24,,,,SCC-NAS,,,,,,,,active
uk-sc1-fw01-sec,global_access,extended,16,CHG0115229,,,,,,,,,,,,,,,,,,
uk-sc1-fw01-sec,global_access,extended,17,,deny,,,ip,,,Corp-WiFi-Subnets,,,,,any,,,,informational,300,active
uk-sc1-fw01-sec,global_access,extended,18,CHG0112231,,,,,,,,,,,,,,,,,,
uk-sc1-fw01-sec,global_access,extended,19,,permit,,,tcp,,,grp-scc-commvault-svrs,,,,,any,,TCP-8400-8403,,informational,300,active
uk-sc1-fw01-sec,global_access,extended,20,CHG0112231,,,,,,,,,,,,,,,,,,
uk-sc1-fw01-sec,global_access,extended,21,,permit,,,tcp,,,grp-ld6-commvault-svrs,,,,,any,,TCP-8400-8403,,informational,300,active
uk-sc1-fw01-sec,global_access,extended,22,CHG0121600,,,,,,,,,,,,,,,,,,
uk-sc1-fw01-sec,global_access,extended,23,,permit,,,tcp,,,grp-gib-commvault-svrs,,,,,any,,TCP-8400-8403,,informational,300,active
uk-sc1-fw01-sec,global_access,extended,24,CHG0112231,,,,,,,,,,,,,,,,,,
uk-sc1-fw01-sec,global_access,extended,25,,permit,,,tcp,,,,any,,,grp-scc-commvault-svrs,,,TCP-8400-8403,,informational,300,active
uk-sc1-fw01-sec,global_access,extended,26,CHG0112231,,,,,,,,,,,,,,,,,,
uk-sc1-fw01-sec,global_access,extended,27,,permit,,,tcp,,,,any,,,grp-ld6-commvault-svrs,,,TCP-8400-8403,,informational,300,active
uk-sc1-fw01-sec,global_access,extended,28,CHG0121600,,,,,,,,,,,,,,,,,,
uk-sc1-fw01-sec,global_access,extended,29,,permit,,,tcp,,,,any,,,grp-gib-commvault-svrs,,,TCP-8400-8403,,informational,300,active
uk-sc1-fw01-sec,global_access,extended,30,and_CHG0131679, CHG0135664,,,,,,,,,,,,,,,,,,
uk-sc1-fw01-sec,global_access,extended,31,,permit,,,tcp,,,DM_INLINE_NETWORK_282,,,,DM_INLINE_NETWORK_382,,,DM_INLINE_TCP_90,,,,active
uk-sc1-fw01-sec,global_access,extended,32,,permit,,,tcp,,,DM_INLINE_NETWORK_256,,,,,,57979,,,,,active
uk-sc1-fw01-sec,global_access,extended,33,CHG0101535,,,,,,,,,,,,,,,,,,
uk-sc1-fw01-sec,global_access,extended,34,,permit,,,tcp,,,DM_INLINE_NETWORK_103,,,,DM_INLINE_NETWORK_102,,,DM_INLINE_TCP_37,,,,active
uk-sc1-fw01-sec,global_access,extended,35,CHG0116053,,,,,,,,,,,,,,,,,,
uk-sc1-fw01-sec,global_access,extended,36,,permit,,,tcp,,net-10.0.0.0,,,,,DM_INLINE_NETWORK_307,,,LDAP-Services,,informational,300,active
uk-sc1-fw01-sec,global_access,extended,37,CHG0101376,,,,,,,,,,,,,,,,,,
uk-sc1-fw01-sec,global_access,extended,38,,permit,,,tcp,10.120.69.227,,,,10.120.163.99,,,,8089,,,informational,300,active
uk-sc1-fw01-sec,global_access,extended,39,,permit,,,tcp,,,Athene-Servers,,,,,any4,ssh,,,,,active
uk-sc1-fw01-sec,global_access,extended,40,CHG0106526,,,,,,,,,,,,,,,,,,
uk-sc1-fw01-sec,global_access,extended,41,,permit,,Rundeck-WinRM-Ports,,,,Rundeck-Servers,,,,,any,,,,informational,300,active
uk-sc1-fw01-sec,global_access,extended,42,Wily global access - CHG0081701,,,,,,,,,,,,,,,,,,,
uk-sc1-fw01-sec,global_access,extended,43,,permit,,wily-outbound-ports,,,,wily-svrs_all,,,,wily-access-group,,,,,informational,300,active
uk-sc1-fw01-sec,global_access,extended,44,,permit,,wily-inbound-ports,,,,wily-access-group,,,,wily-svrs_all,,,,,informational,300,active
uk-sc1-fw01-sec,global_access,extended,45,,permit,tcp-3389,,,,GSH-AteetKoomarD,,,10.120.99.23,,,,,,,informational,300,active
uk-sc1-fw01-sec,global_access,extended,46,CHG0101535,,,,,,,,,,,,,,,,,,
uk-sc1-fw01-sec,global_access,extended,47,,permit,,,tcp,,,,10.120.100.0 255.255.255.0,,,DM_INLINE_NETWORK_91,,,DM_INLINE_TCP_26,,informational,300,active
uk-sc1-fw01-sec,global_access,extended,48,Global Rule,,,,,,,,,,,,,,,,,,
uk-sc1-fw01-sec,global_access,extended,49,,permit,8089,,,,,,any,10.120.163.99,,,,,,,informational,300,active
uk-sc1-fw01-sec,global_access,extended,50,Temp Rule to allow internet acexx via new OpenDNS proxy - webroot replacement,,,,,,,,,,,,,,,,,,,
uk-sc1-fw01-sec,global_access,extended,51,,permit,,,tcp,,,,any,,OpenDNS-Ext-Proxy,,,3128,,,informational,300,active
uk-sc1-fw01-sec,global_access,extended,52,CHG0078639,,,,,,,,,,,,,,,,,,
uk-sc1-fw01-sec,global_access,extended,53,Global Rule,,,,,,,,,,,,,,,,,,
uk-sc1-fw01-sec,global_access,extended,54,,permit,,,ip,,,,any,,,WebProxies-CX-SCC,,,,,informational,300,active
uk-sc1-fw01-sec,global_access,extended,55,Standard rule - CHG0083747,,,,,,,,,,,,,,,,,,
uk-sc1-fw01-sec,global_access,extended,56,,permit,,AD-global-rule-ports,,,,,any4,,,WHGROUP-AD-SERVERS,,,,,informational,300,active
uk-sc1-fw01-sec,global_access,extended,57,CHG0066653 - Standard AD Access,,,,,,,,,,,,,,,,,,
uk-sc1-fw01-sec,global_access,extended,58,CHG0083632, PCI Q2 2016,,,,,,,,,,,,,,,,,,
uk-sc1-fw01-sec,global_access,extended,59,,permit,,,tcp,,,,any4,,,Global-Catalog-Svrs,,,Global-Catalog-Ports,,informational,300,active
uk-sc1-fw01-sec,global_access,extended,60,CHG0097030,,,,,,,,,,,,,,,,,,
uk-sc1-fw01-sec,global_access,extended,61,,permit,,,tcp,,,,any4,,,MailHosts,,smtp,,,,,active
uk-sc1-fw01-sec,global_access,extended,62,Standard rule - CHG0083506,,,,,,,,,,,,,,,,,,
uk-sc1-fw01-sec,global_access,extended,63,,permit,,Infoblox-Standard-Ports,,,,,any4,,,infoblox-all-dns-servers,,,,,informational,300,active
uk-sc1-fw01-sec,global_access,extended,64,,permit,,TCPUDP,,,,,any,,,grp-pr-dns-servers,,domain,,,informational,300,active
uk-sc1-fw01-sec,global_access,extended,65,,permit,,,tcp,,,,any,,,grp-pr-wsus-servers,,,DM_INLINE_TCP_27,,informational,300,active
uk-sc1-fw01-sec,global_access,extended,66,,permit,,,tcp,,,,any,,,grp-pr-yum-servers,,www,,,informational,300,active
uk-sc1-fw01-sec,global_access,extended,67,Standard Rule,,,,,,,,,,,,,,,,,,
uk-sc1-fw01-sec,global_access,extended,68,,permit,,,tcp,,,,any,,,grp-pr-trendav-servers,,,DM_INLINE_TCP_28,,informational,300,active
uk-sc1-fw01-sec,global_access,extended,69,CHG0092350,,,,,,,,,,,,,,,,,,
uk-sc1-fw01-sec,global_access,extended,70,,permit,,,tcp,,InfoSec-28,,,,sc1wnprein07,,,4345,,,informational,300,active
uk-sc1-fw01-sec,global_access,extended,71,Standard Rule,,,,,,,,,,,,,,,,,,
uk-sc1-fw01-sec,global_access,extended,72,,permit,,,tcp,,,,any,,,grp-pr-ldap-servers,,8275,,,informational,300,active
uk-sc1-fw01-sec,global_access,extended,73,Standard Rule,,,,,,,,,,,,,,,,,,
uk-sc1-fw01-sec,global_access,extended,74,,permit,,TCPUDP,,,,,any,,,grp-pr-syslog-servers,,514,,,informational,300,active
uk-sc1-fw01-sec,global_access,extended,75,Standard Rule,,,,,,,,,,,,,,,,,,
uk-sc1-fw01-sec,global_access,extended,76,,permit,,,tcp,,,,any,,,grp-pr-altris-notification-servers,,,DM_INLINE_TCP_29,,informational,300,active
uk-sc1-fw01-sec,global_access,extended,77,Standard Rule,,,,,,,,,,,,,,,,,,
uk-sc1-fw01-sec,global_access,extended,78,,permit,,,tcp,,,,any,,,grp-pr-nms-mgmt,,,,48000 48030,informational,300,active
uk-sc1-fw01-sec,global_access,extended,79,CHG0081848 ,,,,,,,,,,,,,,,,,,
uk-sc1-fw01-sec,global_access,extended,80,,permit,,,tcp,,,,any4,,SCC_SNOW_Collector,,,https,,,informational,300,active
uk-sc1-fw01-sec,global_access,extended,81,Standard Rule,,,,,,,,,,,,,,,,,,,
uk-sc1-fw01-sec,global_access,extended,82,,permit,,,tcp,,,,any,,,grp-pr-openview,,383,,,informational,300,active
uk-sc1-fw01-sec,global_access,extended,83,Standard Rule,,,,,,,,,,,,,,,,,,,
uk-sc1-fw01-sec,global_access,extended,84,,permit,,,udp,,,,any,,,grp-pr-ntp-servers,,ntp,,,informational,300,active
uk-sc1-fw01-sec,global_access,extended,85,Standard Rule,,,,,,,,,,,,,,,,,,
uk-sc1-fw01-sec,global_access,extended,86,,permit,,,tcp,,,,any,,,grp-pr-status-servers,,60606,,,informational,300,active
uk-sc1-fw01-sec,global_access,extended,87,Standard Rule,,,,,,,,,,,,,,,,,,
uk-sc1-fw01-sec,global_access,extended,88,,permit,,,tcp,,,,any,,,grp-pr-kms-servers,,1688,,,informational,300,active
uk-sc1-fw01-sec,global_access,extended,89,Standard Rule,,,,,,,,,,,,,,,,,,
uk-sc1-fw01-sec,global_access,extended,90,,permit,,,tcp,,,,any,,,mail-servers,,smtp,,,informational,300,active
uk-sc1-fw01-sec,global_access,extended,91,Standard Rule,,,,,,,,,,,,,,,,,,
uk-sc1-fw01-sec,global_access,extended,92,,permit,,,tcp,,,grp-pr-trendav-servers,,,,,any,30231,,,informational,300,active
uk-sc1-fw01-sec,global_access,extended,93,Standard Rule,,,,,,,,,,,,,,,,,,,
uk-sc1-fw01-sec,global_access,extended,94,,permit,,,tcp,,,grp-pr-bladelogic-servers,,,,,any,4750,,,informational,300,active
uk-sc1-fw01-sec,global_access,extended,95,Standard Rule,,,,,,,,,,,,,,,,,,
uk-sc1-fw01-sec,global_access,extended,96,,permit,,,tcp,,,grp-pr-nms-mgmt,,,,,any,,,48000 48030,informational,300,active
uk-sc1-fw01-sec,global_access,extended,97,CHG0079749,,,,,,,,,,,,,,,,,,
uk-sc1-fw01-sec,global_access,extended,98,,permit,,,tcp,,,UIM-Servers,,,,,10.0.0.0 255.0.0.0,,,48000 48030,informational,300,active
uk-sc1-fw01-sec,global_access,extended,99,CHG0079749,,,,,,,,,,,,,,,,,,
uk-sc1-fw01-sec,global_access,extended,100,,permit,,,tcp,,,,10.0.0.0 255.0.0.0,,,UIM-Servers,,,,48000 48030,informational,300,active
uk-sc1-fw01-sec,global_access,extended,101,Standard Rule,,,,,,,,,,,,,,,,,,,
uk-sc1-fw01-sec,global_access,extended,102,,permit,,,tcp,,,grp-pr-openview,,,,,any,383,,,informational,300,active
uk-sc1-fw01-sec,global_access,extended,103,Standard Rule,,,,,,,,,,,,,,,,,,,
uk-sc1-fw01-sec,global_access,extended,104,,permit,,,tcp,,,grp-pr-altris-notification-servers,,,,,any,,DM_INLINE_TCP_30,,informational,300,active
uk-sc1-fw01-sec,global_access,extended,105,Standard Rule - CHG0083593,,,,,,,,,,,,,,,,,,
uk-sc1-fw01-sec,global_access,extended,106,,permit,,,icmp,,,,any4,,,,any4,,,,informational,300,active
uk-sc1-fw01-sec,global_access,extended,107,CHG0057230,,,,,,,,,,,,,,,,,,,
uk-sc1-fw01-sec,global_access,extended,108,,permit,,,tcp,,,AD_SERVERS,,10.120.69.213,,,,135,,,,,active
uk-sc1-fw01-sec,global_access,extended,109,CHG0057230,,,,,,,,,,,,,,,,,,,
uk-sc1-fw01-sec,global_access,extended,110,,permit,,,tcp,,,AD_SERVERS,,10.120.69.213,,,,netbios-ssn,,,,,active
uk-sc1-fw01-sec,global_access,extended,111,CHG0057230,,,,,,,,,,,,,,,,,,,
uk-sc1-fw01-sec,global_access,extended,112,,permit,,,tcp,10.120.69.213,,,,,,AD_SERVERS,,netbios-ssn,,,,,active
uk-sc1-fw01-sec,global_access,extended,113,CHG0057230,,,,,,,,,,,,,,,,,,,
uk-sc1-fw01-sec,global_access,extended,114,,permit,,,tcp,10.120.69.213,,,,,,AD_SERVERS,,135,,,,,active
uk-sc1-fw01-sec,global_access,extended,115,CHG0057230,,,,,,,,,,,,,,,,,,,
uk-sc1-fw01-sec,global_access,extended,116,,permit,,,tcp,10.120.69.213,,,,,,AD_SERVERS,,,AD_PORTS,,,,active
uk-sc1-fw01-sec,global_access,extended,117,CHG0057230,,,,,,,,,,,,,,,,,,,
uk-sc1-fw01-sec,global_access,extended,118,,permit,,,tcp,10.120.69.213,,,,10.120.163.114,,,,1688,,,,,active
uk-sc1-fw01-sec,global_access,extended,119,CHG0057230,,,,,,,,,,,,,,,,,,,
uk-sc1-fw01-sec,global_access,extended,120,,permit,,,udp,,,AD_SERVERS,,10.120.69.213,,,,135,,,,,active
uk-sc1-fw01-sec,global_access,extended,121,CHG0057230,,,,,,,,,,,,,,,,,,,
uk-sc1-fw01-sec,global_access,extended,122,,permit,,,udp,,,AD_SERVERS,,10.120.69.213,,,,139,,,,,active
uk-sc1-fw01-sec,global_access,extended,123,CHG0057230,,,,,,,,,,,,,,,,,,,
uk-sc1-fw01-sec,global_access,extended,124,,permit,,,udp,10.120.69.213,,,,,,AD_SERVERS,,139,,,,,active
uk-sc1-fw01-sec,global_access,extended,125,CHG0057230,,,,,,,,,,,,,,,,,,
uk-sc1-fw01-sec,global_access,extended,126,,permit,,,udp,10.120.69.213,,,,,,AD_SERVERS,,135,,,,,active
uk-sc1-fw01-sec,global_access,extended,127,CHG0057230,,,,,,,,,,,,,,,,,,,
uk-sc1-fw01-sec,global_access,extended,128,,permit,,,udp,10.120.69.213,,,,,,AD_SERVERS,,,AD_PORTS,,,,active
uk-sc1-fw01-sec,global_access,extended,129,CHG0057230,,,,,,,,,,,,,,,,,,,
uk-sc1-fw01-sec,global_access,extended,130,,permit,,,udp,10.120.69.213,,,,10.120.163.114,,,,168,,,,,active
uk-sc1-fw01-sec,global_access,extended,131,CHG0067511 - allow Splunk Heavy Forwarder secure access to management protocols and SNMP agent,,,,,,,,,,,,,,,,,,
uk-sc1-fw01-sec,global_access,extended,132,,permit,,splunk_mgmt,,,sc1uxpremn74,,,,,,any,,,,,,active
uk-sc1-fw01-sec,global_access,extended,133,CHG0095358,,,,,,,,,,,,,,,,,,
uk-sc1-fw01-sec,global_access,extended,134,,permit,,,udp,,,,any4,,,UIM-WIN,,snmptrap,,,informational,300,active
uk-sc1-fw01-sec,global_access,extended,135,Standard Rule,,,,,,,,,,,,,,,,,,
uk-sc1-fw01-sec,global_access,extended,136,Standard Rule,,,,,,,,,,,,,,,,,,
uk-sc1-fw01-sec,global_access,extended,137,CHG0057892, CHG0058224, CHG0069697, CHG0086982,CHG0133639,,,,,,,,,,,,,,,,,,
uk-sc1-fw01-sec,global_access,extended,138,,permit,,,tcp,,,webroot_ldap_servers,,,sc1wnpredc15.prod,,,,AD_PORTS,,,,active
uk-sc1-fw01-sec,global_access,extended,139,CHG0109764,,,,,,,,,,,,,,,,,,
uk-sc1-fw01-sec,global_access,extended,140,,permit,,,tcp,,,RFC1918-networks,,,,DM_INLINE_NETWORK_229,,,cluster-ports-tcp,,informational,300,active
uk-sc1-fw01-sec,global_access,extended,141,CHG0057892, CHG0058224, CHG0069697,,,,,,,,,,,,,,,,,,
uk-sc1-fw01-sec,global_access,extended,142,,permit,,,tcp,,wg.wrproxy-usa,,,,sc1wnpredc15.prod,,,,AD_PORTS,,,,active
uk-sc1-fw01-sec,global_access,extended,143,,permit,,,ip,,,feeds-db.prod.williamhill.plc-all-IPs,,10.120.163.73,,,,,,,,,active
uk-sc1-fw01-sec,global_access,extended,144,CHG0109028,,,,,,,,,,,,,,,,,,
uk-sc1-fw01-sec,global_access,extended,145,,permit,,,ip,,,RFC1918-networks,,,,RDS-KMS-server,,,,,informational,300,active
uk-sc1-fw01-sec,global_access,extended,146,CHG0115147 CHG0118220,,,,,,,,,,,,,,,,,,
uk-sc1-fw01-sec,global_access,extended,147,,permit,,DM_INLINE_SERVICE_33,,,,,any,,,DM_INLINE_NETWORK_306,,,,,informational,300,active
uk-sc1-fw01-sec,global_access,extended,148,CHG0119053,,,,,,,,,,,,,,,,,,
uk-sc1-fw01-sec,global_access,extended,149,,permit,,,tcp,,,DM_INLINE_NETWORK_324,,10.120.163.33,,,,8083,,,informational,300,active
uk-sc1-fw01-sec,global_access,extended,150,Standard Rule,,,,,,,,,,,,,,,,,,
uk-sc1-fw01-sec,global_access,extended,151,CHG0122435, CHG0133580,,,,,,,,,,,,,,,,,,
uk-sc1-fw01-sec,global_access,extended,152,,permit,,DM_INLINE_SERVICE_9,,,,skybox-appliances,,,net-10.0.0.0,,,,,,,,active
uk-sc1-fw01-sec,global_access,extended,153,CHG0126941,,,,,,,,,,,,,,,,,,
uk-sc1-fw01-sec,global_access,extended,154,,permit,,,tcp,,,ClaraNet-Discovery-Server,,,,,10.120.0.0 255.255.0.0,,DM_INLINE_TCP_158,,informational,300,active
uk-sc1-fw01-sec,global_access,extended,155,CHG0125718,,,,,,,,,,,,,,,,,,
uk-sc1-fw01-sec,global_access,extended,156,,permit,,,tcp,,,,10.0.0.0 255.0.0.0,,infosecsplunk.sc1.prod.williamhill.plc,,,https,,,informational,300,active
uk-sc1-fw01-sec,global_access,extended,157,CHG0137135,,,,,,,,,,,,,,,,,,
uk-sc1-fw01-sec,global_access,extended,158,,permit,,TCPUDP,,,,DM_INLINE_NETWORK_283,,,,AD-KMS-Servers,,,AD_PORTS,,informational,300,active
uk-sc1-fw01-sec,global_access,extended,159,CHG0137135,,,,,,,,,,,,,,,,,,
uk-sc1-fw01-sec,global_access,extended,160,,permit,,DM_INLINE_SERVICE_292,,,,DM_INLINE_NETWORK_291,,,,DM_INLINE_NETWORK_297,,,,,informational,300,active
uk-sc1-fw01-sec,global_access,extended,161,CHG0137135,,,,,,,,,,,,,,,,,,
uk-sc1-fw01-sec,global_access,extended,162,,permit,,TCPUDP,,,,DM_INLINE_NETWORK_298,,,,SNS-Group,,domain,,,informational,300,active
uk-sc1-fw01-sec,global_access,extended,163,CHG0137135,,,,,,,,,,,,,,,,,,
uk-sc1-fw01-sec,global_access,extended,164,,permit,,,tcp,,,DM_INLINE_NETWORK_300,,,,DM_INLINE_NETWORK_319,,www,,,informational,300,active
uk-sc1-fw01-sec,global_access,extended,165,CHG0137135,,,,,,,,,,,,,,,,,,
uk-sc1-fw01-sec,global_access,extended,166,,permit,,,tcp,,,RFC1918-networks,,,sc1wnprnap81,,,445,,,informational,300,active
uk-sc1-fw01-sec,global_access,extended,167,,deny,,,ip,,,,any4,,,,any4,,,,informational,300,active
uk-sc1-fw01-sec,non-cde-app2_access_in,extended,1,CHG0115229,,,,,,,,,,,,,,,,,,
uk-sc1-fw01-sec,non-cde-app2_access_in,extended,2,,deny,,,ip,,,Corp-WiFi-Subnets,,,,,any,,,,informational,300,inactive
uk-sc1-fw01-sec,non-cde-app2_access_in,extended,3,CHG0034294, CHG0035616, PCI-Q4-2017, PCI Q4 2018,PCI-Q2-2019,,,,,,,,,,,,,,,,,,
uk-sc1-fw01-sec,non-cde-app2_access_in,extended,4,,permit,,,tcp,,,pds-cm_api-servers,,,,who-diffusion_push-servers,,,diffusion-ports,,informational,300,active
uk-sc1-fw01-sec,non-cde-app2_access_in,extended,5,CHG0034296, CHG0035616, CHG0058200, Q2-2017, PCI-Q4-2017,PCI Q4 2018,PCI-Q2-2019,,,,,,,,,,,,,,,,,,
uk-sc1-fw01-sec,non-cde-app2_access_in,extended,6,,permit,,,tcp,,,pds-dsm-servers,,,,gib-oxi-feed-apps,,,oxi_rep-pds-ports,,informational,300,active
uk-sc1-fw01-sec,non-cde-app2_access_in,extended,7,CHG0057343, PCI-Q4-2017, PCI Q4 2018,PCI-Q2-2019,,,,,,,,,,,,,,,,,,
uk-sc1-fw01-sec,non-cde-app2_access_in,extended,8,,permit,,,tcp,,,pds-dsm-servers,,,sbinternalproxy.prod.williamhill.plc,,,www,,,informational,300,active
uk-sc1-fw01-sec,non-cde-app2_access_in,extended,9,CHG0062814, PCI-Q4-2017, PCI Q4 2018,PCI-Q2-2019,,,,,,,,,,,,,,,,,,
uk-sc1-fw01-sec,non-cde-app2_access_in,extended,10,,permit,,,tcp,,,grp-activemq-1-2,,,,grp-active-mq-clust,,61321,,,informational,300,active
uk-sc1-fw01-sec,non-cde-app2_access_in,extended,11,CHG0058075, PCI-Q4-2017, PCI Q4 2018,PCI-Q2-2019,,,,,,,,,,,,,,,,,,
uk-sc1-fw01-sec,non-cde-app2_access_in,extended,12,,permit,,,tcp,,,SC1UXPRNAP69-70,,,,SC1UXPRNWB131-132,,3098,,,,,active
uk-sc1-fw01-sec,non-cde-app2_access_in,extended,13,CHG0077390,,,,,,,,,,,,,,,,,,
uk-sc1-fw01-sec,non-cde-app2_access_in,extended,14,,permit,,,tcp,,,Cassandra-Cluster-SCC,,,,Cassandra-Cluster-BRS,,,DM_INLINE_TCP_122,,informational,300,active
uk-sc1-fw01-sec,non-cde-app2_access_in,extended,15,CHG0077390, Q2-2017, PCI-Q4-2017,PCI Q2 2018,,,,,,,,,,,,,,,,,,
uk-sc1-fw01-sec,non-cde-app2_access_in,extended,16,,permit,,,tcp,,,payment-card-servers,,,,Cassandra-Cluster-BRS,,9042,,,informational,300,active
uk-sc1-fw01-sec,non-cde-app2_access_in,extended,17,CHG0060854, PCI Q4 2018,PCI-Q2-2019,,,,,,,,,,,,,,,,,,
uk-sc1-fw01-sec,non-cde-app2_access_in,extended,18,,permit,,,tcp,,,payment-card-servers,,,gib-backoffice-proxy,,,www,,,informational,300,active
uk-sc1-fw01-sec,non-cde-app2_access_in,extended,19,CHG0060854,,,,,,,,,,,,,,,,,,
uk-sc1-fw01-sec,non-cde-app2_access_in,extended,20,,permit,,,tcp,,,payment-card-servers,,,sc1uxprnwb51,,,,whcard-ports,,informational,300,active
uk-sc1-fw01-sec,non-cde-app2_access_in,extended,21,CHG0061024,,,,,,,,,,,,,,,,,,
uk-sc1-fw01-sec,non-cde-app2_access_in,extended,22,,permit,,,tcp,,,payment-card-servers,,,,gateway-proxy-srvs,,3151,,,informational,300,active
uk-sc1-fw01-sec,non-cde-app2_access_in,extended,23,CHG0095363, Q2-2017, PCI-Q4-2017, PCI Q4 2018,PCI-Q2-2019,,,,,,,,,,,,,,,,,,
uk-sc1-fw01-sec,non-cde-app2_access_in,extended,24,,permit,,DM_INLINE_SERVICE_6,,,,DM_INLINE_NETWORK_72,,10.120.163.73,,,,,,,informational,300,active
uk-sc1-fw01-sec,non-cde-app2_access_in,extended,25,CHG0095363, Q2-2017, PCI-Q4-2017, PCI Q4 2018,PCI-Q2-2019,,,,,,,,,,,,,,,,,,
uk-sc1-fw01-sec,non-cde-app2_access_in,extended,26,,permit,,DM_INLINE_SERVICE_21,,10.120.163.73,,,,,,DM_INLINE_NETWORK_73,,,,,informational,300,active
uk-sc1-fw01-sec,non-cde-app2_access_in,extended,27,CHG0101250,PCI-Q2-2019,,,,,,,,,,,,,,,,,,
uk-sc1-fw01-sec,non-cde-app2_access_in,extended,28,,permit,,,tcp,,sc1uxprnap03,,,,int-lb-bo.gib.prod,,,www,,,,,active
uk-sc1-fw01-sec,non-cde-app2_access_in,extended,29,CHG0101250, PCI-Q4-2017, PCI Q4 2018,PCI-Q2-2019,,,,,,,,,,,,,,,,,,
uk-sc1-fw01-sec,non-cde-app2_access_in,extended,30,,permit,,,tcp,,sc1uxprnap03,,,,int-lb-servicelayer.gib-prd,,,www,,,,,active
uk-sc1-fw01-sec,non-cde-app2_access_in,extended,31,CHG0121250,PCI-Q2-2019,,,,,,,,,,,,,,,,,,
uk-sc1-fw01-sec,non-cde-app2_access_in,extended,32,,permit,,,tcp,,,payment-card-servers,,,int-lb-bo.gib.prod.williamhill.plc,,,www,,,informational,300,active
uk-sc1-fw01-sec,cobain-access-in,extended,1,CHG0115229,,,,,,,,,,,,,,,,,,
uk-sc1-fw01-sec,cobain-access-in,extended,2,,deny,,,ip,,,Corp-WiFi-Subnets,,,,,any,,,,informational,300,inactive
uk-sc1-fw01-sec,cobain-access-in,extended,3,CHG0035253, PCI-Q4-2017, PCI Q4 2018,PCI-Q2-2019,,,,,,,,,,,,,,,,,,
uk-sc1-fw01-sec,cobain-access-in,extended,4,,permit,,cobain-distribution,,,,cobain-local-media-servers,,,,cobain-distribution-servers,,,,,,,active
uk-sc1-fw01-sec,cobain-access-in,extended,5,,permit,,,icmp,,,,any4,,,,any4,,,,,,active
uk-sc1-fw01-sec,JDE-DM,extended,1,,permit,,JDE-DM-Services,,,,,any4,,,,any4,,,,,,inactive
uk-sc1-fw01-sec,6H-INT-ACL,extended,1,,permit,,,tcp,,,Integration_TIMEOUT_01,,,,DM_INLINE_NETWORK_130,,,6H-INT-TCP,,,,inactive
uk-sc1-fw01-sec,6H-INT-ACL,extended,2,,permit,,,tcp,,,DM_INLINE_NETWORK_131,,,,Integration_TIMEOUT_01,,,6H-INT-TCP,,,,inactive
uk-sc1-fw01-sec,6H-INT-ACL,extended,3,,permit,,,tcp,,,Integration_TIMEOUT_01,,,,Integration_GIB_DB_Timeout,,,,,,,inactive
uk-sc1-fw01-sec,noncde-cf-web_access_in,extended,1,CHG0115229,,,,,,,,,,,,,,,,,,
uk-sc1-fw01-sec,noncde-cf-web_access_in,extended,2,,deny,,,ip,,,Corp-WiFi-Subnets,,,,,any,,,,informational,300,inactive
uk-sc1-fw01-sec,noncde-cf-web_access_in,extended,3,,permit,,,icmp,,,,any4,,,,any4,,,,,,active
uk-sc1-fw01-sec,noncde-cf-web_access_in,extended,4,CHG0054675,,,,,,,,,,,,,,,,,,
uk-sc1-fw01-sec,noncde-cf-web_access_in,extended,5,,permit,,,tcp,,,CF_Proxy_Array,,,,CF_API_Servers,,7141,,,,,active
uk-sc1-fw01-sec,noncde-cf-web_access_in,extended,6,CHG0054675,PCI-Q2-2019,,,,,,,,,,,,,,,,,,
uk-sc1-fw01-sec,noncde-cf-web_access_in,extended,7,,permit,,,tcp,,,CF_Proxy_Array,,,,Tennis_C#_Pricing,,8080,,,,,active
uk-sc1-fw01-sec,noncde-cf-web_access_in,extended,8,CHG0054675, Q2-2017, PCI-Q4-2017, PCI Q4 2018,PCI-Q2-2019,,,,,,,,,,,,,,,,,,
uk-sc1-fw01-sec,noncde-cf-web_access_in,extended,9,,permit,,,tcp,,,CF_Proxy_Array,,,,Tennis_Creation,,7121,,,,,active
uk-sc1-fw01-sec,noncde-cf-web_access_in,extended,10,CHG0070519,,,,,,,,,,,,,,,,,,
uk-sc1-fw01-sec,noncde-cf-web_access_in,extended,11,,permit,,,tcp,,,CF_Proxy_Array,,,,Market-Services-App-Servers,,8080,,,,,active
uk-sc1-fw01-sec,noncde-cf-web_access_in,extended,12,CHG0079801,PCI-Q2-2019,,,,,,,,,,,,,,,,,,
uk-sc1-fw01-sec,noncde-cf-web_access_in,extended,13,,permit,,,tcp,,,CF_Proxy_Array,,,,grp-int-api-trd-icehockey-brs-scc,,www,,,,,active
uk-sc1-fw01-sec,noncde-cf-web_access_in,extended,14,CHG0076631,,,,,,,,,,,,,,,,,,
uk-sc1-fw01-sec,noncde-cf-web_access_in,extended,15,,permit,,,tcp,,,CF_Proxy_Array,,,,LiabilitesBrokers-b,,8080,,,informational,300,active
uk-sc1-fw01-sec,noncde-cf-web_access_in,extended,16,CHG0078384,,,,,,,,,,,,,,,,,,
uk-sc1-fw01-sec,noncde-cf-web_access_in,extended,17,,permit,,,tcp,,,CF_Proxy_Array,,,,grp-pr-scc-proxy-gtp,,8080,,,informational,300,active
uk-sc1-fw01-sec,noncde-cf-web_access_in,extended,18,CHG0080779,,,,,,,,,,,,,,,,,,
uk-sc1-fw01-sec,noncde-cf-web_access_in,extended,19,,permit,,,tcp,,,CF_Proxy_Array,,,,grp-scc-gtp-fred,,,,8080 8090,informational,300,active
uk-sc1-fw01-sec,noncde-cf-web_access_in,extended,20,CHG0081130,PCI-Q2-2019,,,,,,,,,,,,,,,,,,
uk-sc1-fw01-sec,noncde-cf-web_access_in,extended,21,,permit,,,tcp,,,CF_Proxy_Array,,,,Rabbit_Message_Queue,,8080,,,informational,300,active
uk-sc1-fw01-sec,noncde-cf-web_access_in,extended,22,CHG0070758,,,,,,,,,,,,,,,,,,
uk-sc1-fw01-sec,noncde-cf-web_access_in,extended,23,,permit,,,tcp,,,GTP-Stream-Servers,,,,Rabbit_Message_Queue,,5672,,,,,active
uk-sc1-fw01-sec,noncde-cf-web_access_in,extended,24,CHG0076819,PCI-Q2-2019,,,,,,,,,,,,,,,,,,
uk-sc1-fw01-sec,noncde-cf-web_access_in,extended,25,,permit,,,tcp,,,grp-scc-gtp-live-stream,,,,Rabbit_Message_Queue,,5672,,,,,active
uk-sc1-fw01-sec,noncde-cf-web_access_in,extended,26,CHG0084321, CHG0084168,,,,,,,,,,,,,,,,,,
uk-sc1-fw01-sec,noncde-cf-web_access_in,extended,27,,permit,,,tcp,,,DM_INLINE_NETWORK_263,,,10.120.102.0,,,8080,,,informational,300,active
uk-sc1-fw01-sec,noncde-cf-web_access_in,extended,28,CHG0084437, CHG0100889,,,,,,,,,,,,,,,,,,
uk-sc1-fw01-sec,noncde-cf-web_access_in,extended,29,,permit,,,tcp,,,DM_INLINE_NETWORK_265,,,,DM_INLINE_NETWORK_75,,www,,,informational,300,active
uk-sc1-fw01-sec,noncde-cf-web_access_in,extended,30,CHG0106159,,,,,,,,,,,,,,,,,,
uk-sc1-fw01-sec,noncde-cf-web_access_in,extended,31,,permit,,,tcp,,,Central_Feeds_VIP,,,,grp-gtp-endpoint-filter-svrs,,,,8081 8084,informational,300,active
uk-sc1-fw01-sec,noncde-cf-web_access_in,extended,32,CHG0134024,,,,,,,,,,,,,,,,,,
uk-sc1-fw01-sec,noncde-cf-web_access_in,extended,33,,permit,,,tcp,,noncde-cf-web-net,,,10.120.74.46,,,,www,,,informational,300,active
uk-sc1-fw01-sec,noncde-cf-web_access_in,extended,34,RAS-VPN,,,,,,,,,,,,,,,,,,
uk-sc1-fw01-sec,noncde-cf-web_access_in,extended,35,,permit,,,ip,,,,10.120.72.0 255.255.255.0,,,ras-vpn-pool,,,,,,,active
uk-sc1-fw01-sec,noncde-cf-app_access_in,extended,1,CHG0115229,,,,,,,,,,,,,,,,,,
uk-sc1-fw01-sec,noncde-cf-app_access_in,extended,2,,deny,,,ip,,,Corp-WiFi-Subnets,,,,,any,,,,informational,300,inactive
uk-sc1-fw01-sec,noncde-cf-app_access_in,extended,3,,permit,,,icmp,,,,any4,,,,any4,,,,,,active
uk-sc1-fw01-sec,noncde-cf-app_access_in,extended,4,CHG0079735,,,,,,,,,,,,,,,,,,
uk-sc1-fw01-sec,noncde-cf-app_access_in,extended,5,,permit,,,tcp,,,,10.120.102.0 255.255.255.0,,sc1uxpremn13,,,5001,,,,,active
uk-sc1-fw01-sec,noncde-cf-app_access_in,extended,6,CHG0078639,,,,,,,,,,,,,,,,,,
uk-sc1-fw01-sec,noncde-cf-app_access_in,extended,7,,permit,,,ip,,,,10.120.102.0 255.255.255.0,,net-10.121.7.0,,,,,,,,active
uk-sc1-fw01-sec,noncde-cf-app_access_in,extended,8,CHG0074145, PCI Q4 2018,PCI-Q2-2019,,,,,,,,,,,,,,,,,,
uk-sc1-fw01-sec,noncde-cf-app_access_in,extended,9,,permit,,grp-svc-git,,,central-feeds-puppet-mst,,,,git.nonprod.williamhill.plc,,,,,,informational,300,active
uk-sc1-fw01-sec,noncde-cf-app_access_in,extended,10,CHG0054675 CHG0058444, CHG0108322,,,,,,,,,,,,,,,,,,
uk-sc1-fw01-sec,noncde-cf-app_access_in,extended,11,,permit,,,tcp,,,Tennis_Creation,,,,CF_Proxy_Array,,,DM_INLINE_TCP_107,,informational,300,active
uk-sc1-fw01-sec,noncde-cf-app_access_in,extended,12,CHG0074346, Q2-2017, PCI-Q4-2017, PCI Q4 2018,PCI-Q2-2019,,,,,,,,,,,,,,,,,,
uk-sc1-fw01-sec,noncde-cf-app_access_in,extended,13,,permit,,,tcp,,,GTP-AUS-Adapter,,,gib-trd-gateway-bottom,,,,DM_INLINE_TCP_119,,informational,300,active
uk-sc1-fw01-sec,noncde-cf-app_access_in,extended,14,CHG0078832, CHG0108322,,,,,,,,,,,,,,,,,,
uk-sc1-fw01-sec,noncde-cf-app_access_in,extended,15,,permit,,,tcp,,,grp-scc-spin-serv,,,,DM_INLINE_NETWORK_195,,www,,,informational,300,active
uk-sc1-fw01-sec,noncde-cf-app_access_in,extended,16,chg0085531, CHG0108322,,,,,,,,,,,,,,,,,,
uk-sc1-fw01-sec,noncde-cf-app_access_in,extended,17,,permit,,,tcp,,,grp-scc-rabbitmq-serv,,,,DM_INLINE_NETWORK_196,,www,,,informational,300,active
uk-sc1-fw01-sec,noncde-cf-app_access_in,extended,18,CHG0084321, CHG0084168, Q2-2017, CHG0108322, PCI-Q4-2017,PCI Q4 2018,PCI-Q2-2019,,,,,,,,,,,,,,,,,,
uk-sc1-fw01-sec,noncde-cf-app_access_in,extended,19,,permit,,,tcp,,,DM_INLINE_NETWORK_262,,,,DM_INLINE_NETWORK_198,,www,,,informational,300,active
uk-sc1-fw01-sec,noncde-cf-app_access_in,extended,20,CHG0079096, CHG0108322,,,,,,,,,,,,,,,,,,
uk-sc1-fw01-sec,noncde-cf-app_access_in,extended,21,,permit,,,tcp,,,LiabilitesBrokers-b,,,,DM_INLINE_NETWORK_190,,www,,,informational,300,active
uk-sc1-fw01-sec,noncde-cf-app_access_in,extended,22,CHG0080779, CHG0108322,PCI-Q2-2019,,,,,,,,,,,,,,,,,,
uk-sc1-fw01-sec,noncde-cf-app_access_in,extended,23,,permit,,,tcp,,,grp-scc-gtp-fred,,,,DM_INLINE_NETWORK_193,,www,,,informational,300,active
uk-sc1-fw01-sec,noncde-cf-app_access_in,extended,24,CHG0080779, CHG0081421, Q2-2017, PCI-Q4-2017,PCI Q2 2018,PCI Q4 2018,PCI-Q2-2019,,,,,,,,,,,,,,,,,,
uk-sc1-fw01-sec,noncde-cf-app_access_in,extended,25,,permit,,,tcp,,,grp-scc-gtp-fred,,,,grp-gib-scoreboards,,,DM_INLINE_TCP_125,,informational,300,active
uk-sc1-fw01-sec,noncde-cf-app_access_in,extended,26,CHG0080779, PCI Q4 2018,PCI-Q2-2019,,,,,,,,,,,,,,,,,,
uk-sc1-fw01-sec,noncde-cf-app_access_in,extended,27,,permit,,,tcp,,,grp-scc-gtp-fred,,,gib-backoffice-proxy,,,www,,,informational,300,active
uk-sc1-fw01-sec,noncde-cf-app_access_in,extended,28,CHG0089985,PCI-Q2-2019,,,,,,,,,,,,,,,,,,
uk-sc1-fw01-sec,noncde-cf-app_access_in,extended,29,,permit,,,tcp,10.120.102.100,,,,,,grp-scoreboard-servers,,61301,,,informational,300,active
uk-sc1-fw01-sec,noncde-cf-app_access_in,extended,30,INC0874041, PCI Q4 2018,PCI-Q2-2019,,,,,,,,,,,,,,,,,,
uk-sc1-fw01-sec,noncde-cf-app_access_in,extended,31,,permit,,,tcp,,,grp-scc-gtp-fred,,,,DM_INLINE_NETWORK_208,,https,,,informational,300,active
uk-sc1-fw01-sec,noncde-cf-app_access_in,extended,32,CHG0086441, PCI Q4 2018,PCI-Q2-2019,,,,,,,,,,,,,,,,,,
uk-sc1-fw01-sec,noncde-cf-app_access_in,extended,33,,permit,,,tcp,,,grp-gtp-adapter-servers,,,nevada-web-endpoint,,,,DM_INLINE_TCP_135,,informational,300,active
uk-sc1-fw01-sec,noncde-cf-app_access_in,extended,34,CHG0087900,,,,,,,,,,,,,,,,,,
uk-sc1-fw01-sec,noncde-cf-app_access_in,extended,35,,permit,,,tcp,,,grp-gtp-outbound-adapters,,,sc1uxprnap70,,,ssh,,,informational,300,active
uk-sc1-fw01-sec,noncde-cf-app_access_in,extended,36,CHG0104282,,,,,,,,,,,,,,,,,,
uk-sc1-fw01-sec,noncde-cf-app_access_in,extended,37,,permit,,,tcp,,,CF-Prod-Servers,,,CBS-GTP-endpoint,,,www,,,informational,300,active
uk-sc1-fw01-sec,noncde-cf-app_access_in,extended,38,CHG0101250,,,,,,,,,,,,,,,,,,
uk-sc1-fw01-sec,noncde-cf-app_access_in,extended,39,,permit,,,tcp,,sc1uxprnmq35b,,,,,int-lb-gib-prd,,www,,,,,active
uk-sc1-fw01-sec,noncde-cf-app_access_in,extended,40,CHG0101250, PCI-Q4-2017,PCI-Q2-2019,,,,,,,,,,,,,,,,,,
uk-sc1-fw01-sec,noncde-cf-app_access_in,extended,41,,permit,,,tcp,,sc1uxprnap100,,,,,DM_INLINE_NETWORK_113,,www,,,,,active
uk-sc1-fw01-sec,noncde-cf-app_access_in,extended,42,CHG0107689, CHG0108322,,,,,,,,,,,,,,,,,,
uk-sc1-fw01-sec,noncde-cf-app_access_in,extended,43,,permit,,,tcp,,,grp-gtp-endpoint-filter-svrs,,,,DM_INLINE_NETWORK_197,,www,,,informational,300,active
uk-sc1-fw01-sec,noncde-cf-app_access_in,extended,44,CHG0125294,PCI-Q2-2019,,,,,,,,,,,,,,,,,,
uk-sc1-fw01-sec,noncde-cf-app_access_in,extended,45,,permit,,SCC-NAS-GRP,,,,grp-gtp-riak-nodes,,,scc-ncde-nfs,,,,,,informational,300,active
uk-sc1-fw01-sec,noncde-cf-app_access_in,extended,46,CHG0134024,,,,,,,,,,,,,,,,,,
uk-sc1-fw01-sec,noncde-cf-app_access_in,extended,47,,permit,,,tcp,,,,10.120.102.0 255.255.255.0,10.120.74.46,,,,www,,,informational,300,active
uk-sc1-fw01-sec,LCcap,extended,1,,permit,,,ip,10.120.64.143,,,,10.120.64.171,,,,,,,,,active
uk-sc1-fw01-sec,LCcap,extended,2,,permit,,,ip,10.120.64.141,,,,10.120.64.171,,,,,,,,,active
uk-sc1-fw01-sec,LCcap,extended,3,,permit,,,ip,10.120.64.142,,,,10.120.64.171,,,,,,,,,active
uk-sc1-fw01-sec,LCcap,extended,4,,permit,,,ip,10.120.64.140,,,,10.120.64.171,,,,,,,,,active
uk-sc1-fw01-sec,LCcap,extended,5,,permit,,,ip,10.120.64.171,,,,10.120.64.141,,,,,,,,,active
uk-sc1-fw01-sec,LCcap,extended,6,,permit,,,ip,10.120.64.171,,,,10.120.64.142,,,,,,,,,active
uk-sc1-fw01-sec,LCcap,extended,7,,permit,,,ip,10.120.64.171,,,,10.120.64.140,,,,,,,,,active
uk-sc1-fw01-sec,LCcap,extended,8,,permit,,,icmp,10.120.64.143,,,,,,,any4,,,,,,active
uk-sc1-fw01-sec,LCcap,extended,9,,permit,,,icmp,10.120.64.141,,,,,,,any4,,,,,,active
uk-sc1-fw01-sec,LCcap,extended,10,,permit,,,icmp,10.120.64.142,,,,,,,any4,,,,,,active
uk-sc1-fw01-sec,LCcap,extended,11,,permit,,,icmp,10.120.64.140,,,,,,,any4,,,,,,active
uk-sc1-fw01-sec,LCcap,extended,12,,permit,,,icmp,10.120.64.171,,,,,,,any4,,,,,,active
uk-sc1-fw01-sec,noncde-webcache_access_in,extended,1,CHG0115229,,,,,,,,,,,,,,,,,,
uk-sc1-fw01-sec,noncde-webcache_access_in,extended,2,,deny,,,ip,,,Corp-WiFi-Subnets,,,,,any,,,,informational,300,inactive
uk-sc1-fw01-sec,bacs_access_in,extended,1,CHG0115229,,,,,,,,,,,,,,,,,,
uk-sc1-fw01-sec,bacs_access_in,extended,2,,deny,,,ip,,,Corp-WiFi-Subnets,,,,,any,,,,informational,300,inactive
uk-sc1-fw01-sec,bacs_access_inextended,extended,1,,permit,,,tcp,,sc1apprnsc001.prod.williamhill.plc,,,,sc1wncpgap12,,,,,2048 5000,informational,300,active
uk-sc1-fw01-sec,citrix_netscaler_in,extended,1,CHG0115229,,,,,,,,,,,,,,,,,,
uk-sc1-fw01-sec,citrix_netscaler_in,extended,2,,deny,,,ip,,,Corp-WiFi-Subnets,,,,,any,,,,informational,300,inactive
uk-sc1-fw01-sec,citrix_netscaler_in,extended,3,,permit,,,tcp,,scc_netscaler_SNIP,,,,,scc_citrix_zone_date_colloctors,,https,,,,,active
uk-sc1-fw01-sec,citrix_netscaler_in,extended,4,CHG0069484,,,,,,,,,,,,,,,,,,
uk-sc1-fw01-sec,citrix_netscaler_in,extended,5,,permit,,,tcp,,scc_netscaler_SNIP,,,,,xenapp_server_range,,,xenapp_tcp_ports,,,,active
uk-sc1-fw01-sec,citrix_netscaler_in,extended,6,CHG0069484,,,,,,,,,,,,,,,,,,
uk-sc1-fw01-sec,citrix_netscaler_in,extended,7,,permit,,,tcp,,scc_netscaler_SNIP,,,,,brs-ad-servers,,ldap,,,,,active
uk-sc1-fw01-sec,citrix_netscaler_in,extended,8,CHG0069484,,,,,,,,,,,,,,,,,,
uk-sc1-fw01-sec,citrix_netscaler_in,extended,9,,permit,,,tcp,,scc_netscaler_SNIP,,,,,scc-ad-servers,,ldap,,,,,active
uk-sc1-fw01-sec,citrix_netscaler_in,extended,10,CHG0069484,,,,,,,,,,,,,,,,,,
uk-sc1-fw01-sec,citrix_netscaler_in,extended,11,,permit,,,tcp,,scc_netscaler_SNIP,,,,,scc_citrix_web_interfaces,,https,,,,,active
uk-sc1-fw01-sec,citrix_netscaler_in,extended,12,CHG0069484,,,,,,,,,,,,,,,,,,
uk-sc1-fw01-sec,citrix_netscaler_in,extended,13,,permit,,,tcp,,,netscaler_NSIP,,,,scrl.williamhill.plc.uk,,,bscrl.williamhill.plc_ports,,,,active
uk-sc1-fw01-sec,citrix_netscaler_in,extended,14,CHG0097741,PCI-Q2-2019,,,,,,,,,,,,,,,,,,
uk-sc1-fw01-sec,citrix_netscaler_in,extended,15,,permit,,,tcp,,scc_netscaler_SNIP,,,,,grp-scc-citrix-xenapp-svrs,,,DM_INLINE_TCP_9,,informational,300,active
uk-sc1-fw01-sec,citrix_netscaler_in,extended,16,,permit,,,icmp,,,,any,,,,any,,,,,,active
uk-sc1-fw01-sec,citrix_netscaler_in,extended,17,CHG0099151, PCI Q4 2018,PCI-Q2-2019,,,,,,,,,,,,,,,,,,
uk-sc1-fw01-sec,citrix_netscaler_in,extended,18,,permit,,netscaler_ports,,,,netscaler_NSIP,,,est-wmh-osl-001,,,,,,informational,300,active
uk-sc1-fw01-sec,citrix_netscaler_in,extended,19,CHG0109787,,,,,,,,,,,,,,,,,,
uk-sc1-fw01-sec,citrix_netscaler_in,extended,20,,permit,,,tcp,,scc_netscaler_SNIP,,,,Net_10.120.39.0m24,,,,xenapp_tcp_ports,,informational,300,active
uk-sc1-fw01-sec,citrix_netscaler_in,extended,21,CHG0124975,,,,,,,,,,,,,,,,,,
uk-sc1-fw01-sec,citrix_netscaler_in,extended,22,,permit,,,tcp,10.120.69.200,,,,,,DM_INLINE_NETWORK_342,,,DM_INLINE_TCP_153,,informational,300,active
uk-sc1-fw01-sec,citrix_netscaler_in,extended,23,CHG0124975,,,,,,,,,,,,,,,,,,
uk-sc1-fw01-sec,citrix_netscaler_in,extended,24,,permit,,TCPUDP,,10.120.69.200,,,,,,,10.120.39.0 255.255.255.0,,DM_INLINE_TCPUDP_4,,informational,300,active
uk-sc1-fw01-sec,citrix_netscaler_in,extended,25,CHG0125710,,,,,,,,,,,,,,,,,,
uk-sc1-fw01-sec,citrix_netscaler_in,extended,26,,permit,,,tcp,10.120.69.200,,,,,,DM_INLINE_NETWORK_335,,www,,,informational,300,active
uk-sc1-fw01-sec,citrix_netscaler_in,extended,27,CHG0123854,CHG0128949 PCI Q4 2018,PCI-Q2-2019,,,,,,,,,,,,,,,,,,
uk-sc1-fw01-sec,citrix_netscaler_in,extended,28,,permit,,,tcp,,,DM_INLINE_NETWORK_356,,,,DM_INLINE_NETWORK_370,,https,,,,,active
uk-sc1-fw01-sec,citrix_netscaler_in,extended,29,CHG0126550,,,,,,,,,,,,,,,,,,
uk-sc1-fw01-sec,citrix_netscaler_in,extended,30,,permit,,,tcp,10.120.69.200,,,,,,DM_INLINE_NETWORK_361,,,TCP-81,,informational,300,active
uk-sc1-fw01-sec,citrix_netscaler_in,extended,31,CHG0137682,,,,,,,,,,,,,,,,,,
uk-sc1-fw01-sec,citrix_netscaler_in,extended,32,,permit,,,udp,10.120.69.200,,,,,sc1uxpremn003.prod.williamhill.plc,,,syslog,,,informational,300,active
uk-sc1-fw01-sec,citrix_netscaler_in,extended,33,CHG0137794,,,,,,,,,,,,,,,,,,
uk-sc1-fw01-sec,citrix_netscaler_in,extended,34,,permit,,,udp,,,DM_INLINE_NETWORK_408,,,sc1uxpremn003.prod.williamhill.plc,,,syslog,,,informational,300,active
uk-sc1-fw01-sec,CAPTURE1,extended,1,,permit,,,tcp,,,,192.168.3.0 255.255.255.0,10.120.72.20,,,,www,,,,,active
uk-sc1-fw01-sec,CAPTURE1,extended,2,,permit,,,tcp,,,,192.168.3.0 255.255.255.0,10.120.72.20,,,,https,,,,,active
uk-sc1-fw01-sec,CAPTURE1,extended,3,,permit,,,tcp,10.120.72.20,,,,,,,,www,,,,,active
uk-sc1-fw01-sec,CAPTURE1,extended,4,,permit,,,tcp,10.120.72.20,,,,,,,,https,,,,,active
uk-sc1-fw01-sec,int-lb_access_in,extended,1,CHG0115229,,,,,,,,,,,,,,,,,,
uk-sc1-fw01-sec,int-lb_access_in,extended,2,,deny,,,ip,,,Corp-WiFi-Subnets,,,,,any,,,,informational,300,inactive
uk-sc1-fw01-sec,int-lb_access_in,extended,3,,permit,,,tcp,,,grp-scc-int-lb-n-stingray,,,,grp-brocade-svc-control,,,,8100 8101,informational,300,active
uk-sc1-fw01-sec,int-lb_access_in,extended,4,CHG0091900 CHG0092205 CHG0096957 CHG0096966,,,,,,,,,,,,,,,,,,
uk-sc1-fw01-sec,int-lb_access_in,extended,5,CHG0134368,,,,,,,,,,,,,,,,,,
uk-sc1-fw01-sec,int-lb_access_in,extended,6,,permit,,,ip,,,grp-scc-int-lb-n-stingray,,,,DM_INLINE_NETWORK_12,,,,,informational,300,active
uk-sc1-fw01-sec,int-lb_access_in,extended,7,,permit,,,ip,,,grp-scc-int-lb-n-stingray,,,,DM_INLINE_NETWORK_36,,,,,informational,300,active
uk-sc1-fw01-sec,int-lb_access_in,extended,8,CHG0098341,,,,,,,,,,,,,,,,,,
uk-sc1-fw01-sec,int-lb_access_in,extended,9,,permit,,,tcp,,,grp-scc-int-lb-n-stingray,,,,MDS_APP_Servers,,https,,,informational,300,active
uk-sc1-fw01-sec,int-lb_access_in,extended,10,CHG0100084, PCI Q4 2018,PCI-Q2-2019,,,,,,,,,,,,,,,,,,
uk-sc1-fw01-sec,int-lb_access_in,extended,11,,permit,,,tcp,,,grp-scc-int-lb-n-stingray,,,ssas.group.williamhill.plc,,,,TCP_2382_2383,,informational,300,active
uk-sc1-fw01-sec,int-lb_access_in,extended,12,CHG0100083,PCI-Q2-2019,,,,,,,,,,,,,,,,,,
uk-sc1-fw01-sec,int-lb_access_in,extended,13,,permit,,,tcp,,,grp-scc-int-lb-n-stingray,,,sc1wnprnap007,,,https,,,informational,300,active
uk-sc1-fw01-sec,int-lb_access_in,extended,14,CHG0100334,,,,,,,,,,,,,,,,,,
uk-sc1-fw01-sec,int-lb_access_in,extended,15,,permit,,,tcp,,,grp-scc-int-lb-n-stingray,,,whdpservicestb.group.williamhill.plc,,,2383,,,informational,300,active
uk-sc1-fw01-sec,int-lb_access_in,extended,16,INC0628826, PCI-Q4-2017, PCI Q4 2018,PCI-Q2-2019,,,,,,,,,,,,,,,,,,
uk-sc1-fw01-sec,int-lb_access_in,extended,17,CHG0104552,,,,,,,,,,,,,,,,,,
uk-sc1-fw01-sec,int-lb_access_in,extended,18,,permit,,,tcp,,,grp-scc-int-lb-n-stingray,,,,grp-asdi-svrs,,7011,,,informational,300,active
uk-sc1-fw01-sec,int-lb_access_in,extended,19,INC0628826, PCI-Q4-2017, PCI Q4 2018,PCI-Q2-2019,,,,,,,,,,,,,,,,,,
uk-sc1-fw01-sec,int-lb_access_in,extended,20,,permit,,DM_INLINE_SERVICE_29,,,,grp-scc-int-lb-n-stingray,,,sc1uxpremn74,,,,,,informational,300,active
uk-sc1-fw01-sec,int-lb_access_in,extended,21,CHG0114404,,,,,,,,,,,,,,,,,,
uk-sc1-fw01-sec,int-lb_access_in,extended,22,CHG0130251,,,,,,,,,,,,,,,,,,
uk-sc1-fw01-sec,int-lb_access_in,extended,23,,permit,,,udp,,,grp-scc-int-lb-n-stingray,,,sc1uxpremn77,,,syslog,,,informational,300,active
uk-sc1-fw01-sec,int-lb_access_in,extended,24,CHG0116274, PCI-Q4-2017, PCI Q4 2018,PCI-Q2-2019,,,,,,,,,,,,,,,,,,
uk-sc1-fw01-sec,int-lb_access_in,extended,25,,permit,8080,,,,,grp-scc-int-lb-n-stingray,,,sc1wnprnap010.group.williamhill.plc,,,,,,informational,300,active
uk-sc1-fw01-sec,int-lb_access_in,extended,26,CHG0116274,,,,,,,,,,,,,,,,,,
uk-sc1-fw01-sec,int-lb_access_in,extended,27,,permit,,,tcp,,scc-int-lb-n-stingray01,,,,whdppresent01,,,23000,,,informational,300,active
uk-sc1-fw01-sec,int-lb_access_in,extended,28,CHG0116274, PCI-Q4-2017, PCI Q4 2018,,,,,,,,,,,,,,,,,,
uk-sc1-fw01-sec,int-lb_access_in,extended,29,,permit,,,tcp,,scc-int-lb-n-stingray01,,,,whdppresent01,,,www,,,informational,300,active
uk-sc1-fw01-sec,int-lb_access_in,extended,30,CHG0116394,,,,,,,,,,,,,,,,,,
uk-sc1-fw01-sec,int-lb_access_in,extended,31,,permit,,,tcp,,scc-int-lb-n-stingray01,,,,ssrs.prod.williamhill.plc,,,www,,,informational,300,active
uk-sc1-fw01-sec,int-lb_access_in,extended,32,CHG0124804,,,,,,,,,,,,,,,,,,
uk-sc1-fw01-sec,int-lb_access_in,extended,33,,permit,,,udp,,,grp-scc-int-lb-n-stingray,,10.120.163.95,,,,syslog,,,informational,300,active
uk-sc1-fw01-sec,int-lb_access_in,extended,34,CHG0126092, CHG0139061,,,,,,,,,,,,,,,,,,
uk-sc1-fw01-sec,int-lb_access_in,extended,35,,permit,,,tcp,,,grp-scc-int-lb-n-stingray,,,,DM_INLINE_NETWORK_424,,8000,,,informational,300,active
uk-sc1-fw01-sec,int-lb_access_in,extended,36,CHG0128784,CHG0128741,,,,,,,,,,,,,,,,,,
uk-sc1-fw01-sec,int-lb_access_in,extended,37,,permit,,,tcp,,,grp-scc-int-lb-n-stingray,,,uno-sandbox,,,1433,,,informational,300,active
uk-sc1-fw01-sec,int-lb_access_in,extended,38,RAS-VPN,,,,,,,,,,,,,,,,,,
uk-sc1-fw01-sec,int-lb_access_in,extended,39,,permit,,,ip,,,,10.120.74.0 255.255.254.0,,,ras-vpn-pool,,,,,,,active
uk-sc1-fw01-sec,noncde-sccm-in,extended,1,CHG0115229,,,,,,,,,,,,,,,,,,
uk-sc1-fw01-sec,noncde-sccm-in,extended,2,,deny,,,ip,,,Corp-WiFi-Subnets,,,,,any,,,,informational,300,inactive
uk-sc1-fw01-sec,noncde-sccm-in,extended,3,CHG0093007,,,,,,,,,,,,,,,,,,
uk-sc1-fw01-sec,noncde-sccm-in,extended,4,,permit,,,tcp,,sc1wnprecp001.group.williamhill.plc,,,,SC1WNPREAP003,,,,tcp-sccm,,,,active
uk-sc1-fw01-sec,noncde-sccm-in,extended,5,CHG0093007,,,,,,,,,,,,,,,,,,
uk-sc1-fw01-sec,noncde-sccm-in,extended,6,,permit,,TCPUDP,,,sc1wnprecp001.group.williamhill.plc,,,,,group-ad-servers,,,AD_PORTS,,,,active
uk-sc1-fw01-sec,noncde-sccm-in,extended,7,CHG0101376,,,,,,,,,,,,,,,,,,
uk-sc1-fw01-sec,noncde-sccm-in,extended,8,,permit,,,tcp,10.120.69.227,,,,10.120.163.99,,,,8089,,,informational,300,active
uk-sc1-fw01-sec,noncde-sccm-in,extended,9,CHG0096659,CHG0096870,CHG0096967, CHG0096967, PCI-Q4-2017,PCI Q4 2018,PCI-Q2-2019,,,,,,,,,,,,,,,,,,
uk-sc1-fw01-sec,noncde-sccm-in,extended,10,,permit,,,tcp,,sc1wnprecp001.group.williamhill.plc,,,,SC1WNPRESC03,,,,SCCM_Cert_enrollment,,,,active
uk-sc1-fw01-sec,noncde-sccm-in,extended,11,CHG0096659,CHG0096870,CHG0096967, CHG0096967, PCI-Q4-2017,PCI Q4 2018,PCI-Q2-2019,,,,,,,,,,,,,,,,,,
uk-sc1-fw01-sec,noncde-sccm-in,extended,12,,permit,,,tcp,,sc1wnprecp001.group.williamhill.plc,,,,SC1WNPRESC03,,,,DM_INLINE_TCP_3,,,,active
uk-sc1-fw01-sec,noncde-sccm-in,extended,13,CHG0101376,,,,,,,,,,,,,,,,,,
uk-sc1-fw01-sec,noncde-sccm-in,extended,14,,permit,,,tcp,,sc1wnprecp001.group.williamhill.plc,,,,,DM_INLINE_NETWORK_80,,9997,,,informational,300,active
uk-sc1-fw01-sec,noncde-sccm-in,extended,15,CHG0105844, PCI-Q4-2017,PCI-Q2-2019,,,,,,,,,,,,,,,,,,
uk-sc1-fw01-sec,noncde-sccm-in,extended,16,,permit,,,tcp,,sc1wnprecp001.group.williamhill.plc,,,,SC1WNPREAP003,,,4022,,,informational,300,active
uk-sc1-fw01-sec,noncde-sccm-in,extended,17,CHG0133537,,,,,,,,,,,,,,,,,,
uk-sc1-fw01-sec,noncde-sccm-in,extended,18,,permit,,,tcp,,sc1wnprecp001.group.williamhill.plc,,,,,DM_INLINE_NETWORK_8,,135,,,informational,300,active
uk-sc1-fw01-sec,non-cde-web_access_in,extended,1,CHG0115229,,,,,,,,,,,,,,,,,,
uk-sc1-fw01-sec,non-cde-web_access_in,extended,2,,deny,,,ip,,,Corp-WiFi-Subnets,,,,,any,,,,informational,300,inactive
uk-sc1-fw01-sec,non-cde-web_access_in,extended,3,CHG0100450-CHG33775, PCI-Q4-2017, PCI Q4 2018,PCI-Q2-2019,,,,,,,,,,,,,,,,,,
uk-sc1-fw01-sec,non-cde-web_access_in,extended,4,,permit,,,udp,,sccnsc01,,,,,infoblox-grid-masters,,,infoblox-vpn,,informational,300,active
uk-sc1-fw01-sec,non-cde-web_access_in,extended,5,CHG0100450-CHG35912, PCI-Q4-2017, PCI Q4 2018,PCI-Q2-2019,,,,,,,,,,,,,,,,,,
uk-sc1-fw01-sec,non-cde-web_access_in,extended,6,,permit,,,tcp,,sccnsc01,,,,BRSWNPREDC03,,,,ldap-ports,,informational,300,active
uk-sc1-fw01-sec,non-cde-web_access_in,extended,7,CHG0100450-CHG34874, PCI-Q4-2017, PCI Q4 2018,PCI-Q2-2019,,,,,,,,,,,,,,,,,,
uk-sc1-fw01-sec,non-cde-web_access_in,extended,8,,permit,,,udp,,sccnsc01,,,,,nms-nimsoft-svrs,,snmptrap,,,informational,300,active
uk-sc1-fw01-sec,non-cde-web_access_in,extended,9,CHG0100450-CHG41280,,,,,,,,,,,,,,,,,,
uk-sc1-fw01-sec,non-cde-web_access_in,extended,10,,permit,,,tcp,,sccnsc01,,,,gibnsr01,,,9997,,,informational,300,active
uk-sc1-fw01-sec,non-cde-web_access_in,extended,11,CHG0100450-CHG97624,,,,,,,,,,,,,,,,,,
uk-sc1-fw01-sec,non-cde-web_access_in,extended,12,,permit,,,tcp,,sc1uxprnwb040,,,,ext-api-forwardproxy.sc1.prod.williamhill.plc,,,2222,,,informational,300,active
uk-sc1-fw01-sec,non-cde-web_access_in,extended,13,CHG0100450-CHG61697,CHG87444,CHG87547,CHG87546,CHG87544,CHG77212, PCI-Q4-2017,,,,,,,,,,,,,,,,,,
uk-sc1-fw01-sec,non-cde-web_access_in,extended,14,PCI Q4 2018,PCI-Q2-2019,,,,,,,,,,,,,,,,,,
uk-sc1-fw01-sec,non-cde-web_access_in,extended,15,,permit,,,tcp,,,grp-diffusion-master-srvs,,,,grp-zookeeper-cluster,,2181,,,,,active
uk-sc1-fw01-sec,non-cde-web_access_in,extended,16,CHG0100450-CHG0019941,CHG0020750,CHG0021390,,,,,,,,,,,,,,,,,,
uk-sc1-fw01-sec,non-cde-web_access_in,extended,17,,permit,,,tcp,,SCC_INTERNAL_02,,,,brs-server-10.1.29.235,,,,web-ports,,informational,300,active
uk-sc1-fw01-sec,non-cde-web_access_in,extended,18,CHG0100450-CHG0030350,CHG0032230, PCI-Q4-2017,PCI Q4 2018,PCI-Q2-2019,,,,,,,,,,,,,,,,,,
uk-sc1-fw01-sec,non-cde-web_access_in,extended,19,,permit,,,tcp,,sc1uxprnwb51,,,,,grp-sftp-extract-srvs,,ssh,,,informational,300,active
uk-sc1-fw01-sec,non-cde-web_access_in,extended,20,CHG0100450-CHG0092424, PCI-Q4-2017, PCI Q4 2018,PCI-Q2-2019,,,,,,,,,,,,,,,,,,
uk-sc1-fw01-sec,non-cde-web_access_in,extended,21,,permit,,,tcp,,,grp-legacy-sb-srvs,,,,grp-pr-intapisb-sports-top,,,sb-api_pds-ports,,informational,300,active
uk-sc1-fw01-sec,non-cde-web_access_in,extended,22,CHG0100450-CHG96427,CHG96457, PCI-Q4-2017,PCI Q4 2018,PCI-Q2-2019,,,,,,,,,,,,,,,,,,
uk-sc1-fw01-sec,non-cde-web_access_in,extended,23,,permit,,,tcp,,,grp-sports-banner-servers,,,,grp-pr-intapisb-sports-top,,9191,,,informational,300,active
uk-sc1-fw01-sec,non-cde-web_access_in,extended,24,CHG0100450-CHG0068584,CHG0065169,CHG0072561,CHG0084202, PCI-Q4-2017,PCI Q2 2018,,,,,,,,,,,,,,,,,,
uk-sc1-fw01-sec,non-cde-web_access_in,extended,25,PCI Q4 2018,PCI-Q2-2019,,,,,,,,,,,,,,,,,,
uk-sc1-fw01-sec,non-cde-web_access_in,extended,26,,permit,,,tcp,,,pds-catalogue_mgmt-clients,,,pds-vip-10.120.98.60,,,9191,,,informational,300,active
uk-sc1-fw01-sec,non-cde-web_access_in,extended,27,CHG0100450-CHG0073627,CHG0075792,CHG0078494,CHG0078188, PCI-Q4-2017,PCI Q4 2018,,,,,,,,,,,,,,,,,,
uk-sc1-fw01-sec,non-cde-web_access_in,extended,28,PCI-Q2-2019,,,,,,,,,,,,,,,,,,
uk-sc1-fw01-sec,non-cde-web_access_in,extended,29,,permit,,,tcp,,,grp-sportsbook-api-srvs,,,sc1-int-api-coupon.prod.williamhill.plc,,,,web-ports,,informational,300,active
uk-sc1-fw01-sec,non-cde-web_access_in,extended,30,CHG0100450-CHG0082841, PCI-Q4-2017,PCI Q4 2018,PCI-Q2-2019,,,,,,,,,,,,,,,,,,
uk-sc1-fw01-sec,non-cde-web_access_in,extended,31,,permit,,,tcp,,,grp-sportsbook-api-srvs,,,whc-api-sb-tig,,,8080,,,informational,300,active
uk-sc1-fw01-sec,non-cde-web_access_in,extended,32,CHG0100450-CHG0076432,CHG0091988,CHG0092015, PCI-Q4-2017,PCI Q4 2018,PCI-Q2-2019,,,,,,,,,,,,,,,,,,
uk-sc1-fw01-sec,non-cde-web_access_in,extended,33,,permit,,,tcp,,,grp-legacy-sb-srvs,,,,grp-whc-srvs,,www,,,informational,300,active
uk-sc1-fw01-sec,non-cde-web_access_in,extended,34,CHG0100450-CHG0024012,CHG0025648,CHG0043083, PCI-Q4-2017,PCI Q4 2018,PCI-Q2-2019,,,,,,,,,,,,,,,,,,
uk-sc1-fw01-sec,non-cde-web_access_in,extended,35,,permit,,,tcp,,,push-servers,,,NON-CDE-OPENBET-APPLICATION-SERVERS-VIP,,,10305,,,,,active
uk-sc1-fw01-sec,non-cde-web_access_in,extended,36,CHG0100450-CHG34290,CHG34291,CHG56191,CHG57492,CHG61307, PCI-Q4-2017,PCI Q4 2018,,,,,,,,,,,,,,,,,,
uk-sc1-fw01-sec,non-cde-web_access_in,extended,37,PCI-Q2-2019,,,,,,,,,,,,,,,,,,
uk-sc1-fw01-sec,non-cde-web_access_in,extended,38,,permit,,,tcp,,,pds-catalogue_mgmt-clients2,,,pds-vip-10.120.98.60,,,,pds-catalogue-ports,,informational,300,active
uk-sc1-fw01-sec,non-cde-web_access_in,extended,39,CHG0100450-CHG95766, PCI-Q4-2017, PCI Q4 2018,PCI-Q2-2019,,,,,,,,,,,,,,,,,,
uk-sc1-fw01-sec,non-cde-web_access_in,extended,40,,permit,,,tcp,,,grp-wdc-prior-nodejs-srv,,,int-api-sports-sb-apif,,,7271,,,informational,300,active
uk-sc1-fw01-sec,non-cde-web_access_in,extended,41,CHG0100450-CHG61024,CHG65045, PCI Q4 2018,PCI-Q2-2019,,,,,,,,,,,,,,,,,,
uk-sc1-fw01-sec,non-cde-web_access_in,extended,42,,permit,,,tcp,,,scc-grp-pr-proxy,,,,fis-web-servers,,,,33451 33452,informational,300,active
uk-sc1-fw01-sec,non-cde-web_access_in,extended,43,CHG0100450-CHG33547,,,,,,,,,,,,,,,,,,
uk-sc1-fw01-sec,non-cde-web_access_in,extended,44,,permit,,infoblox-ports,,,Net_10.120.67.0slash24,,,,bg-sof-infoblox,,,,,,informational,300,active
uk-sc1-fw01-sec,non-cde-web_access_in,extended,45,*** internal_rules_above_this_line ***,,,,,,,,,,,,,,,,,,
uk-sc1-fw01-sec,non-cde-web_access_in,extended,46,*** external_rules_below_this_line ***,,,,,,,,,,,,,,,,,,
uk-sc1-fw01-sec,non-cde-web_access_in,extended,47,CHG0100450-CHG34207,,,,,,,,,,,,,,,,,,
uk-sc1-fw01-sec,non-cde-web_access_in,extended,48,,permit,,dns,,,,outbound-ext-dns-access,,,,Internet-All-Subnets,,,,,informational,300,active
uk-sc1-fw01-sec,non-cde-web_access_in,extended,49,CHG0100450-filted on uk-sc1-fw01-02,,,,,,,,,,,,,,,,,,
uk-sc1-fw01-sec,non-cde-web_access_in,extended,50,,permit,,,tcp,,,outbound-ext-web-access,,,,Internet-All-Subnets,,,web-ports,,informational,300,active
uk-sc1-fw01-sec,non-cde-web_access_in,extended,51,CHG0100450-CHG0061873, PCI-Q4-2017, PCI Q4 2018,PCI-Q2-2019,,,,,,,,,,,,,,,,,,
uk-sc1-fw01-sec,non-cde-web_access_in,extended,52,,permit,,,tcp,,,outbound-any-web-access,,,,,any,,web-ports,,informational,300,active
uk-sc1-fw01-sec,non-cde-web_access_in,extended,53,CHG0100450-CHG30350,CHG37668,CHG52108,CHG61551,CHG68039,CHG94732,CHG87837,CHG43088,CHG55401,CHG60964,,,,,,,,,,,,,,,,,,
uk-sc1-fw01-sec,non-cde-web_access_in,extended,54,CHG71948,CHG78606,CHG61814,CHG84300,,,,,,,,,,,,,,,,,,
uk-sc1-fw01-sec,non-cde-web_access_in,extended,55,,permit,,,tcp,,sc1uxprnwb51,,,,,Internet-All-Subnets,,,ftp-ports,,informational,300,active
uk-sc1-fw01-sec,non-cde-web_access_in,extended,56,CHG0100450-CHG0031104, CHG0033046,CHG0035504,CHG0090904,CHG0031104,CHG0068974,INC0514465,CHG0041594,,,,,,,,,,,,,,,,,,,
uk-sc1-fw01-sec,non-cde-web_access_in,extended,57,PCI-Q4-2017 PCI Q4 2018,PCI-Q2-2019,,,,,,,,,,,,,,,,,,
uk-sc1-fw01-sec,non-cde-web_access_in,extended,58,,permit,,,tcp,,sc1uxprnwb61,,,,,Internet-All-Subnets,,,ods-talend-ports,,informational,300,active
uk-sc1-fw01-sec,non-cde-web_access_in,extended,59,CHG0100450-CHG22960,CHG23626, PCI Q4 2018,PCI-Q2-2019,,,,,,,,,,,,,,,,,,
uk-sc1-fw01-sec,non-cde-web_access_in,extended,60,,permit,,,tcp,,,scc-grp-pr-proxy,,,,Internet-All-Subnets,,ssh,,,informational,300,active
uk-sc1-fw01-sec,non-cde-web_access_in,extended,61,CHG0100450-CHG34880, PCI-Q4-2017, PCI Q4 2018,PCI-Q2-2019,,,,,,,,,,,,,,,,,,
uk-sc1-fw01-sec,non-cde-web_access_in,extended,62,,permit,,,tcp,,,scc-grp-pr-proxy,,,,Internet-All-Subnets,,,racingchannel-ports,,informational,300,active
uk-sc1-fw01-sec,non-cde-web_access_in,extended,63,CHG0100450-CHG34936,CHG62151,CHG71069,CHG71127,CHG75827,PCI Q4 2018,PCI-Q2-2019,,,,,,,,,,,,,,,,,,
uk-sc1-fw01-sec,non-cde-web_access_in,extended,64,,permit,,,tcp,,,uk-netrefer-integration-web-servers,,,,Internet-All-Subnets,,,netrefer-web-ports,,informational,300,active
uk-sc1-fw01-sec,non-cde-web_access_in,extended,65,CHG0100450-CHG79022, PCI-Q4-2017, PCI Q4 2018,PCI-Q2-2019,,,,,,,,,,,,,,,,,,
uk-sc1-fw01-sec,non-cde-web_access_in,extended,66,,permit,,,tcp,,,betradar-socket-clients,,,,Internet-All-Subnets,,2017,,,informational,300,active
uk-sc1-fw01-sec,non-cde-web_access_in,extended,67,CHG0100450-filted on uk-sc1-fw01-02,,,,,,,,,,,,,,,,,,
uk-sc1-fw01-sec,non-cde-web_access_in,extended,68,,permit,,,tcp,,,outbound-3rdParty-access,,,,Internet-All-Subnets,,,3rdParties,,informational,300,active
uk-sc1-fw01-sec,non-cde-web_access_in,extended,69,CHG0100450-INC16595,CHG91239, PCI-Q4-2017, PCI Q4 2018,PCI-Q2-2019,,,,,,,,,,,,,,,,,,
uk-sc1-fw01-sec,non-cde-web_access_in,extended,70,,permit,,,udp,,,outbound-3rdParty-access,,,,Internet-All-Subnets,,ntp,,,informational,300,active
uk-sc1-fw01-sec,non-cde-web_access_in,extended,71,CHG0116580, PCI-Q4-2017, CHG0121388, CHG0122284, CHG0123200, CHG0123422,CHG0127348,CHG0128366,,,,,,,,,,,,,,,,,,
uk-sc1-fw01-sec,non-cde-web_access_in,extended,72,,permit,,,tcp,,sc1uxprnft001,,,,,DM_INLINE_NETWORK_329,,ssh,,,informational,300,active
uk-sc1-fw01-sec,non-cde-web_access_in,extended,73,CHG0123804, PCI Q4 2018,PCI-Q2-2019,,,,,,,,,,,,,,,,,,
uk-sc1-fw01-sec,non-cde-web_access_in,extended,74,,permit,,,tcp,,sc1uxprnft001,,,,62.32.120.35,,,ssh,,,informational,300,active
uk-sc1-fw01-sec,non-cde-web_access_in,extended,75,CHG0122164,,,,,,,,,,,,,,,,,,
uk-sc1-fw01-sec,non-cde-web_access_in,extended,76,,permit,,,tcp,,sc1uxprnft001,,,,163.156.208.187,,,2222,,,informational,300,active
uk-sc1-fw01-sec,non-cde-web_access_in,extended,77,CHG0126750, PCI Q4 2018,PCI-Q2-2019,,,,,,,,,,,,,,,,,,
uk-sc1-fw01-sec,non-cde-web_access_in,extended,78,,permit,,,tcp,,sc1uxprnft001,,,,ftp.computershare.co.uk,,,ssh,,,informational,300,active
uk-sc1-fw01-sec,non-cde-web_access_in,extended,79,CHG0138170,,,,,,,,,,,,,,,,,,
uk-sc1-fw01-sec,non-cde-web_access_in,extended,80,,permit,,,tcp,,sc1uxprnft001,,,,,DM_INLINE_NETWORK_402,,ssh,,,informational,300,active
uk-sc1-fw01-sec,non-cde-web_access_in,extended,81,CHG0119978, PCI Q4 2018,PCI-Q2-2019,,,,,,,,,,,,,,,,,,
uk-sc1-fw01-sec,non-cde-web_access_in,extended,82,,permit,,dns,,,sccnsc01,,,,,DM_INLINE_NETWORK_207,,,,,informational,300,active
uk-sc1-fw01-sec,non-cde-web_access_in,extended,83,CHG0120935, CHG0124886, CHG0124901,,,,,,,,,,,,,,,,,,
uk-sc1-fw01-sec,non-cde-web_access_in,extended,84,,permit,,,tcp,,sc1uxprnft001,,,,,DM_INLINE_NETWORK_338,,,DM_INLINE_TCP_150,,informational,300,active
uk-sc1-fw01-sec,non-cde-web_access_in,extended,85,CHG0124566, PCI Q4 2018,PCI-Q2-2019,,,,,,,,,,,,,,,,,,
uk-sc1-fw01-sec,non-cde-web_access_in,extended,86,,permit,,TCPUDP,,,sccnsc01,,,,,DM_INLINE_NETWORK_336,,domain,,,informational,300,active
uk-sc1-fw01-sec,non-cde-web_access_in,extended,87,CHG0125818,PCI-Q2-2019,,,,,,,,,,,,,,,,,,
uk-sc1-fw01-sec,non-cde-web_access_in,extended,88,,permit,,,tcp,,sc1uxprnft001,,,,secureftp.northgateArinso.com,,,,NAG-Ports,,informational,300,active
uk-sc1-fw01-sec,non-cde-web_access_in,extended,89,CHG0127063,PCI-Q2-2019,,,,,,,,,,,,,,,,,,
uk-sc1-fw01-sec,non-cde-web_access_in,extended,90,,permit,56022,,,,sc1uxprnft001,,,,dts.ngahr.com,,,,,,informational,300,active
uk-sc1-fw01-sec,non-cde-web_access_in,extended,91,CHG0127119,,,,,,,,,,,,,,,,,,
uk-sc1-fw01-sec,non-cde-web_access_in,extended,92,,permit,,,tcp,,sc1uxprnft001,,,,BRSUX001,,,ssh,,,informational,300,active
uk-sc1-fw01-sec,non-cde-web_access_in,extended,93,CHG0127202,,,,,,,,,,,,,,,,,,
uk-sc1-fw01-sec,non-cde-web_access_in,extended,94,,permit,,,tcp,,sc1uxprnft001,,,,,DM_INLINE_NETWORK_364,,445,,,informational,300,active
uk-sc1-fw01-sec,non-cde-web_access_in,extended,95,CHG0134228, CHG0138522,,,,,,,,,,,,,,,,,,
uk-sc1-fw01-sec,non-cde-web_access_in,extended,96,,permit,,,tcp,,sc1uxprnwb040,,,,,DM_INLINE_NETWORK_413,,ssh,,,informational,300,active
uk-sc1-fw01-sec,non-cde-web_access_in,extended,97,CHG0138514,,,,,,,,,,,,,,,,,,
uk-sc1-fw01-sec,non-cde-web_access_in,extended,98,,permit,,,tcp,,brsuxprnft001,,,,,DM_INLINE_NETWORK_421,,ssh,,,informational,300,active
uk-sc1-fw01-sec,non-cde-web_access_in,extended,99,CHG0134229, CHG0134230,,,,,,,,,,,,,,,,,,
uk-sc1-fw01-sec,non-cde-web_access_in,extended,100,,permit,,DM_INLINE_SERVICE_24,,,sc1uxprnwb040,,,,,DM_INLINE_NETWORK_21,,,,,informational,300,active
uk-sc1-fw01-sec,non-cde-web_access_in,extended,101,CHG0137039,,,,,,,,,,,,,,,,,,
uk-sc1-fw01-sec,non-cde-web_access_in,extended,102,,permit,,DM_INLINE_SERVICE_41,,,sc1uxprnft001,,,,sftp.alexmann.com,,,,,,informational,300,active
uk-sc1-fw01-sec,non-cde-web_access_in,extended,103,CHG0139558,,,,,,,,,,,,,,,,,,
uk-sc1-fw01-sec,non-cde-web_access_in,extended,104,,permit,,,tcp,,sc1uxprnft001,,,,,Hr-SFTP-MGMT,,ssh,,,informational,300,active
uk-sc1-fw01-sec,cobain-iptv-access-in,extended,1,CHG0115229,,,,,,,,,,,,,,,,,,
uk-sc1-fw01-sec,cobain-iptv-access-in,extended,2,,deny,,,ip,,,Corp-WiFi-Subnets,,,,,any,,,,informational,300,inactive
uk-sc1-fw01-sec,cobain-iptv-access-in,extended,3,CHG0035253, CHG0122265,,,,,,,,,,,,,,,,,,
uk-sc1-fw01-sec,cobain-iptv-access-in,extended,4,,permit,,cobain-distribution,,,,cobain-local-media-servers,,,,cobain-distribution-servers,,,,,,,active
uk-sc1-fw01-sec,cobain-iptv-access-in,extended,5,,permit,,,icmp,,,,any4,,,,any4,,,,,,active
uk-sc1-fw01-sec,property-prod_access_in,extended,1,CHG0115229,,,,,,,,,,,,,,,,,,
uk-sc1-fw01-sec,property-prod_access_in,extended,2,,deny,,,ip,,,Corp-WiFi-Subnets,,,,,any,,,,informational,300,inactive
uk-sc1-fw01-sec,property-prod_access_in,extended,3,CHG0108186, PCI-Q4-2017, PCI Q4 2018,PCI-Q2-2019,,,,,,,,,,,,,,,,,,
uk-sc1-fw01-sec,property-prod_access_in,extended,4,,permit,,,tcp,,sc1wnpredb003,,,,,DM_INLINE_NETWORK_214,,,DM_INLINE_TCP_71,,informational,300,active
uk-sc1-fw01-sec,property-prod_access_in,extended,5,CHG0108186,,,,,,,,,,,,,,,,,,
uk-sc1-fw01-sec,property-prod_access_in,extended,6,,permit,,,tcp,,sc1wnpredb003,,,,brswndredb003,,,,DM_INLINE_TCP_75,,informational,300,active
uk-sc1-fw01-sec,property-prod_access_in,extended,7,CHG0109076,,,,,,,,,,,,,,,,,,
uk-sc1-fw01-sec,property-prod_access_in,extended,8,,permit,,,tcp,,,,10.120.65.64 255.255.255.224,,,DM_INLINE_NETWORK_219,,,DM_INLINE_TCP_82,,informational,300,active
uk-sc1-fw01-sec,property-prod_access_in,extended,9,CHG0109764, PCI-Q4-2017, PCI Q4 2018,PCI-Q2-2019,,,,,,,,,,,,,,,,,,
uk-sc1-fw01-sec,property-prod_access_in,extended,10,,permit,,,tcp,,sc1wnpredb003,,,,DEVJDE,,,,DM_INLINE_TCP_89,,informational,300,active
uk-sc1-fw01-sec,property-prod_access_in,extended,11,CHG0113035, CHG0113070,,,,,,,,,,,,,,,,,,
uk-sc1-fw01-sec,property-prod_access_in,extended,12,,permit,,,tcp,,sc1wnpredb003,,,,gshwncpecp01,,,,DM_INLINE_TCP_140,,informational,300,active
uk-sc1-fw01-sec,vmware_esc_access_in,extended,1,,permit,,,icmp,,,,any,,,,any,,,,,,active
uk-sc1-fw01-sec,vmware_esc_access_in,extended,2,CHG0112912,,,,,,,,,,,,,,,,,,
uk-sc1-fw01-sec,vmware_esc_access_in,extended,3,,permit,,,tcp,,sc1wnpreap005,,,,uk-scc-wsus,,,,web-ports,,informational,300,active
uk-sc1-fw01-sec,vmware_esc_access_in,extended,4,CHG0112912,,,,,,,,,,,,,,,,,,
uk-sc1-fw01-sec,vmware_esc_access_in,extended,5,,permit,,,tcp,,sc1wnpreap005,,,,,DM_INLINE_NETWORK_296,,,web-ports,,informational,300,active
uk-sc1-fw01-sec,vmware_esc_access_in,extended,6,CHG0112912,,,,,,,,,,,,,,,,,,
uk-sc1-fw01-sec,vmware_esc_access_in,extended,7,,permit,,AD-KMS,,,sc1wnpreap005,,,,,AD-KMS-Servers,,,,,informational,300,active
uk-sc1-fw01-sec,vmware-esc_access_in,extended,1,CHG0115229,,,,,,,,,,,,,,,,,,
uk-sc1-fw01-sec,vmware-esc_access_in,extended,2,,deny,,,ip,,,Corp-WiFi-Subnets,,,,,any,,,,informational,300,inactive
uk-sc1-fw01-sec,vmware-esc_access_in,extended,3,,permit,,,icmp,,,,any4,,,,any4,,,,,,active
uk-sc1-fw01-sec,vmware-esc_access_in,extended,4,CHG0140307,,,,,,,,,,,,,,,,,,
uk-sc1-fw01-sec,vmware-esc_access_in,extended,5,,permit,,,tcp,,,DM_INLINE_NETWORK_438,,,sc1uxprein14.prod.williamhill.plc,,,ssh,,,informational,300,active
uk-sc1-fw01-sec,vmware-esc_access_in,extended,6,CHG0112912, CHG0127391,,,,,,,,,,,,,,,,,,
uk-sc1-fw01-sec,vmware-esc_access_in,extended,7,,permit,,,tcp,,,DM_INLINE_NETWORK_365,,,uk-scc-wsus,,,,web-ports,,informational,300,active
uk-sc1-fw01-sec,vmware-esc_access_in,extended,8,CHG0112912, PCI-Q4-2017, PCI Q4 2018,PCI-Q2-2019,,,,,,,,,,,,,,,,,,
uk-sc1-fw01-sec,vmware-esc_access_in,extended,9,,permit,,,tcp,,sc1wnpreap005,,,,,DM_INLINE_NETWORK_301,,,web-ports,,informational,300,active
uk-sc1-fw01-sec,vmware-esc_access_in,extended,10,CHG0112912, CHG0127391,,,,,,,,,,,,,,,,,,
uk-sc1-fw01-sec,vmware-esc_access_in,extended,11,,permit,,AD-KMS,,,,DM_INLINE_NETWORK_366,,,,AD-KMS-Servers,,,,,informational,300,active
uk-sc1-fw01-sec,vmware-esc_access_in,extended,12,,permit,,,tcp,,sc1wnpreap005,,,,,DM_INLINE_NETWORK_303,,,DM_INLINE_TCP_142,,,,active
uk-sc1-fw01-sec,vmware-esc_access_in,extended,13,CHG0123404,,,,,,,,,,,,,,,,,,
uk-sc1-fw01-sec,vmware-esc_access_in,extended,14,,permit,,,tcp,,sc1wnprokt01,,,,ext-api-forwardproxy.sc1.prod.williamhill.plc,,,,,3128 3129,informational,300,active
uk-sc1-fw01-sec,vmware-esc_access_in,extended,15,CHG0123383,,,,,,,,,,,,,,,,,,
uk-sc1-fw01-sec,vmware-esc_access_in,extended,16,,permit,,,tcp,,sc1wnprokt01,,,,,okta-servers,,,DM_INLINE_TCP_151,,informational,300,active
uk-sc1-fw01-sec,vmware-esc_access_in,extended,17,CHG0124323, PCI Q4 2018,PCI-Q2-2019,,,,,,,,,,,,,,,,,,
uk-sc1-fw01-sec,vmware-esc_access_in,extended,18,,permit,,TCPUDP,,,OKTA_Subnet,,,,uk-scc-wsus,,,,DM_INLINE_TCPUDP_3,,informational,300,active
uk-sc1-fw01-sec,vmware-esc_access_in,extended,19,CHG0127391, CHG0131841,,,,,,,,,,,,,,,,,,
uk-sc1-fw01-sec,vmware-esc_access_in,extended,20,,permit,,,tcp,,,DM_INLINE_NETWORK_5,,,,sailpoint-secure-tunnels,,https,,,informational,300,active
uk-sc1-fw01-sec,vmware-esc_access_in,extended,21,CHG0131841,,,,,,,,,,,,,,,,,,
uk-sc1-fw01-sec,vmware-esc_access_in,extended,22,,permit,,,tcp,,sc1uxpreap01,,,,ld6uxpreap01,,,,,5050 5051,informational,300,active
uk-sc1-fw01-sec,vmware-esc_access_in,extended,23,CHG0127391,PCI-Q2-2019,,,,,,,,,,,,,,,,,,
uk-sc1-fw01-sec,vmware-esc_access_in,extended,24,,permit,,,tcp,,sc1uxpreap99,,,,net-birstall-pp-cx-network,,,https,,,informational,300,active
uk-sc1-fw01-sec,vmware-esc_access_in,extended,25,CHG0127391,PCI-Q2-2019,,,,,,,,,,,,,,,,,,
uk-sc1-fw01-sec,vmware-esc_access_in,extended,26,,permit,,,tcp,,sc1uxpreap99,,,,emailhost20,,,10000,,,informational,300,active
uk-sc1-fw01-sec,vmware-esc_access_in,extended,27,CHG0131841,PCI-Q2-2019,,,,,,,,,,,,,,,,,,
uk-sc1-fw01-sec,vmware-esc_access_in,extended,28,,permit,,,tcp,,,DM_INLINE_NETWORK_7,,,,DM_INLINE_NETWORK_390,,,,5050 5051,informational,300,active
uk-sc1-fw01-sec,vmware-esc_access_in,extended,29,CHG0136821,,,,,,,,,,,,,,,,,,
uk-sc1-fw01-sec,vmware-esc_access_in,extended,30,,permit,,DM_INLINE_SERVICE_204,,,,DM_INLINE_NETWORK_203,,,brsapprcmg002,,,,,,informational,300,active
uk-sc1-fw01-sec,vmware-esc_access_in,extended,31,CHG0137627,,,,,,,,,,,,,,,,,,
uk-sc1-fw01-sec,vmware-esc_access_in,extended,32,,permit,,DM_INLINE_SERVICE_398,,,,DM_INLINE_NETWORK_397,,,,DM_INLINE_NETWORK_398,,,,,informational,300,active
uk-sc1-fw01-sec,vmware-esc_access_in,extended,33,CHG0139692,,,,,,,,,,,,,,,,,,
uk-sc1-fw01-sec,vmware-esc_access_in,extended,34,,permit,,,tcp,,sc1wnpreap008,,,,,DM_INLINE_NETWORK_432,,https,,,informational,300,active
uk-sc1-fw01-sec,vmware-esc_access_in,extended,35,CHG0140534,,,,,,,,,,,,,,,,,,
uk-sc1-fw01-sec,vmware-esc_access_in,extended,36,,permit,,,tcp,,,DM_INLINE_NETWORK_439,,,clearmile-sftp-server,,,ssh,,,informational,300,active
uk-sc1-fw01-sec,vmware-esc_access_in,extended,37,CHG0141042,CHG0141594, CHG0141918,CHG0142524,CHG0142952,,,,,,,,,,,,,,,,,,
uk-sc1-fw01-sec,vmware-esc_access_in,extended,38,,permit,,TCPUDP,,,sc1wnpreap008,,,,,DM_INLINE_NETWORK_442,,,DM_INLINE_TCPUDP_6,,informational,300,active
uk-sc1-fw01-sec,vmware-esc_access_in,extended,39,CHG0142324,,,,,,,,,,,,,,,,,,
uk-sc1-fw01-sec,vmware-esc_access_in,extended,40,,permit,,,tcp,,,DM_INLINE_NETWORK_449,,,sofwnprefs01,,,445,,,informational,300,active
uk-sc1-fw01-sec,vmware-esc_access_in,extended,41,CHG0142470,,,,,,,,,,,,,,,,,,
uk-sc1-fw01-sec,vmware-esc_access_in,extended,42,,permit,,,tcp,,sc1wnpreap008,,,,sc1wnprefs03,,,445,,,informational,300,active
uk-sc1-fw01-sec,corporate-web_access_in,extended,1,PCI Q4 2018,,,,,,,,,,,,,,,,,,
uk-sc1-fw01-sec,corporate-web_access_in,extended,2,,permit,,,icmp,,,,any,,,,any,,,,informational,300,active
uk-sc1-fw01-sec,corporate-web_access_in,extended,3,CHG0130336,,,,,,,,,,,,,,,,,,
uk-sc1-fw01-sec,corporate-web_access_in,extended,4,CHG0130336,,,,,,,,,,,,,,,,,,
uk-sc1-fw01-sec,corporate-web_access_in,extended,5,CHG0130336,,,,,,,,,,,,,,,,,,
uk-sc1-fw01-sec,corporate-web_access_in,extended,6,,permit,,,tcp,,sc1wnpreda01,,,,,DM_INLINE_NETWORK_371,,,DM_INLINE_TCP_147,,informational,300,active
uk-sc1-fw01-sec,corporate-web_access_in,extended,7,CHG0130336,,,,,,,,,,,,,,,,,,
uk-sc1-fw01-sec,corporate-web_access_in,extended,8,,permit,,,tcp,,sc1wnpreda01,,,,,DM_INLINE_NETWORK_373,,www,,,informational,300,active
uk-sc1-fw01-sec,corporate-web_access_in,extended,9,CHG0130336,,,,,,,,,,,,,,,,,,
uk-sc1-fw01-sec,corporate-web_access_in,extended,10,,permit,,TCPUDP,,,sc1wnpreda01,,,,,SNS-Group,,domain,,,informational,300,active
uk-sc1-fw01-sec,corporate-web_access_in,extended,11,CHG0130336,,,,,,,,,,,,,,,,,,
uk-sc1-fw01-sec,corporate-web_access_in,extended,12,,permit,,,tcp,,sc1wnpreda01,,,,SC1WNPREAP003,,,,DM_INLINE_TCP_163,,informational,300,active
uk-sc1-fw01-sec,corporate-web_access_in,extended,13,CHG0130336,,,,,,,,,,,,,,,,,,
uk-sc1-fw01-sec,corporate-web_access_in,extended,14,,permit,,,tcp,,sc1wnpreda01,,,,,DM_INLINE_NETWORK_374,,,DM_INLINE_TCP_164,,informational,300,active
uk-sc1-fw01-sec,corporate-web_access_in,extended,15,CHG0130336,,,,,,,,,,,,,,,,,,
uk-sc1-fw01-sec,corporate-web_access_in,extended,16,,permit,,TCPUDP,,,sc1wnpreda01,,,,,DM_INLINE_NETWORK_377,,,DM_INLINE_TCPUDP_5,,informational,300,active
uk-sc1-fw01-sec,corporate-web_access_in,extended,17,CHG0130336,,,,,,,,,,,,,,,,,,
uk-sc1-fw01-sec,corporate-web_access_in,extended,18,,permit,,,tcp,,sc1wnpreda01,,,,,DM_INLINE_NETWORK_376,,,DM_INLINE_TCP_165,,informational,300,active
uk-sc1-fw01-sec,corporate-web_access_in,extended,19,CHG0130336,,,,,,,,,,,,,,,,,,
uk-sc1-fw01-sec,corporate-web_access_in,extended,20,,permit,,,udp,,sc1wnpreda01,,,,,Predc-Group,,ntp,,,informational,300,active
uk-sc1-fw01-sec,corporate-web_access_in,extended,21,CHG0130336,,,,,,,,,,,,,,,,,,
uk-sc1-fw01-sec,corporate-web_access_in,extended,22,,permit,,,tcp,,sc1wnpreda01,,,,sc1wnprecp002,,,,DM_INLINE_TCP_168,,informational,300,active
uk-sc1-fw01-sec,corporate-web_access_in,extended,23,CHG0130336,,,,,,,,,,,,,,,,,,
uk-sc1-fw01-sec,corporate-web_access_in,extended,24,,permit,,,tcp,,sc1wnpreda01,,,,ld6wnpreda01,,,,DM_INLINE_TCP_166,,informational,300,active
uk-sc1-fw01-sec,corporate-web_access_in,extended,25,CHG0130336,,,,,,,,,,,,,,,,,,
uk-sc1-fw01-sec,corporate-web_access_in,extended,26,,permit,,,tcp,,sc1wnpreda01,,,,,DM_INLINE_NETWORK_375,,https,,,informational,300,active
uk-sc1-fw01-sec,corporate-web_access_in,extended,27,CHG0130336,,,,,,,,,,,,,,,,,,
uk-sc1-fw01-sec,corporate-web_access_in,extended,28,,permit,,TCPUDP,,,sc1wnpreda01,,,,,DM_INLINE_NETWORK_372,,,,49152 65535,informational,300,active
uk-sc1-fw01-sec,corporate-web_access_in,extended,29,CHG0131443,CHG0137184,,,,,,,,,,,,,,,,,,
uk-sc1-fw01-sec,corporate-web_access_in,extended,30,,permit,,,tcp,,sc1wnpreda01,,,,,DM_INLINE_NETWORK_414,,445,,,informational,300,active
uk-sc1-fw01-sec,corporate-web_access_in,extended,31,CHG0140485,,,,,,,,,,,,,,,,,,
uk-sc1-fw01-sec,corporate-web_access_in,extended,32,,permit,,,tcp,,sc1wnpreda01,,,10.120.194.51,,,,www,,,informational,300,active
uk-sc1-fw01-sec,internal-access,extended,1,,permit,,,tcp,,St_Johns_Finance_Team,,,,backoffice.williamhill.remote,,,,DM_INLINE_TCP_3,,informational,300,active
uk-sc1-fw01-sec,internal-access,extended,2,CHG0134721,,,,,,,,,,,,,,,,,,
uk-sc1-fw01-sec,internal-access,extended,3,,permit,,,tcp,,St_Johns_Finance_Team,,,,,DM_INLINE_NETWORK_169,,,SCCM_Cert_enrollment,,informational,300,active
uk-sc1-fw01-sec,internal-access,extended,4,,permit,,,tcp,,St_Johns_Finance_Team,,,,sc1uxprgdb01,,,sqlnet,,,informational,300,active
uk-sc1-fw01-sec,internal-access,extended,5,,permit,,,tcp,,St_Johns_Finance_Team,,,,,DM_INLINE_NETWORK_182,,ssh,,,informational,300,active
uk-sc1-fw01-sec,hr-sap_access_in,extended,1,CHG0124930,,,,,,,,,,,,,,,,,,
uk-sc1-fw01-sec,hr-sap_access_in,extended,2,,permit,,,tcp,,sc1uxprsap01.sc1.prod.williamhill.plc,,,,sap-se-nat,,,3299,,,informational,300,active
uk-sc1-fw01-sec,hr-sap_access_in,extended,3,CHG0125495,,,,,,,,,,,,,,,,,,
uk-sc1-fw01-sec,hr-sap_access_in,extended,4,,permit,,,tcp,,sc1uxprsap01.sc1.prod.williamhill.plc,,,,sc1uxpremg32.prod.williamhill.plc,,,,katello-ports,,informational,300,active
uk-sc1-fw01-sec,ping-federate_access_in,extended,1,,permit,,,icmp,,,,any,,,,any,,,,informational,300,active
uk-sc1-fw01-sec,ping-federate_access_in,extended,2,CHG0127391,,,,,,,,,,,,,,,,,,
uk-sc1-fw01-sec,ping-federate_access_in,extended,3,,permit,,AD-KMS,,,sc1wnprefed99,,,,,AD-KMS-Servers,,,,,informational,300,active
uk-sc1-fw01-sec,ping-federate_access_in,extended,4,CHG0127391,,,,,,,,,,,,,,,,,,
uk-sc1-fw01-sec,ping-federate_access_in,extended,5,,permit,,,tcp,,sc1wnprefed99,,,,ext-api-forwardproxy.sc1.prod.williamhill.plc,,,,,3128 3129,informational,300,active
uk-sc1-fw01-sec,ping-federate_access_in,extended,6,CHG0127391,PCI-Q2-2019,,,,,,,,,,,,,,,,,,
uk-sc1-fw01-sec,ping-federate_access_in,extended,7,,permit,,DM_INLINE_SERVICE_36,,,sc1wnprefed99,,,,,rsa-servers,,,,,informational,300,active
uk-sc1-fw01-sec,ping-federate_access_in,extended,8,CHG0127391,,,,,,,,,,,,,,,,,,
uk-sc1-fw01-sec,ping-federate_access_in,extended,9,,permit,,,tcp,,sc1wnprefed99,,,,uk-scc-wsus,,,www,,,informational,300,active
uk-sc1-fw01-sec,ping-federate_access_in,extended,10,CHG0127391, PCI Q4 2018,PCI-Q2-2019,,,,,,,,,,,,,,,,,,
uk-sc1-fw01-sec,ping-federate_access_in,extended,11,,permit,,,tcp,,sc1wnprefed99,,,,net-birstall-pp-cx-network,,,https,,,informational,300,active
uk-sc1-fw01-sec,ping-federate_access_in,extended,12,CHG0127391, PCI Q4 2018,PCI-Q2-2019,,,,,,,,,,,,,,,,,,
uk-sc1-fw01-sec,ping-federate_access_in,extended,13,,permit,,,tcp,,sc1wnprefed99,,,,emailhost20,,,10000,,,informational,300,active
uk-sc1-fw01-sec,ping-federate_access_in,extended,14,CHG0127573, PCI Q4 2018,,,,,,,,,,,,,,,,,,
uk-sc1-fw01-sec,ping-federate_access_in,extended,15,,permit,,,tcp,,sc1wnprefed99,,,,,spunk-servers,,9997,,,informational,300,active
uk-sc1-fw01-sec,ping-federate_access_in,extended,16,CHG0127987,PCI-Q2-2019,,,,,,,,,,,,,,,,,,
uk-sc1-fw01-sec,ping-federate_access_in,extended,17,,permit,,TCPUDP,,,sc1wnprefed99,,,,,DM_INLINE_NETWORK_367,,,RSA_5500,,informational,300,active
uk-sc1-fw01-sec,ping-federate_access_in,extended,18,CHG0128136,PCI-Q2-2019,,,,,,,,,,,,,,,,,,
uk-sc1-fw01-sec,ping-federate_access_in,extended,19,,permit,,TCPUDP,,,,,10.120.70.32 255.255.255.224,,emailhost20,,,,Proofpoint_to_IDAM,,informational,300,active
uk-sc1-fw01-sec,ping-federate_access_in,extended,20,CHG0128418,,,,,,,,,,,,,,,,,,
uk-sc1-fw01-sec,ping-federate_access_in,extended,21,,permit,8089,,,,sc1wnprefed99,,,10.120.163.99,,,,,,,informational,300,active
uk-sc1-fw01-sec,aspect-stunnel_access_in,extended,1,CHG0129226,,,,,,,,,,,,,,,,,,
uk-sc1-fw01-sec,aspect-stunnel_access_in,extended,2,,permit,,,tcp,,,,10.120.65.128 255.255.255.240,,,Aspect-VPN-IPs,,,S-Tunnel,,informational,300,active
uk-sc1-fw01-sec,aspect-stunnel_access_in,extended,3,CHG0129567,,,,,,,,,,,,,,,,,,
uk-sc1-fw01-sec,aspect-stunnel_access_in,extended,4,,permit,,,tcp,,aspect-stunnel-slash28,,,,sc1uxpremg32.prod.williamhill.plc,,,,DM_INLINE_TCP_162,,informational,300,active
uk-sc1-fw01-sec,aspect-stunnel_access_in,extended,5,CHG0133344,,,,,,,,,,,,,,,,,,
uk-sc1-fw01-sec,aspect-stunnel_access_in,extended,6,,permit,,grp-aspect-stunnel-ports,,,net-10.120.65.128-27-stunnel-re,,,,net-3.8.37.0-28-aspect-ext,,,,,,informational,300,active
uk-sc1-fw01-sec,aspect-stunnel_access_in,extended,7,,permit,,,icmp,,,,any,,,,any,,,,informational,300,active
