HOSTNAME,DESCR,NAME,PID,SN,VID
GH-FIBRESWITCH-1,1000BaseSX SFP,GigabitEthernet1/0/10,GLC-SX-MMD,AGJ1932R4Z7,V01
GH-FIBRESWITCH-1,1000BaseSX SFP,GigabitEthernet1/0/4,GLC-SX-MMD,AGJ1932R508,V01
GH-FIBRESWITCH-1,1000BaseSX SFP,GigabitEthernet1/0/5,GLC-SX-MMD,AGJ1932R50E,V01
GH-FIBRESWITCH-1,1000BaseSX SFP,GigabitEthernet1/0/1,GLC-SX-MMD,AGJ1932R50Y,V01
GH-FIBRESWITCH-1,1000BaseSX SFP,GigabitEthernet1/0/9,GLC-SX-MMD,AGJ1932R8LP,V01
GH-FIBRESWITCH-1,1000BaseSX SFP,GigabitEthernet1/0/2,GLC-SX-MMD,AGJ1932R8LX,V01
GH-FIBRESWITCH-1,1000BaseSX SFP,GigabitEthernet1/0/6,GLC-SX-MMD,AGJ1932R8RF,V01
GH-FIBRESWITCH-1,1000BaseSX SFP,GigabitEthernet1/0/7,GLC-SX-MMD,AGJ1932RB0T,V01
GH-FIBRESWITCH-1,1000BaseSX SFP,GigabitEthernet1/0/3,GLC-SX-MMD,AGJ1932RB16,V01
GH-FIBRESWITCH-1,10/100/1000BaseTX SFP,GigabitEthernet1/0/12,,AGM19374C9Z,none
GH-FIBRESWITCH-1,Switch 1 - Power Supply B,Switch 1 - Power Supply B,PWR-C1-350WAC,ART1934F58F,V01
GH-FIBRESWITCH-1,1000BaseSX SFP,GigabitEthernet1/0/8,GLC-SX-MMD,FNS184311H2,V01
GH-FIBRESWITCH-1,WS-C3850-12S,Switch 1,WS-C3850-12S,FOC1942X0QP,V02
GH-FIBRESWITCH-1,c3xxx Stack,c3xxx Stack,WS-C3850-12S,FOC1942X0QP,V02
GH-FIBRESWITCH-1,Switch 1 - Power Supply A,Switch 1 - Power Supply A,PWR-C1-350WAC,LIT193515VG,V01
GH-FIBRESWITCH-2,1000BaseSX SFP,GigabitEthernet1/0/4,GLC-SX-MMD,AGJ1932R4AJ,V01
GH-FIBRESWITCH-2,1000BaseSX SFP,GigabitEthernet1/0/2,GLC-SX-MMD,AGJ1932R50C,V01
GH-FIBRESWITCH-2,1000BaseSX SFP,GigabitEthernet1/0/5,GLC-SX-MMD,AGJ1932R74Y,V01
GH-FIBRESWITCH-2,1000BaseSX SFP,GigabitEthernet1/0/7,GLC-SX-MMD,AGJ1932R8LT,V01
GH-FIBRESWITCH-2,1000BaseSX SFP,GigabitEthernet1/0/10,GLC-SX-MMD,AGJ1932R8SM,V01
GH-FIBRESWITCH-2,1000BaseSX SFP,GigabitEthernet1/0/3,GLC-SX-MMD,AGJ1932RB0U,V01
GH-FIBRESWITCH-2,1000BaseSX SFP,GigabitEthernet1/0/6,GLC-SX-MMD,AGJ1932RB0W,V01
GH-FIBRESWITCH-2,1000BaseSX SFP,GigabitEthernet1/0/1,GLC-SX-MMD,AGJ1932RB0Y,V01
GH-FIBRESWITCH-2,1000BaseSX SFP,GigabitEthernet1/0/9,GLC-SX-MMD,AGJ1932RB17,V01
GH-FIBRESWITCH-2,10/100/1000BaseTX SFP,GigabitEthernet1/0/12,,AGM19374C9V,none
GH-FIBRESWITCH-2,Switch 1 - Power Supply B,Switch 1 - Power Supply B,PWR-C1-350WAC,ART1934F58Q,V01
GH-FIBRESWITCH-2,WS-C3850-12S,Switch 1,WS-C3850-12S,FCW1942F00G,V02
GH-FIBRESWITCH-2,c3xxx Stack,c3xxx Stack,WS-C3850-12S,FCW1942F00G,V02
GH-FIBRESWITCH-2,1000BaseSX SFP,GigabitEthernet1/0/8,,FNS11441MS9,none
GH-FIBRESWITCH-2,Switch 1 - Power Supply A,Switch 1 - Power Supply A,PWR-C1-350WAC,LIT193515UN,V01
GH-FIBRESWITCH_1,1000BaseSX SFP,GigabitEthernet1/0/10,GLC-SX-MMD,AGJ1932R4Z7,V01
GH-FIBRESWITCH_1,1000BaseSX SFP,GigabitEthernet1/0/4,GLC-SX-MMD,AGJ1932R508,V01
GH-FIBRESWITCH_1,1000BaseSX SFP,GigabitEthernet1/0/5,GLC-SX-MMD,AGJ1932R50E,V01
GH-FIBRESWITCH_1,1000BaseSX SFP,GigabitEthernet1/0/1,GLC-SX-MMD,AGJ1932R50Y,V01
GH-FIBRESWITCH_1,1000BaseSX SFP,GigabitEthernet1/0/9,GLC-SX-MMD,AGJ1932R8LP,V01
GH-FIBRESWITCH_1,1000BaseSX SFP,GigabitEthernet1/0/2,GLC-SX-MMD,AGJ1932R8LX,V01
GH-FIBRESWITCH_1,1000BaseSX SFP,GigabitEthernet1/0/6,GLC-SX-MMD,AGJ1932R8RF,V01
GH-FIBRESWITCH_1,1000BaseSX SFP,GigabitEthernet1/0/7,GLC-SX-MMD,AGJ1932RB0T,V01
GH-FIBRESWITCH_1,1000BaseSX SFP,GigabitEthernet1/0/3,GLC-SX-MMD,AGJ1932RB16,V01
GH-FIBRESWITCH_1,10/100/1000BaseTX SFP,GigabitEthernet1/0/12,,AGM19374C9Z,none
GH-FIBRESWITCH_1,Switch 1 - Power Supply B,Switch 1 - Power Supply B,PWR-C1-350WAC,ART1934F58F,V01
GH-FIBRESWITCH_1,1000BaseSX SFP,GigabitEthernet1/0/8,GLC-SX-MMD,FNS184311H2,V01
GH-FIBRESWITCH_1,WS-C3850-12S,Switch 1,WS-C3850-12S,FOC1942X0QP,V02
GH-FIBRESWITCH_1,c3xxx Stack,c3xxx Stack,WS-C3850-12S,FOC1942X0QP,V02
GH-FIBRESWITCH_1,Switch 1 - Power Supply A,Switch 1 - Power Supply A,PWR-C1-350WAC,LIT193515VG,V01
GH-FIBRESWITCH_2,1000BaseSX SFP,GigabitEthernet1/0/4,GLC-SX-MMD,AGJ1932R4AJ,V01
GH-FIBRESWITCH_2,1000BaseSX SFP,GigabitEthernet1/0/2,GLC-SX-MMD,AGJ1932R50C,V01
GH-FIBRESWITCH_2,1000BaseSX SFP,GigabitEthernet1/0/5,GLC-SX-MMD,AGJ1932R74Y,V01
GH-FIBRESWITCH_2,1000BaseSX SFP,GigabitEthernet1/0/7,GLC-SX-MMD,AGJ1932R8LT,V01
GH-FIBRESWITCH_2,1000BaseSX SFP,GigabitEthernet1/0/10,GLC-SX-MMD,AGJ1932R8SM,V01
GH-FIBRESWITCH_2,1000BaseSX SFP,GigabitEthernet1/0/3,GLC-SX-MMD,AGJ1932RB0U,V01
GH-FIBRESWITCH_2,1000BaseSX SFP,GigabitEthernet1/0/6,GLC-SX-MMD,AGJ1932RB0W,V01
GH-FIBRESWITCH_2,1000BaseSX SFP,GigabitEthernet1/0/1,GLC-SX-MMD,AGJ1932RB0Y,V01
GH-FIBRESWITCH_2,1000BaseSX SFP,GigabitEthernet1/0/9,GLC-SX-MMD,AGJ1932RB17,V01
GH-FIBRESWITCH_2,10/100/1000BaseTX SFP,GigabitEthernet1/0/12,,AGM19374C9V,none
GH-FIBRESWITCH_2,Switch 1 - Power Supply B,Switch 1 - Power Supply B,PWR-C1-350WAC,ART1934F58Q,V01
GH-FIBRESWITCH_2,WS-C3850-12S,Switch 1,WS-C3850-12S,FCW1942F00G,V02
GH-FIBRESWITCH_2,c3xxx Stack,c3xxx Stack,WS-C3850-12S,FCW1942F00G,V02
GH-FIBRESWITCH_2,1000BaseSX SFP,GigabitEthernet1/0/8,,FNS11441MS9,none
GH-FIBRESWITCH_2,Switch 1 - Power Supply A,Switch 1 - Power Supply A,PWR-C1-350WAC,LIT193515UN,V01
GH-WGS-1ST,1000BaseSX SFP,GigabitEthernet3/1/1,Unspecified,AGS091005Q9,none
GH-WGS-1ST,1000BaseSX SFP,GigabitEthernet1/1/1,Unspecified,AGS094453VL,none
GH-WGS-1ST,WS-C3750X-48P,3,WS-C3750X-48PF-S,FDO1524R13M,V02
GH-WGS-1ST,WS-C3750X-48P,1,WS-C3750X-48PF-S,FDO1704X02M,V04
GH-WGS-1ST,FRULink 1G Module,Switch 1 - FRULink Slot 1 - FRULink Module,C3KX-NM-1G,FDO17152C9D,V01
GH-WGS-1ST,FRULink 1G Module,Switch 3 - FRULink Slot 1 - FRULink Module,C3KX-NM-1G,FDO17152CZU,V01
GH-WGS-1ST,WS-C3750X-48P,2,WS-C3750X-48P-S,FDO1947F1ED,V07
GH-WGS-1ST,FRU Power Supply,Switch 3 - Power Supply 0,C3KX-PWR-1100WAC,LIT15021KMB,V01L
GH-WGS-1ST,FRU Power Supply,Switch 1 - Power Supply 0,C3KX-PWR-1100WAC,LIT17050TT7,V02L
GH-WGS-1ST,FRU Power Supply,Switch 1 - Power Supply 1,C3KX-PWR-1100WAC,LIT1708016K,V02L
GH-WGS-1ST,FRU Power Supply,Switch 3 - Power Supply 1,C3KX-PWR-1100WAC,LIT1708017C,V02L
GH-WGS-1ST,FRU Power Supply,Switch 2 - Power Supply 0,C3KX-PWR-715WAC,LIT192320QP,V02L
GH-WGS-3RD,1000BaseSX SFP,GigabitEthernet2/1/1,Unspecified,AGS091005MV,none
GH-WGS-3RD,1000BaseSX SFP,GigabitEthernet1/1/1,Unspecified,AGS09445BAA,none
GH-WGS-3RD,WS-C3750X-48P,2,WS-C3750X-48PF-S,FDO1721R2Q4,V05
GH-WGS-3RD,WS-C3750X-48P,1,WS-C3750X-48PF-S,FDO1721R2U3,V05
GH-WGS-3RD,FRULink 1G Module,Switch 2 - FRULink Slot 1 - FRULink Module,C3KX-NM-1G,FDO18120FXV,V01
GH-WGS-3RD,FRULink 1G Module,Switch 1 - FRULink Slot 1 - FRULink Module,C3KX-NM-1G,FDO18121FS7,V01
GH-WGS-3RD,FRU Power Supply,Switch 1 - Power Supply 1,C3KX-PWR-1100WAC,LIT17180YQ5,V02L
GH-WGS-3RD,FRU Power Supply,Switch 2 - Power Supply 0,C3KX-PWR-1100WAC,LIT171810U9,V02L
GH-WGS-3RD,FRU Power Supply,Switch 1 - Power Supply 0,C3KX-PWR-1100WAC,LIT171810Z5,V02L
GH-WGS-3RD,FRU Power Supply,Switch 2 - Power Supply 1,C3KX-PWR-1100WAC,LIT1718121G,V02L
GH-WGS-4TH,1000BaseSX SFP,GigabitEthernet3/1/1,Unspecified,AGS091004K0,none
GH-WGS-4TH,WS-C3750X-48P,1,WS-C3750X-48PF-S,FDO1704Z0U2,V04
GH-WGS-4TH,FRULink 1G Module,Switch 1 - FRULink Slot 1 - FRULink Module,C3KX-NM-1G,FDO17152CAZ,V01
GH-WGS-4TH,WS-C3750X-48P,2,WS-C3750X-48PF-S,FDO1721R2MY,V05
GH-WGS-4TH,WS-C3750X-48P,3,WS-C3750X-48PF-S,FDO1750R2AY,V05
GH-WGS-4TH,FRULink 1G Module,Switch 3 - FRULink Slot 1 - FRULink Module,C3KX-NM-1G,FDO18040J8W,V01
GH-WGS-4TH,FRULink 1G Module,Switch 2 - FRULink Slot 1 - FRULink Module,C3KX-NM-1G,FDO18121EV0,V01
GH-WGS-4TH,1000BaseSX SFP,GigabitEthernet1/1/1,Unspecified,FNS132910QV,none
GH-WGS-4TH,FRU Power Supply,Switch 1 - Power Supply 0,C3KX-PWR-1100WAC,LIT17040PJ3,V02L
GH-WGS-4TH,FRU Power Supply,Switch 1 - Power Supply 1,C3KX-PWR-1100WAC,LIT1708016P,V02L
GH-WGS-4TH,FRU Power Supply,Switch 2 - Power Supply 1,C3KX-PWR-1100WAC,LIT171810X7,V02L
GH-WGS-4TH,FRU Power Supply,Switch 2 - Power Supply 0,C3KX-PWR-1100WAC,LIT171812S3,V02L
GH-WGS-4TH,FRU Power Supply,Switch 3 - Power Supply 0,C3KX-PWR-1100WAC,LIT172010U7,V02L
GH-WGS-4TH,FRU Power Supply,Switch 3 - Power Supply 1,C3KX-PWR-1100WAC,LIT1720121J,V02L
GH-WGS-5TH,1000BaseSX SFP,GigabitEthernet2/1/1,Unspecified,AGS091005MW,none
GH-WGS-5TH,1000BaseSX SFP,GigabitEthernet1/1/1,Unspecified,AGS091005N3,none
GH-WGS-5TH,WS-C3750X-48P,2,WS-C3750X-48PF-S,FDO1704R0ZZ,V04
GH-WGS-5TH,FRULink 1G Module,Switch 2 - FRULink Slot 1 - FRULink Module,C3KX-NM-1G,FDO17152CAT,V01
GH-WGS-5TH,WS-C3750X-48P,1,WS-C3750X-48PF-S,FDO1750R29Y,V05
GH-WGS-5TH,FRULink 1G Module,Switch 1 - FRULink Slot 1 - FRULink Module,C3KX-NM-1G,FDO180404BH,V01
GH-WGS-5TH,FRU Power Supply,Switch 2 - Power Supply 0,C3KX-PWR-1100WAC,LIT17040PBD,V02L
GH-WGS-5TH,FRU Power Supply,Switch 2 - Power Supply 1,C3KX-PWR-1100WAC,LIT17080128,V02L
GH-WGS-5TH,FRU Power Supply,Switch 1 - Power Supply 1,C3KX-PWR-1100WAC,LIT172011KM,V02L
GH-WGS-5TH,FRU Power Supply,Switch 1 - Power Supply 0,C3KX-PWR-1100WAC,LIT172011L4,V02L
GH-WGS-GROUND,1000BaseSX SFP,GigabitEthernet1/1/1,,AGS091005NQ,none
GH-WGS-GROUND,Switch 2 - Power Supply A,Switch 2 - Power Supply A,PWR-C2-640WAC,DCB1919B0QB,V02
GH-WGS-GROUND,WS-C3650-48PS,Switch 2,WS-C3650-48PS,FDO1934E3NA,V03
GH-WGS-GROUND,WS-C3650-48PS,Switch 3,WS-C3650-48PS,FDO1945Q1BQ,V03
GH-WGS-GROUND,WS-C3650-48PS,Switch 1,WS-C3650-48PS,FDO1948E0P9,V03
GH-WGS-GROUND,c36xx Stack,c36xx Stack,WS-C3650-48PS,FDO1948E0P9,V03
GH-WGS-GROUND,1000BaseSX SFP,GigabitEthernet3/1/1,,FNS10401HNP,none
GH-WGS-GROUND,Switch 3 - Power Supply B,Switch 3 - Power Supply B,PWR-C2-640WAC,LIT19350G65,V02
GH-WGS-GROUND,Switch 1 - Power Supply A,Switch 1 - Power Supply A,PWR-C2-640WAC,LIT1944016R,V02
GH-WGS-GROUND,Switch 2 - Power Supply B,Switch 2 - Power Supply B,PWR-C2-640WAC,LIT194401D4,V02
GH-WGS-GROUND,Switch 3 - Power Supply A,Switch 3 - Power Supply A,PWR-C2-640WAC,LIT194709QT,V02
GH-WGS-GROUND,Switch 1 - Power Supply B,Switch 1 - Power Supply B,PWR-C2-640WAC,LIT195102DX,V02
GH-WGS_1ST,1000BaseSX SFP,GigabitEthernet3/1/1,Unspecified,AGS091005Q9,none
GH-WGS_1ST,1000BaseSX SFP,GigabitEthernet1/1/1,Unspecified,AGS094453VL,none
GH-WGS_1ST,WS-C3750X-48P,3,WS-C3750X-48PF-S,FDO1524R13M,V02
GH-WGS_1ST,WS-C3750X-48P,1,WS-C3750X-48PF-S,FDO1704X02M,V04
GH-WGS_1ST,FRULink 1G Module,Switch 1 - FRULink Slot 1 - FRULink Module,C3KX-NM-1G,FDO17152C9D,V01
GH-WGS_1ST,FRULink 1G Module,Switch 3 - FRULink Slot 1 - FRULink Module,C3KX-NM-1G,FDO17152CZU,V01
GH-WGS_1ST,WS-C3750X-48P,2,WS-C3750X-48P-S,FDO1947F1ED,V07
GH-WGS_1ST,FRU Power Supply,Switch 3 - Power Supply 0,C3KX-PWR-1100WAC,LIT15021KMB,V01L
GH-WGS_1ST,FRU Power Supply,Switch 1 - Power Supply 0,C3KX-PWR-1100WAC,LIT17050TT7,V02L
GH-WGS_1ST,FRU Power Supply,Switch 1 - Power Supply 1,C3KX-PWR-1100WAC,LIT1708016K,V02L
GH-WGS_1ST,FRU Power Supply,Switch 3 - Power Supply 1,C3KX-PWR-1100WAC,LIT1708017C,V02L
GH-WGS_1ST,FRU Power Supply,Switch 2 - Power Supply 0,C3KX-PWR-715WAC,LIT192320QP,V02L
GH-WGS_2ND_1,1000BaseSX SFP,GigabitEthernet1/1/1,Unspecified,AGM1539L7YU,none
GH-WGS_2ND_1,FRULink 1G Module,Switch 1 - FRULink Slot 1 - FRULink Module,C3KX-NM-1G,FDO15380QL5,V01
GH-WGS_2ND_1,FRULink 1G Module,Switch 3 - FRULink Slot 1 - FRULink Module,C3KX-NM-1G,FDO15380X23,V01
GH-WGS_2ND_1,WS-C3750X-48P,1,WS-C3750X-48PF-S,FDO1538K1S9,V02
GH-WGS_2ND_1,WS-C3750X-48P,2,WS-C3750X-48PF-S,FDO1539V0H1,V02
GH-WGS_2ND_1,WS-C3750X-48P,3,WS-C3750X-48PF-S,FDO1539Z0F1,V02
GH-WGS_2ND_1,1000BaseSX SFP,GigabitEthernet3/1/1,Unspecified,FNS153413ZY,none
GH-WGS_2ND_1,FRU Power Supply,Switch 2 - Power Supply 0,C3KX-PWR-1100WAC,LIT15341REK,V02
GH-WGS_2ND_1,FRU Power Supply,Switch 1 - Power Supply 0,C3KX-PWR-1100WAC,LIT15341REV,V02
GH-WGS_2ND_1,FRU Power Supply,Switch 3 - Power Supply 0,C3KX-PWR-1100WAC,LIT15341RKN,V02
GH-WGS_3RD,1000BaseSX SFP,GigabitEthernet2/1/1,Unspecified,AGS091005MV,none
GH-WGS_3RD,1000BaseSX SFP,GigabitEthernet1/1/1,Unspecified,AGS09445BAA,none
GH-WGS_3RD,WS-C3750X-48P,2,WS-C3750X-48PF-S,FDO1721R2Q4,V05
GH-WGS_3RD,WS-C3750X-48P,1,WS-C3750X-48PF-S,FDO1721R2U3,V05
GH-WGS_3RD,FRULink 1G Module,Switch 2 - FRULink Slot 1 - FRULink Module,C3KX-NM-1G,FDO18120FXV,V01
GH-WGS_3RD,FRULink 1G Module,Switch 1 - FRULink Slot 1 - FRULink Module,C3KX-NM-1G,FDO18121FS7,V01
GH-WGS_3RD,FRU Power Supply,Switch 1 - Power Supply 1,C3KX-PWR-1100WAC,LIT17180YQ5,V02L
GH-WGS_3RD,FRU Power Supply,Switch 2 - Power Supply 0,C3KX-PWR-1100WAC,LIT171810U9,V02L
GH-WGS_3RD,FRU Power Supply,Switch 1 - Power Supply 0,C3KX-PWR-1100WAC,LIT171810Z5,V02L
GH-WGS_3RD,FRU Power Supply,Switch 2 - Power Supply 1,C3KX-PWR-1100WAC,LIT1718121G,V02L
GH-WGS_4TH,1000BaseSX SFP,GigabitEthernet3/1/1,Unspecified,AGS091004K0,none
GH-WGS_4TH,WS-C3750X-48P,1,WS-C3750X-48PF-S,FDO1704Z0U2,V04
GH-WGS_4TH,FRULink 1G Module,Switch 1 - FRULink Slot 1 - FRULink Module,C3KX-NM-1G,FDO17152CAZ,V01
GH-WGS_4TH,WS-C3750X-48P,2,WS-C3750X-48PF-S,FDO1721R2MY,V05
GH-WGS_4TH,WS-C3750X-48P,3,WS-C3750X-48PF-S,FDO1750R2AY,V05
GH-WGS_4TH,FRULink 1G Module,Switch 3 - FRULink Slot 1 - FRULink Module,C3KX-NM-1G,FDO18040J8W,V01
GH-WGS_4TH,FRULink 1G Module,Switch 2 - FRULink Slot 1 - FRULink Module,C3KX-NM-1G,FDO18121EV0,V01
GH-WGS_4TH,1000BaseSX SFP,GigabitEthernet1/1/1,Unspecified,FNS132910QV,none
GH-WGS_4TH,FRU Power Supply,Switch 1 - Power Supply 0,C3KX-PWR-1100WAC,LIT17040PJ3,V02L
GH-WGS_4TH,FRU Power Supply,Switch 1 - Power Supply 1,C3KX-PWR-1100WAC,LIT1708016P,V02L
GH-WGS_4TH,FRU Power Supply,Switch 2 - Power Supply 1,C3KX-PWR-1100WAC,LIT171810X7,V02L
GH-WGS_4TH,FRU Power Supply,Switch 2 - Power Supply 0,C3KX-PWR-1100WAC,LIT171812S3,V02L
GH-WGS_4TH,FRU Power Supply,Switch 3 - Power Supply 0,C3KX-PWR-1100WAC,LIT172010U7,V02L
GH-WGS_4TH,FRU Power Supply,Switch 3 - Power Supply 1,C3KX-PWR-1100WAC,LIT1720121J,V02L
GH-WGS_5TH,1000BaseSX SFP,GigabitEthernet2/1/1,Unspecified,AGS091005MW,none
GH-WGS_5TH,1000BaseSX SFP,GigabitEthernet1/1/1,Unspecified,AGS091005N3,none
GH-WGS_5TH,WS-C3750X-48P,2,WS-C3750X-48PF-S,FDO1704R0ZZ,V04
GH-WGS_5TH,FRULink 1G Module,Switch 2 - FRULink Slot 1 - FRULink Module,C3KX-NM-1G,FDO17152CAT,V01
GH-WGS_5TH,WS-C3750X-48P,1,WS-C3750X-48PF-S,FDO1750R29Y,V05
GH-WGS_5TH,FRULink 1G Module,Switch 1 - FRULink Slot 1 - FRULink Module,C3KX-NM-1G,FDO180404BH,V01
GH-WGS_5TH,FRU Power Supply,Switch 2 - Power Supply 0,C3KX-PWR-1100WAC,LIT17040PBD,V02L
GH-WGS_5TH,FRU Power Supply,Switch 2 - Power Supply 1,C3KX-PWR-1100WAC,LIT17080128,V02L
GH-WGS_5TH,FRU Power Supply,Switch 1 - Power Supply 1,C3KX-PWR-1100WAC,LIT172011KM,V02L
GH-WGS_5TH,FRU Power Supply,Switch 1 - Power Supply 0,C3KX-PWR-1100WAC,LIT172011L4,V02L
GH-WGS_GROUND,1000BaseSX SFP,GigabitEthernet1/1/1,,AGS091005NQ,none
GH-WGS_GROUND,Switch 2 - Power Supply A,Switch 2 - Power Supply A,PWR-C2-640WAC,DCB1919B0QB,V02
GH-WGS_GROUND,WS-C3650-48PS,Switch 2,WS-C3650-48PS,FDO1934E3NA,V03
GH-WGS_GROUND,WS-C3650-48PS,Switch 3,WS-C3650-48PS,FDO1945Q1BQ,V03
GH-WGS_GROUND,WS-C3650-48PS,Switch 1,WS-C3650-48PS,FDO1948E0P9,V03
GH-WGS_GROUND,c36xx Stack,c36xx Stack,WS-C3650-48PS,FDO1948E0P9,V03
GH-WGS_GROUND,1000BaseSX SFP,GigabitEthernet3/1/1,,FNS10401HNP,none
GH-WGS_GROUND,Switch 3 - Power Supply B,Switch 3 - Power Supply B,PWR-C2-640WAC,LIT19350G65,V02
GH-WGS_GROUND,Switch 1 - Power Supply A,Switch 1 - Power Supply A,PWR-C2-640WAC,LIT1944016R,V02
GH-WGS_GROUND,Switch 2 - Power Supply B,Switch 2 - Power Supply B,PWR-C2-640WAC,LIT194401D4,V02
GH-WGS_GROUND,Switch 3 - Power Supply A,Switch 3 - Power Supply A,PWR-C2-640WAC,LIT194709QT,V02
GH-WGS_GROUND,Switch 1 - Power Supply B,Switch 1 - Power Supply B,PWR-C2-640WAC,LIT195102DX,V02
GH_FIBRESWITCH_1,1000BaseSX SFP,GigabitEthernet1/0/10,GLC-SX-MMD,AGJ1932R4Z7,V01
GH_FIBRESWITCH_1,1000BaseSX SFP,GigabitEthernet1/0/4,GLC-SX-MMD,AGJ1932R508,V01
GH_FIBRESWITCH_1,1000BaseSX SFP,GigabitEthernet1/0/5,GLC-SX-MMD,AGJ1932R50E,V01
GH_FIBRESWITCH_1,1000BaseSX SFP,GigabitEthernet1/0/1,GLC-SX-MMD,AGJ1932R50Y,V01
GH_FIBRESWITCH_1,1000BaseSX SFP,GigabitEthernet1/0/9,GLC-SX-MMD,AGJ1932R8LP,V01
GH_FIBRESWITCH_1,1000BaseSX SFP,GigabitEthernet1/0/2,GLC-SX-MMD,AGJ1932R8LX,V01
GH_FIBRESWITCH_1,1000BaseSX SFP,GigabitEthernet1/0/6,GLC-SX-MMD,AGJ1932R8RF,V01
GH_FIBRESWITCH_1,1000BaseSX SFP,GigabitEthernet1/0/7,GLC-SX-MMD,AGJ1932RB0T,V01
GH_FIBRESWITCH_1,1000BaseSX SFP,GigabitEthernet1/0/3,GLC-SX-MMD,AGJ1932RB16,V01
GH_FIBRESWITCH_1,10/100/1000BaseTX SFP,GigabitEthernet1/0/12,,AGM19374C9Z,none
GH_FIBRESWITCH_1,Switch 1 - Power Supply B,Switch 1 - Power Supply B,PWR-C1-350WAC,ART1934F58F,V01
GH_FIBRESWITCH_1,1000BaseSX SFP,GigabitEthernet1/0/8,GLC-SX-MMD,FNS184311H2,V01
GH_FIBRESWITCH_1,WS-C3850-12S,Switch 1,WS-C3850-12S,FOC1942X0QP,V02
GH_FIBRESWITCH_1,c3xxx Stack,c3xxx Stack,WS-C3850-12S,FOC1942X0QP,V02
GH_FIBRESWITCH_1,Switch 1 - Power Supply A,Switch 1 - Power Supply A,PWR-C1-350WAC,LIT193515VG,V01
GH_FIBRESWITCH_2,1000BaseSX SFP,GigabitEthernet1/0/4,GLC-SX-MMD,AGJ1932R4AJ,V01
GH_FIBRESWITCH_2,1000BaseSX SFP,GigabitEthernet1/0/2,GLC-SX-MMD,AGJ1932R50C,V01
GH_FIBRESWITCH_2,1000BaseSX SFP,GigabitEthernet1/0/5,GLC-SX-MMD,AGJ1932R74Y,V01
GH_FIBRESWITCH_2,1000BaseSX SFP,GigabitEthernet1/0/7,GLC-SX-MMD,AGJ1932R8LT,V01
GH_FIBRESWITCH_2,1000BaseSX SFP,GigabitEthernet1/0/10,GLC-SX-MMD,AGJ1932R8SM,V01
GH_FIBRESWITCH_2,1000BaseSX SFP,GigabitEthernet1/0/3,GLC-SX-MMD,AGJ1932RB0U,V01
GH_FIBRESWITCH_2,1000BaseSX SFP,GigabitEthernet1/0/6,GLC-SX-MMD,AGJ1932RB0W,V01
GH_FIBRESWITCH_2,1000BaseSX SFP,GigabitEthernet1/0/1,GLC-SX-MMD,AGJ1932RB0Y,V01
GH_FIBRESWITCH_2,1000BaseSX SFP,GigabitEthernet1/0/9,GLC-SX-MMD,AGJ1932RB17,V01
GH_FIBRESWITCH_2,10/100/1000BaseTX SFP,GigabitEthernet1/0/12,,AGM19374C9V,none
GH_FIBRESWITCH_2,Switch 1 - Power Supply B,Switch 1 - Power Supply B,PWR-C1-350WAC,ART1934F58Q,V01
GH_FIBRESWITCH_2,WS-C3850-12S,Switch 1,WS-C3850-12S,FCW1942F00G,V02
GH_FIBRESWITCH_2,c3xxx Stack,c3xxx Stack,WS-C3850-12S,FCW1942F00G,V02
GH_FIBRESWITCH_2,1000BaseSX SFP,GigabitEthernet1/0/8,,FNS11441MS9,none
GH_FIBRESWITCH_2,Switch 1 - Power Supply A,Switch 1 - Power Supply A,PWR-C1-350WAC,LIT193515UN,V01
GH_WGS_1ST,1000BaseSX SFP,GigabitEthernet3/1/1,Unspecified,AGS091005Q9,none
GH_WGS_1ST,1000BaseSX SFP,GigabitEthernet1/1/1,Unspecified,AGS094453VL,none
GH_WGS_1ST,WS-C3750X-48P,3,WS-C3750X-48PF-S,FDO1524R13M,V02
GH_WGS_1ST,WS-C3750X-48P,1,WS-C3750X-48PF-S,FDO1704X02M,V04
GH_WGS_1ST,FRULink 1G Module,Switch 1 - FRULink Slot 1 - FRULink Module,C3KX-NM-1G,FDO17152C9D,V01
GH_WGS_1ST,FRULink 1G Module,Switch 3 - FRULink Slot 1 - FRULink Module,C3KX-NM-1G,FDO17152CZU,V01
GH_WGS_1ST,WS-C3750X-48P,2,WS-C3750X-48P-S,FDO1947F1ED,V07
GH_WGS_1ST,FRU Power Supply,Switch 3 - Power Supply 0,C3KX-PWR-1100WAC,LIT15021KMB,V01L
GH_WGS_1ST,FRU Power Supply,Switch 1 - Power Supply 0,C3KX-PWR-1100WAC,LIT17050TT7,V02L
GH_WGS_1ST,FRU Power Supply,Switch 1 - Power Supply 1,C3KX-PWR-1100WAC,LIT1708016K,V02L
GH_WGS_1ST,FRU Power Supply,Switch 3 - Power Supply 1,C3KX-PWR-1100WAC,LIT1708017C,V02L
GH_WGS_1ST,FRU Power Supply,Switch 2 - Power Supply 0,C3KX-PWR-715WAC,LIT192320QP,V02L
GH_WGS_2ND_1,1000BaseSX SFP,GigabitEthernet1/1/1,Unspecified,AGM1539L7YU,none
GH_WGS_2ND_1,FRULink 1G Module,Switch 1 - FRULink Slot 1 - FRULink Module,C3KX-NM-1G,FDO15380QL5,V01
GH_WGS_2ND_1,FRULink 1G Module,Switch 3 - FRULink Slot 1 - FRULink Module,C3KX-NM-1G,FDO15380X23,V01
GH_WGS_2ND_1,WS-C3750X-48P,1,WS-C3750X-48PF-S,FDO1538K1S9,V02
GH_WGS_2ND_1,WS-C3750X-48P,2,WS-C3750X-48PF-S,FDO1539V0H1,V02
GH_WGS_2ND_1,WS-C3750X-48P,3,WS-C3750X-48PF-S,FDO1539Z0F1,V02
GH_WGS_2ND_1,1000BaseSX SFP,GigabitEthernet3/1/1,Unspecified,FNS153413ZY,none
GH_WGS_2ND_1,FRU Power Supply,Switch 2 - Power Supply 0,C3KX-PWR-1100WAC,LIT15341REK,V02
GH_WGS_2ND_1,FRU Power Supply,Switch 1 - Power Supply 0,C3KX-PWR-1100WAC,LIT15341REV,V02
GH_WGS_2ND_1,FRU Power Supply,Switch 3 - Power Supply 0,C3KX-PWR-1100WAC,LIT15341RKN,V02
GH_WGS_3RD,1000BaseSX SFP,GigabitEthernet2/1/1,Unspecified,AGS091005MV,none
GH_WGS_3RD,1000BaseSX SFP,GigabitEthernet1/1/1,Unspecified,AGS09445BAA,none
GH_WGS_3RD,WS-C3750X-48P,2,WS-C3750X-48PF-S,FDO1721R2Q4,V05
GH_WGS_3RD,WS-C3750X-48P,1,WS-C3750X-48PF-S,FDO1721R2U3,V05
GH_WGS_3RD,FRULink 1G Module,Switch 2 - FRULink Slot 1 - FRULink Module,C3KX-NM-1G,FDO18120FXV,V01
GH_WGS_3RD,FRULink 1G Module,Switch 1 - FRULink Slot 1 - FRULink Module,C3KX-NM-1G,FDO18121FS7,V01
GH_WGS_3RD,FRU Power Supply,Switch 1 - Power Supply 1,C3KX-PWR-1100WAC,LIT17180YQ5,V02L
GH_WGS_3RD,FRU Power Supply,Switch 2 - Power Supply 0,C3KX-PWR-1100WAC,LIT171810U9,V02L
GH_WGS_3RD,FRU Power Supply,Switch 1 - Power Supply 0,C3KX-PWR-1100WAC,LIT171810Z5,V02L
GH_WGS_3RD,FRU Power Supply,Switch 2 - Power Supply 1,C3KX-PWR-1100WAC,LIT1718121G,V02L
GH_WGS_4TH,1000BaseSX SFP,GigabitEthernet3/1/1,Unspecified,AGS091004K0,none
GH_WGS_4TH,WS-C3750X-48P,1,WS-C3750X-48PF-S,FDO1704Z0U2,V04
GH_WGS_4TH,FRULink 1G Module,Switch 1 - FRULink Slot 1 - FRULink Module,C3KX-NM-1G,FDO17152CAZ,V01
GH_WGS_4TH,WS-C3750X-48P,2,WS-C3750X-48PF-S,FDO1721R2MY,V05
GH_WGS_4TH,WS-C3750X-48P,3,WS-C3750X-48PF-S,FDO1750R2AY,V05
GH_WGS_4TH,FRULink 1G Module,Switch 3 - FRULink Slot 1 - FRULink Module,C3KX-NM-1G,FDO18040J8W,V01
GH_WGS_4TH,FRULink 1G Module,Switch 2 - FRULink Slot 1 - FRULink Module,C3KX-NM-1G,FDO18121EV0,V01
GH_WGS_4TH,1000BaseSX SFP,GigabitEthernet1/1/1,Unspecified,FNS132910QV,none
GH_WGS_4TH,FRU Power Supply,Switch 1 - Power Supply 0,C3KX-PWR-1100WAC,LIT17040PJ3,V02L
GH_WGS_4TH,FRU Power Supply,Switch 1 - Power Supply 1,C3KX-PWR-1100WAC,LIT1708016P,V02L
GH_WGS_4TH,FRU Power Supply,Switch 2 - Power Supply 1,C3KX-PWR-1100WAC,LIT171810X7,V02L
GH_WGS_4TH,FRU Power Supply,Switch 2 - Power Supply 0,C3KX-PWR-1100WAC,LIT171812S3,V02L
GH_WGS_4TH,FRU Power Supply,Switch 3 - Power Supply 0,C3KX-PWR-1100WAC,LIT172010U7,V02L
GH_WGS_4TH,FRU Power Supply,Switch 3 - Power Supply 1,C3KX-PWR-1100WAC,LIT1720121J,V02L
GH_WGS_5TH,1000BaseSX SFP,GigabitEthernet2/1/1,Unspecified,AGS091005MW,none
GH_WGS_5TH,1000BaseSX SFP,GigabitEthernet1/1/1,Unspecified,AGS091005N3,none
GH_WGS_5TH,WS-C3750X-48P,2,WS-C3750X-48PF-S,FDO1704R0ZZ,V04
GH_WGS_5TH,FRULink 1G Module,Switch 2 - FRULink Slot 1 - FRULink Module,C3KX-NM-1G,FDO17152CAT,V01
GH_WGS_5TH,WS-C3750X-48P,1,WS-C3750X-48PF-S,FDO1750R29Y,V05
GH_WGS_5TH,FRULink 1G Module,Switch 1 - FRULink Slot 1 - FRULink Module,C3KX-NM-1G,FDO180404BH,V01
GH_WGS_5TH,FRU Power Supply,Switch 2 - Power Supply 0,C3KX-PWR-1100WAC,LIT17040PBD,V02L
GH_WGS_5TH,FRU Power Supply,Switch 2 - Power Supply 1,C3KX-PWR-1100WAC,LIT17080128,V02L
GH_WGS_5TH,FRU Power Supply,Switch 1 - Power Supply 1,C3KX-PWR-1100WAC,LIT172011KM,V02L
GH_WGS_5TH,FRU Power Supply,Switch 1 - Power Supply 0,C3KX-PWR-1100WAC,LIT172011L4,V02L
GH_WGS_GROUND,1000BaseSX SFP,GigabitEthernet1/1/1,,AGS091005NQ,none
GH_WGS_GROUND,Switch 2 - Power Supply A,Switch 2 - Power Supply A,PWR-C2-640WAC,DCB1919B0QB,V02
GH_WGS_GROUND,WS-C3650-48PS,Switch 2,WS-C3650-48PS,FDO1934E3NA,V03
GH_WGS_GROUND,WS-C3650-48PS,Switch 3,WS-C3650-48PS,FDO1945Q1BQ,V03
GH_WGS_GROUND,WS-C3650-48PS,Switch 1,WS-C3650-48PS,FDO1948E0P9,V03
GH_WGS_GROUND,c36xx Stack,c36xx Stack,WS-C3650-48PS,FDO1948E0P9,V03
GH_WGS_GROUND,1000BaseSX SFP,GigabitEthernet3/1/1,,FNS10401HNP,none
GH_WGS_GROUND,Switch 3 - Power Supply B,Switch 3 - Power Supply B,PWR-C2-640WAC,LIT19350G65,V02
GH_WGS_GROUND,Switch 1 - Power Supply A,Switch 1 - Power Supply A,PWR-C2-640WAC,LIT1944016R,V02
GH_WGS_GROUND,Switch 2 - Power Supply B,Switch 2 - Power Supply B,PWR-C2-640WAC,LIT194401D4,V02
GH_WGS_GROUND,Switch 3 - Power Supply A,Switch 3 - Power Supply A,PWR-C2-640WAC,LIT194709QT,V02
GH_WGS_GROUND,Switch 1 - Power Supply B,Switch 1 - Power Supply B,PWR-C2-640WAC,LIT195102DX,V02
LAB-SAN-SW1,2/4/8/16 Gbps FC/Supervisor,Slot 1,DS-C9148S-K9-SUP,JAE211802ZP,V02
LAB-SAN-SW1,MDS 9148S 16G 48 FC (1 Slot) Chassis ,Chassis,DS-C9148S-K9,JPG211800ME,V02
LAB-SAN-SW1,MDS 9148S 16G 48 FC (1 Slot) Chassis Power Supply,Slot 3,DS-C48S-300AC,QCS21122NL1,V00
LAB-SAN-SW1,MDS 9148S 16G 48 FC (1 Slot) Chassis Power Supply,Slot 2,DS-C48S-300AC,QCS21122NX5,V00
LAB-SAN-SW1,MDS 9148S 16G 48 FC (1 Slot) Chassis Fan Module,Slot 4,,none,V00
LAB-SAN-SW1,MDS 9148S 16G 48 FC (1 Slot) Chassis Fan Module,Slot 5,,none,V00
LAB-SAN-SW1,MDS 9148S 16G 48 FC (1 Slot) Chassis Fan Module,Slot 6,,none,V00
LAB-SAN-SW1,MDS 9148S 16G 48 FC (1 Slot) Chassis Fan Module,Slot 7,,none,V00
LAB-SAN-SW2,2/4/8/16 Gbps FC/Supervisor,Slot 1,DS-C9148S-K9-SUP,JAE211802Y5,V02
LAB-SAN-SW2,MDS 9148S 16G 48 FC (1 Slot) Chassis ,Chassis,DS-C9148S-K9,JPG211800MH,V02
LAB-SAN-SW2,MDS 9148S 16G 48 FC (1 Slot) Chassis Power Supply,Slot 3,DS-C48S-300AC,QCS21042N61,V00
LAB-SAN-SW2,MDS 9148S 16G 48 FC (1 Slot) Chassis Power Supply,Slot 2,DS-C48S-300AC,QCS21082PJ1,V00
LAB-SAN-SW2,MDS 9148S 16G 48 FC (1 Slot) Chassis Fan Module,Slot 4,,none,V00
LAB-SAN-SW2,MDS 9148S 16G 48 FC (1 Slot) Chassis Fan Module,Slot 5,,none,V00
LAB-SAN-SW2,MDS 9148S 16G 48 FC (1 Slot) Chassis Fan Module,Slot 6,,none,V00
LAB-SAN-SW2,MDS 9148S 16G 48 FC (1 Slot) Chassis Fan Module,Slot 7,,none,V00
LD6-SAN-SW1,2/4/8/16 Gbps FC/Supervisor,Slot 1,DS-C9148S-K9-SUP,JAE211903RF,V02
LD6-SAN-SW1,MDS 9148S 16G 48 FC (1 Slot) Chassis ,Chassis,DS-C9148S-K9,JPG211900RE,V02
LD6-SAN-SW1,MDS 9148S 16G 48 FC (1 Slot) Chassis Power Supply,Slot 2,DS-C48S-300AC,QCS21122N8X,V00
LD6-SAN-SW1,MDS 9148S 16G 48 FC (1 Slot) Chassis Power Supply,Slot 3,DS-C48S-300AC,QCS21122N9P,V00
LD6-SAN-SW1,MDS 9148S 16G 48 FC (1 Slot) Chassis Fan Module,Slot 4,,none,V00
LD6-SAN-SW1,MDS 9148S 16G 48 FC (1 Slot) Chassis Fan Module,Slot 5,,none,V00
LD6-SAN-SW1,MDS 9148S 16G 48 FC (1 Slot) Chassis Fan Module,Slot 6,,none,V00
LD6-SAN-SW1,MDS 9148S 16G 48 FC (1 Slot) Chassis Fan Module,Slot 7,,none,V00
LD6-SAN-SW2,2/4/8/16 Gbps FC/Supervisor,Slot 1,DS-C9148S-K9-SUP,JAE2118031W,V02
LD6-SAN-SW2,MDS 9148S 16G 48 FC (1 Slot) Chassis ,Chassis,DS-C9148S-K9,JPG211800GH,V02
LD6-SAN-SW2,MDS 9148S 16G 48 FC (1 Slot) Chassis Power Supply,Slot 2,DS-C48S-300AC,QCS21122N2M,V00
LD6-SAN-SW2,MDS 9148S 16G 48 FC (1 Slot) Chassis Power Supply,Slot 3,DS-C48S-300AC,QCS21122NW7,V00
LD6-SAN-SW2,MDS 9148S 16G 48 FC (1 Slot) Chassis Fan Module,Slot 4,,none,V00
LD6-SAN-SW2,MDS 9148S 16G 48 FC (1 Slot) Chassis Fan Module,Slot 5,,none,V00
LD6-SAN-SW2,MDS 9148S 16G 48 FC (1 Slot) Chassis Fan Module,Slot 6,,none,V00
LD6-SAN-SW2,MDS 9148S 16G 48 FC (1 Slot) Chassis Fan Module,Slot 7,,none,V00
LSJ_F2C1_SW1,1000BaseSX SFP,GigabitEthernet1/1/1,SFP-GE-S,AGM1628P06F,V01
LSJ_F2C1_SW1,WS-C3750X-48P,3,WS-C3750X-48PF-S,FDO1508R0F6,V02
LSJ_F2C1_SW1,WS-C3750X-48P,2,WS-C3750X-48PF-S,FDO1508Z0DV,V02
LSJ_F2C1_SW1,WS-C3750X-48P,1,WS-C3750X-48PF-S,FDO1508Z0EV,V02
LSJ_F2C1_SW1,FRULink 1G Module,Switch 1 - FRULink Slot 1 - FRULink Module,C3KX-NM-1G,FDO15100KUK,V01
LSJ_F2C1_SW1,FRULink 1G Module,Switch 2 - FRULink Slot 1 - FRULink Module,C3KX-NM-1G,FDO151012PT,V01
LSJ_F2C1_SW1,FRULink 1G Module,Switch 3 - FRULink Slot 1 - FRULink Module,C3KX-NM-1G,FDO151012PX,V01
LSJ_F2C1_SW1,1000BaseSX SFP,GigabitEthernet3/1/1,Unspecified,FNS150519Y8,none
LSJ_F2C1_SW1,FRU Power Supply,Switch 3 - Power Supply 0,C3KX-PWR-1100WAC,LIT144707B5,V01L
LSJ_F2C1_SW1,FRU Power Supply,Switch 1 - Power Supply 0,C3KX-PWR-1100WAC,LIT144707DJ,V01L
LSJ_F2C1_SW1,FRU Power Supply,Switch 2 - Power Supply 0,C3KX-PWR-1100WAC,LIT144707KX,V01L
LSJ_F2C1_SW1,FRU Power Supply,Switch 2 - Power Supply 1,C3KX-PWR-1100WAC,LIT15100VSF,V01L
LSJ_F2C1_SW1,FRU Power Supply,Switch 1 - Power Supply 1,C3KX-PWR-1100WAC,LIT15100VSH,V01L
LSJ_F2C1_SW1,FRU Power Supply,Switch 3 - Power Supply 1,C3KX-PWR-1100WAC,LIT15100W6C,V01L
LSJ_F2C1_SW2,1000BaseSX SFP,GigabitEthernet1/0/49,Unspecified,AGM1532L36G,none
LSJ_F2C1_SW2,1000BaseSX SFP,GigabitEthernet2/0/49,Unspecified,FNS15051AWW,none
LSJ_F2C1_SW2,1000BaseSX SFP,GigabitEthernet2/0/50,GLC-SX-MMD,FNS16431KYH,V01
LSJ_F2C1_SW2,WS-C3750G-48PS,1,WS-C3750G-48PS-S,FOC1030Y3Z5,V04
LSJ_F2C1_SW2,WS-C3750G-48PS,2,WS-C3750G-48PS-S,FOC1030Y3ZX,V04
LSJ_F3AL_POD,1000BaseSX SFP,Gi1/1/4,GLC-SX-MMD,AGJ1817R3UH,V01
LSJ_F3AL_POD,Switch 1 - Power Supply A,Switch 1 - Power Supply A,PWR-C2-640WAC,DCB1846B0K6,V01
LSJ_F3AL_POD,StackAdapter1/1,StackAdapter1/1,C3650-STACK,FDO184907YL,V01
LSJ_F3AL_POD,StackAdapter1/2,StackAdapter1/2,C3650-STACK,FDO184909BQ,V01
LSJ_F3AL_POD,WS-C3650-48PS-S,Switch 1,WS-C3650-48PS-S,FDO1902E18T,V01
LSJ_F3AL_POD,c36xx Stack,c36xx Stack,WS-C3650-48PS-S,FDO1902E18T,V01
LSJ_F3AL_POD,10/100/1000BaseTX SFP,Gi1/1/1,SFP-GE-T,MTC18470E21,V02
LSJ_F3AL_RETAIL,SFP-10GBase-SR,Te2/1/3,,AVD2027A5LJ,none
LSJ_F3AL_RETAIL,SFP-10GBase-SR,Te1/1/3,,AVD2027A5M9,none
LSJ_F3AL_RETAIL,Switch 2 - Power Supply A,Switch 2 - Power Supply A,PWR-C2-640WAC,DCB2216B0TF,V03
LSJ_F3AL_RETAIL,Switch 1 - Power Supply A,Switch 1 - Power Supply A,PWR-C2-640WAC,DCB2216B0WA,V03
LSJ_F3AL_RETAIL,Switch 1 - Power Supply B,Switch 1 - Power Supply B,PWR-C2-640WAC,DCB2216B0WL,V03
LSJ_F3AL_RETAIL,Switch 2 - Power Supply B,Switch 2 - Power Supply B,PWR-C2-640WAC,DCB2216B0XA,V03
LSJ_F3AL_RETAIL,StackAdapter1/1,StackAdapter1/1,C3650-STACK,FDO221512GK,V01
LSJ_F3AL_RETAIL,StackAdapter2/2,StackAdapter2/2,C3650-STACK,FDO221514YY,V01
LSJ_F3AL_RETAIL,StackAdapter2/1,StackAdapter2/1,C3650-STACK,FDO221515W7,V01
LSJ_F3AL_RETAIL,StackAdapter1/2,StackAdapter1/2,C3650-STACK,FDO221515Y1,V01
LSJ_F3AL_RETAIL,WS-C3650-48PD-S,Switch 2,WS-C3650-48PD-S,FDO2225E14C,V05
LSJ_F3AL_RETAIL,WS-C3650-48PD-S,Switch 1,WS-C3650-48PD-S,FDO2225Q0UB,V05
LSJ_F3AL_RETAIL,c36xx Stack,c36xx Stack,WS-C3650-48PD-S,FDO2225Q0UB,V05
LSJ_F3AL_RETAIL,StackPort1/1,StackPort1/1,STACK-T2-50CM,LCC2216G2F6,V03
LSJ_F3AL_RETAIL,StackPort2/2,StackPort2/2,STACK-T2-50CM,LCC2216G2F6,V03
LSJ_F3AL_RETAIL,StackPort1/2,StackPort1/2,STACK-T2-50CM,LCC2216G2FN,V03
LSJ_F3AL_RETAIL,StackPort2/1,StackPort2/1,STACK-T2-50CM,LCC2216G2FN,V03
LSJ_F3AL_SW1,1000BaseSX SFP,Gi4/1/2,GLC-SX-MMD,AGA1737RLAH,V01
LSJ_F3AL_SW1,Switch 3 - Power Supply B,Switch 3 - Power Supply B,PWR-C2-640WAC,DCB2123B2DK,V03
LSJ_F3AL_SW1,Switch 2 - Power Supply B,Switch 2 - Power Supply B,PWR-C2-640WAC,DCB2127B3ZL,V03
LSJ_F3AL_SW1,Switch 1 - Power Supply B,Switch 1 - Power Supply B,PWR-C2-640WAC,DCB2127B41F,V03
LSJ_F3AL_SW1,Switch 5 - Power Supply A,Switch 5 - Power Supply A,PWR-C2-640WAC,DCB2131B2TL,V03
LSJ_F3AL_SW1,StackAdapter3/1,StackAdapter3/1,C3650-STACK,FDO20491A0H,V01
LSJ_F3AL_SW1,StackAdapter4/1,StackAdapter4/1,C3650-STACK,FDO205101GQ,V01
LSJ_F3AL_SW1,StackAdapter3/2,StackAdapter3/2,C3650-STACK,FDO205101XM,V01
LSJ_F3AL_SW1,StackAdapter4/2,StackAdapter4/2,C3650-STACK,FDO205102JV,V01
LSJ_F3AL_SW1,StackAdapter1/1,StackAdapter1/1,C3650-STACK,FDO205103WT,V01
LSJ_F3AL_SW1,StackAdapter1/2,StackAdapter1/2,C3650-STACK,FDO2051048D,V01
LSJ_F3AL_SW1,WS-C3650-48PD-S,Switch 4,WS-C3650-48PD-S,FDO2130E1SW,V05
LSJ_F3AL_SW1,c36xx Stack,c36xx Stack,WS-C3650-48PD-S,FDO2130E1SW,V05
LSJ_F3AL_SW1,WS-C3650-48PD-S,Switch 1,WS-C3650-48PD-S,FDO2130E1T0,V05
LSJ_F3AL_SW1,WS-C3650-48PD-S,Switch 2,WS-C3650-48PD-S,FDO2130Q1L2,V05
LSJ_F3AL_SW1,WS-C3650-48PD-S,Switch 3,WS-C3650-48PD-S,FDO2131V0E0,V05
LSJ_F3AL_SW1,StackAdapter2/2,StackAdapter2/2,C3650-STACK,FDO21321UGX,V01
LSJ_F3AL_SW1,StackAdapter2/1,StackAdapter2/1,C3650-STACK,FDO21321UJ0,V01
LSJ_F3AL_SW1,WS-C3650-48PD-S,Switch 5,WS-C3650-48PD-S,FDO2132E1XE,V05
LSJ_F3AL_SW1,StackAdapter5/1,StackAdapter5/1,C3650-STACK,FDO213311FN,V01
LSJ_F3AL_SW1,StackAdapter5/2,StackAdapter5/2,C3650-STACK,FDO2133134C,V01
LSJ_F3AL_SW1,SFP-10GBase-SR,Te1/1/3,SFP-10G-SR,FNS19480045,V03
LSJ_F3AL_SW1,SFP-10GBase-SR,Te5/1/3,SFP-10G-SR,FNS19480239,V03
LSJ_F3AL_SW1,StackPort4/1,StackPort4/1,STACK-T2-50CM,LCC2036G460,V03
LSJ_F3AL_SW1,StackPort5/2,StackPort5/2,STACK-T2-50CM,LCC2036G460,V03
LSJ_F3AL_SW1,StackPort3/1,StackPort3/1,STACK-T2-50CM,LCC2036G484,V03
LSJ_F3AL_SW1,StackPort4/2,StackPort4/2,STACK-T2-50CM,LCC2036G484,V03
LSJ_F3AL_SW1,StackPort1/2,StackPort1/2,STACK-T2-1M,LCC2043GF29,V03
LSJ_F3AL_SW1,StackPort5/1,StackPort5/1,STACK-T2-1M,LCC2043GF29,V03
LSJ_F3AL_SW1,Switch 5 - Power Supply B,Switch 5 - Power Supply B,PWR-C2-640WAC,LIT20423CH7,V03
LSJ_F3AL_SW1,Switch 3 - Power Supply A,Switch 3 - Power Supply A,PWR-C2-640WAC,LIT20423CHA,V03
LSJ_F3AL_SW1,Switch 2 - Power Supply A,Switch 2 - Power Supply A,PWR-C2-640WAC,LIT213027HG,V03
LSJ_F3AL_SW1,Switch 4 - Power Supply A,Switch 4 - Power Supply A,PWR-C2-640WAC,LIT213027LT,V03
LSJ_F3AL_SW1,Switch 4 - Power Supply B,Switch 4 - Power Supply B,PWR-C2-640WAC,LIT21302JFD,V03
LSJ_F3AL_SW1,Switch 1 - Power Supply A,Switch 1 - Power Supply A,PWR-C2-640WAC,LIT21302JMD,V03
LSJ_F3AL_SW1,StackPort2/1,StackPort2/1,STACK-T2-50CM,LRM2124108Z,V03
LSJ_F3AL_SW1,StackPort3/2,StackPort3/2,STACK-T2-50CM,LRM2124108Z,V03
LSJ_F3AL_SW1,StackPort1/1,StackPort1/1,STACK-T2-50CM,LRM2124R0LJ,V03
LSJ_F3AL_SW1,StackPort2/2,StackPort2/2,STACK-T2-50CM,LRM2124R0LJ,V03
LSJ_F3AL_SW1,10/100/1000BaseTX SFP,Gi2/1/2,,MTC173107Y7,none
LSJ_F3C1_SW1,StackAdapter4/1,StackAdapter4/1,C3650-STACK,FDO21400FA3,V01
LSJ_F3C1_SW1,StackAdapter2/2,StackAdapter2/2,C3650-STACK,FDO21410DK8,V01
LSJ_F3C1_SW1,StackAdapter2/1,StackAdapter2/1,C3650-STACK,FDO21410E8P,V01
LSJ_F3C1_SW1,StackAdapter1/1,StackAdapter1/1,C3650-STACK,FDO21411MKZ,V01
LSJ_F3C1_SW1,StackAdapter1/2,StackAdapter1/2,C3650-STACK,FDO21411MS5,V01
LSJ_F3C1_SW1,StackAdapter5/1,StackAdapter5/1,C3650-STACK,FDO21411MXK,V01
LSJ_F3C1_SW1,StackAdapter4/2,StackAdapter4/2,C3650-STACK,FDO21411N53,V01
LSJ_F3C1_SW1,StackAdapter5/2,StackAdapter5/2,C3650-STACK,FDO21411NGC,V01
LSJ_F3C1_SW1,StackAdapter3/2,StackAdapter3/2,C3650-STACK,FDO21411PDP,V01
LSJ_F3C1_SW1,StackAdapter3/1,StackAdapter3/1,C3650-STACK,FDO21411PQ9,V01
LSJ_F3C1_SW1,WS-C3650-48PD-S,Switch 4,WS-C3650-48PD-S,FDO2152E2CS,V05
LSJ_F3C1_SW1,WS-C3650-48PD-S,Switch 1,WS-C3650-48PD-S,FDO2152E2DJ,V05
LSJ_F3C1_SW1,c36xx Stack,c36xx Stack,WS-C3650-48PD-S,FDO2152E2DJ,V05
LSJ_F3C1_SW1,WS-C3650-48PD-S,Switch 5,WS-C3650-48PD-S,FDO2152E2EG,V05
LSJ_F3C1_SW1,WS-C3650-48PD-S,Switch 2,WS-C3650-48PD-S,FDO2152Q227,V05
LSJ_F3C1_SW1,WS-C3650-48PD-S,Switch 3,WS-C3650-48PD-S,FDO2152Q248,V05
LSJ_F3C1_SW1,1000BaseSX SFP,Te5/1/3,GLC-SX-MMD,FNS17100QKU,V01
LSJ_F3C1_SW1,1000BaseSX SFP,Te1/1/3,GLC-SX-MMD,FNS19130310,V01
LSJ_F3C1_SW1,StackPort1/1,StackPort1/1,STACK-T2-1M,LCC2125GHUE,V03
LSJ_F3C1_SW1,StackPort5/2,StackPort5/2,STACK-T2-1M,LCC2125GHUE,V03
LSJ_F3C1_SW1,Switch 4 - Power Supply A,Switch 4 - Power Supply A,PWR-C2-640WAC,LIT21455EGZ,V03
LSJ_F3C1_SW1,Switch 2 - Power Supply A,Switch 2 - Power Supply A,PWR-C2-640WAC,LIT21455EJT,V03
LSJ_F3C1_SW1,Switch 1 - Power Supply A,Switch 1 - Power Supply A,PWR-C2-640WAC,LIT21455EK2,V03
LSJ_F3C1_SW1,Switch 3 - Power Supply A,Switch 3 - Power Supply A,PWR-C2-640WAC,LIT21455EKC,V03
LSJ_F3C1_SW1,Switch 5 - Power Supply A,Switch 5 - Power Supply A,PWR-C2-640WAC,LIT21455EKL,V03
LSJ_F3C1_SW1,Switch 1 - Power Supply B,Switch 1 - Power Supply B,PWR-C2-640WAC,LIT21455ELF,V03
LSJ_F3C1_SW1,Switch 3 - Power Supply B,Switch 3 - Power Supply B,PWR-C2-640WAC,LIT21455ELJ,V03
LSJ_F3C1_SW1,Switch 5 - Power Supply B,Switch 5 - Power Supply B,PWR-C2-640WAC,LIT21455EN2,V03
LSJ_F3C1_SW1,Switch 2 - Power Supply B,Switch 2 - Power Supply B,PWR-C2-640WAC,LIT21455EQ7,V03
LSJ_F3C1_SW1,Switch 4 - Power Supply B,Switch 4 - Power Supply B,PWR-C2-640WAC,LIT21455EQE,V03
LSJ_F3C1_SW1,StackPort1/2,StackPort1/2,STACK-T2-50CM,LRM214211DZ,V03
LSJ_F3C1_SW1,StackPort2/1,StackPort2/1,STACK-T2-50CM,LRM214211DZ,V03
LSJ_F3C1_SW1,StackPort2/2,StackPort2/2,STACK-T2-50CM,LRM214211H5,V03
LSJ_F3C1_SW1,StackPort3/1,StackPort3/1,STACK-T2-50CM,LRM214211H5,V03
LSJ_F3C1_SW1,StackPort4/2,StackPort4/2,STACK-T2-50CM,LRM214211KU,V03
LSJ_F3C1_SW1,StackPort5/1,StackPort5/1,STACK-T2-50CM,LRM214211KU,V03
LSJ_F3C1_SW1,StackPort3/2,StackPort3/2,STACK-T2-50CM,LRM214211Q6,V03
LSJ_F3C1_SW1,StackPort4/1,StackPort4/1,STACK-T2-50CM,LRM214211Q6,V03
LSJ_F3C1_SW2,1000BaseSX SFP,Te5/1/3,GLC-SX-MMD,ACW22280F9H,V01
LSJ_F3C1_SW2,1000BaseSX SFP,Te1/1/3,GLC-SX-MMD,ACW22280F9M,V01
LSJ_F3C1_SW2,StackAdapter1/1,StackAdapter1/1,C3650-STACK,FDO21410D5B,V01
LSJ_F3C1_SW2,StackAdapter4/2,StackAdapter4/2,C3650-STACK,FDO21410DVJ,V01
LSJ_F3C1_SW2,StackAdapter3/1,StackAdapter3/1,C3650-STACK,FDO21411MKA,V01
LSJ_F3C1_SW2,StackAdapter2/2,StackAdapter2/2,C3650-STACK,FDO21411MS3,V01
LSJ_F3C1_SW2,StackAdapter3/2,StackAdapter3/2,C3650-STACK,FDO21411N35,V01
LSJ_F3C1_SW2,StackAdapter4/1,StackAdapter4/1,C3650-STACK,FDO21411NBH,V01
LSJ_F3C1_SW2,StackAdapter1/2,StackAdapter1/2,C3650-STACK,FDO21411NBK,V01
LSJ_F3C1_SW2,StackAdapter2/1,StackAdapter2/1,C3650-STACK,FDO21411PQH,V01
LSJ_F3C1_SW2,StackAdapter5/2,StackAdapter5/2,C3650-STACK,FDO21442FDE,V01
LSJ_F3C1_SW2,StackAdapter5/1,StackAdapter5/1,C3650-STACK,FDO21450U3L,V01
LSJ_F3C1_SW2,WS-C3650-48PD-S,Switch 2,WS-C3650-48PD-S,FDO2152E2DX,V05
LSJ_F3C1_SW2,WS-C3650-48PD-S,Switch 4,WS-C3650-48PD-S,FDO2152Q21Q,V05
LSJ_F3C1_SW2,WS-C3650-48PD-S,Switch 1,WS-C3650-48PD-S,FDO2152Q22M,V05
LSJ_F3C1_SW2,c36xx Stack,c36xx Stack,WS-C3650-48PD-S,FDO2152Q22M,V05
LSJ_F3C1_SW2,WS-C3650-48PD-S,Switch 3,WS-C3650-48PD-S,FDO2152Q23R,V05
LSJ_F3C1_SW2,WS-C3650-48PD-S,Switch 5,WS-C3650-48PD-S,FDO2152Q23X,V05
LSJ_F3C1_SW2,StackPort1/1,StackPort1/1,STACK-T2-1M,LCC2125GHTQ,V03
LSJ_F3C1_SW2,StackPort5/2,StackPort5/2,STACK-T2-1M,LCC2125GHTQ,V03
LSJ_F3C1_SW2,Switch 2 - Power Supply B,Switch 2 - Power Supply B,PWR-C2-640WAC,LIT214557MS,V03
LSJ_F3C1_SW2,Switch 1 - Power Supply B,Switch 1 - Power Supply B,PWR-C2-640WAC,LIT214557N5,V03
LSJ_F3C1_SW2,Switch 4 - Power Supply B,Switch 4 - Power Supply B,PWR-C2-640WAC,LIT21455CDC,V03
LSJ_F3C1_SW2,Switch 3 - Power Supply B,Switch 3 - Power Supply B,PWR-C2-640WAC,LIT21455CGH,V03
LSJ_F3C1_SW2,Switch 1 - Power Supply A,Switch 1 - Power Supply A,PWR-C2-640WAC,LIT21455CRF,V03
LSJ_F3C1_SW2,Switch 3 - Power Supply A,Switch 3 - Power Supply A,PWR-C2-640WAC,LIT21455CSF,V03
LSJ_F3C1_SW2,Switch 2 - Power Supply A,Switch 2 - Power Supply A,PWR-C2-640WAC,LIT21455DVT,V03
LSJ_F3C1_SW2,Switch 4 - Power Supply A,Switch 4 - Power Supply A,PWR-C2-640WAC,LIT21455E9A,V03
LSJ_F3C1_SW2,Switch 5 - Power Supply B,Switch 5 - Power Supply B,PWR-C2-640WAC,LIT21455EJY,V03
LSJ_F3C1_SW2,Switch 5 - Power Supply A,Switch 5 - Power Supply A,PWR-C2-640WAC,LIT21455EQ9,V03
LSJ_F3C1_SW2,StackPort1/2,StackPort1/2,STACK-T2-50CM,LRM214211AG,V03
LSJ_F3C1_SW2,StackPort2/1,StackPort2/1,STACK-T2-50CM,LRM214211AG,V03
LSJ_F3C1_SW2,StackPort2/2,StackPort2/2,STACK-T2-50CM,LRM214211LJ,V03
LSJ_F3C1_SW2,StackPort3/1,StackPort3/1,STACK-T2-50CM,LRM214211LJ,V03
LSJ_F3C1_SW2,StackPort4/2,StackPort4/2,STACK-T2-50CM,LRM214211ND,V03
LSJ_F3C1_SW2,StackPort5/1,StackPort5/1,STACK-T2-50CM,LRM214211ND,V03
LSJ_F3C1_SW2,StackPort3/2,StackPort3/2,STACK-T2-50CM,LRM214211NK,V03
LSJ_F3C1_SW2,StackPort4/1,StackPort4/1,STACK-T2-50CM,LRM214211NK,V03
LSJ_F4AL_SW1,FRULink 1G Module,Switch 1 - FRULink Slot 1 - FRULink Module,C3KX-NM-1G,FDO16330F1L,V01
LSJ_F4AL_SW1,FRULink 1G Module,Switch 3 - FRULink Slot 1 - FRULink Module,C3KX-NM-1G,FDO16340XD0,V01
LSJ_F4AL_SW1,WS-C3750X-48P,3,WS-C3750X-48PF-S,FDO1636R1EA,V03
LSJ_F4AL_SW1,WS-C3750X-48P,1,WS-C3750X-48PF-S,FDO1636R1F9,V03
LSJ_F4AL_SW1,WS-C3750X-48P,2,WS-C3750X-48PF-S,FDO1636Z1EM,V03
LSJ_F4AL_SW1,1000BaseSX SFP,GigabitEthernet1/1/2,GLC-SX-MMD,FNS164201JG,V01
LSJ_F4AL_SW1,1000BaseSX SFP,GigabitEthernet3/1/2,GLC-SX-MMD,FNS164203W8,V01
LSJ_F4AL_SW1,FRU Power Supply,Switch 3 - Power Supply 1,C3KX-PWR-1100WAC,LIT16290NZ8,V02L
LSJ_F4AL_SW1,FRU Power Supply,Switch 2 - Power Supply 1,C3KX-PWR-1100WAC,LIT16290P09,V02L
LSJ_F4AL_SW1,FRU Power Supply,Switch 1 - Power Supply 1,C3KX-PWR-1100WAC,LIT16290Q2R,V02L
LSJ_F4AL_SW1,FRU Power Supply,Switch 3 - Power Supply 0,C3KX-PWR-1100WAC,LIT16290Q3C,V02L
LSJ_F4AL_SW1,FRU Power Supply,Switch 2 - Power Supply 0,C3KX-PWR-1100WAC,LIT16290Q3E,V02L
LSJ_F4AL_SW1,FRU Power Supply,Switch 1 - Power Supply 0,C3KX-PWR-1100WAC,LIT16290Q8T,V02L
LSJ_F4C1_SW1,SFP-10GBase-SR,TenGigabitEthernet1/1/3,SFP-10G-SR,AVD1932ACBS,V03
LSJ_F4C1_SW1,SFP-10GBase-SR,TenGigabitEthernet6/1/3,SFP-10G-SR,AVD1932ACC5,V03
LSJ_F4C1_SW1,Switch 3 - Power Supply A,Switch 3 - Power Supply A,PWR-C2-640WAC,DCB2043B6KJ,V03
LSJ_F4C1_SW1,Switch 1 - Power Supply A,Switch 1 - Power Supply A,PWR-C2-640WAC,DCB2043B6NK,V03
LSJ_F4C1_SW1,Switch 2 - Power Supply A,Switch 2 - Power Supply A,PWR-C2-640WAC,DCB2043B74K,V03
LSJ_F4C1_SW1,Switch 6 - Power Supply A,Switch 6 - Power Supply A,PWR-C2-640WAC,DCB2047B4BX,V03
LSJ_F4C1_SW1,Switch 5 - Power Supply A,Switch 5 - Power Supply A,PWR-C2-640WAC,DCB2052B3P1,V03
LSJ_F4C1_SW1,WS-C3650-48PD-S,Switch 1,WS-C3650-48PD-S,FDO2041E1AT,V04
LSJ_F4C1_SW1,c36xx Stack,c36xx Stack,WS-C3650-48PD,FDO2041E1AT,V04
LSJ_F4C1_SW1,WS-C3650-48PD-S,Switch 4,WS-C3650-48PD-S,FDO2041E1B3,V04
LSJ_F4C1_SW1,WS-C3650-48PD-S,Switch 3,WS-C3650-48PD-S,FDO2042E2UC,V04
LSJ_F4C1_SW1,WS-C3650-48PD-S,Switch 2,WS-C3650-48PD-S,FDO2042E2UD,V04
LSJ_F4C1_SW1,WS-C3650-48PD-S,Switch 6,WS-C3650-48PD-S,FDO2043E1RN,V04
LSJ_F4C1_SW1,WS-C3650-48PD-S,Switch 5,WS-C3650-48PD-S,FDO2108E2AW,V05
LSJ_F4C1_SW1,WS-C3650-48PD-S,Switch 7,WS-C3650-48PD-S,FDO2152E2D5,V05
LSJ_F4C1_SW1,Switch 4 - Power Supply A,Switch 4 - Power Supply A,PWR-C2-640WAC,LIT20290MWJ,V03
LSJ_F4C1_SW1,Switch 7 - Power Supply A,Switch 7 - Power Supply A,PWR-C2-640WAC,LIT21455EK5,V03
LSJ_F5C1_SW1,SFP-10GBase-SR,Te3/1/3,SFP-10G-SR,AVD223399WR,V03
LSJ_F5C1_SW1,SFP-10GBase-SR,Te1/1/3,SFP-10G-SR,AVD223399X7,V03
LSJ_F5C1_SW1,Switch 2 - Power Supply B,Switch 2 - Power Supply B,PWR-C2-640WAC,DCB2232B85A,V04
LSJ_F5C1_SW1,Switch 1 - Power Supply A,Switch 1 - Power Supply A,PWR-C2-640WAC,DCB2232B863,V04
LSJ_F5C1_SW1,Switch 1 - Power Supply B,Switch 1 - Power Supply B,PWR-C2-640WAC,DCB2232B866,V04
LSJ_F5C1_SW1,Switch 2 - Power Supply A,Switch 2 - Power Supply A,PWR-C2-640WAC,DCB2232B86A,V04
LSJ_F5C1_SW1,StackAdapter3/2,StackAdapter3/2,C3650-STACK,FDO21411N6V,V01
LSJ_F5C1_SW1,StackAdapter3/1,StackAdapter3/1,C3650-STACK,FDO21411Q6J,V01
LSJ_F5C1_SW1,StackAdapter4/1,StackAdapter4/1,C3650-STACK,FDO21442BZG,V01
LSJ_F5C1_SW1,StackAdapter4/2,StackAdapter4/2,C3650-STACK,FDO21442DLL,V01
LSJ_F5C1_SW1,WS-C3650-48PD-S,Switch 4,WS-C3650-48PD-S,FDO2152Q23Q,V05
LSJ_F5C1_SW1,WS-C3650-48PD-S,Switch 3,WS-C3650-48PD-S,FDO2152Q23U,V05
LSJ_F5C1_SW1,WS-C3650-48PD-S,Switch 2,WS-C3650-48PD-S,FDO2230Q0RY,V05
LSJ_F5C1_SW1,StackAdapter1/1,StackAdapter1/1,C3650-STACK,FDO22310PWU,V01
LSJ_F5C1_SW1,StackAdapter2/2,StackAdapter2/2,C3650-STACK,FDO22310Q18,V01
LSJ_F5C1_SW1,StackAdapter2/1,StackAdapter2/1,C3650-STACK,FDO22310QAY,V01
LSJ_F5C1_SW1,StackAdapter1/2,StackAdapter1/2,C3650-STACK,FDO22310QEQ,V01
LSJ_F5C1_SW1,WS-C3650-48PD-S,Switch 1,WS-C3650-48PD-S,FDO2232E152,V05
LSJ_F5C1_SW1,c36xx Stack,c36xx Stack,WS-C3650-48PD-S,FDO2232E152,V05
LSJ_F5C1_SW1,StackPort1/1,StackPort1/1,STACK-T2-1M,LCC2208G2W9,V03
LSJ_F5C1_SW1,StackPort4/2,StackPort4/2,STACK-T2-1M,LCC2208G2W9,V03
LSJ_F5C1_SW1,StackPort2/2,StackPort2/2,STACK-T2-50CM,LCC2226H95E,V03
LSJ_F5C1_SW1,StackPort3/1,StackPort3/1,STACK-T2-50CM,LCC2226H95E,V03
LSJ_F5C1_SW1,StackPort1/2,StackPort1/2,STACK-T2-50CM,LCC2226H9NQ,V03
LSJ_F5C1_SW1,StackPort2/1,StackPort2/1,STACK-T2-50CM,LCC2226H9NQ,V03
LSJ_F5C1_SW1,Switch 3 - Power Supply B,Switch 3 - Power Supply B,PWR-C2-640WAC,LIT214557HC,V03
LSJ_F5C1_SW1,Switch 4 - Power Supply B,Switch 4 - Power Supply B,PWR-C2-640WAC,LIT21455CZU,V03
LSJ_F5C1_SW1,Switch 4 - Power Supply A,Switch 4 - Power Supply A,PWR-C2-640WAC,LIT21455DCY,V03
LSJ_F5C1_SW1,Switch 3 - Power Supply A,Switch 3 - Power Supply A,PWR-C2-640WAC,LIT21455EJ6,V03
LSJ_F5C1_SW1,StackPort3/2,StackPort3/2,STACK-T2-50CM,LRM214211JZ,V03
LSJ_F5C1_SW1,StackPort4/1,StackPort4/1,STACK-T2-50CM,LRM214211JZ,V03
LSJ_F6AL_SW1,Switch 1 - Power Supply B,Switch 1 - Power Supply B,PWR-C2-640WAC,DCB1921B0MY,V02
LSJ_F6AL_SW1,Switch 2 - Power Supply B,Switch 2 - Power Supply B,PWR-C2-640WAC,DCB1921B0N0,V02
LSJ_F6AL_SW1,Switch 2 - Power Supply A,Switch 2 - Power Supply A,PWR-C2-640WAC,DCB1925B1US,V02
LSJ_F6AL_SW1,Switch 1 - Power Supply A,Switch 1 - Power Supply A,PWR-C2-640WAC,DCB1925B1YJ,V02
LSJ_F6AL_SW1,Switch 3 - Power Supply B,Switch 3 - Power Supply B,PWR-C2-640WAC,DCB1925B2B4,V02
LSJ_F6AL_SW1,Switch 3 - Power Supply A,Switch 3 - Power Supply A,PWR-C2-640WAC,DCB1925B2BL,V02
LSJ_F6AL_SW1,WS-C3650-48PD,Switch 2,WS-C3650-48PD,FDO1927E0F5,V01
LSJ_F6AL_SW1,WS-C3650-48PD,Switch 1,WS-C3650-48PD,FDO1927E3H5,V01
LSJ_F6AL_SW1,c3xxx Stack,c3xxx Stack,WS-C3650-48PD,FDO1927E3H5,V01
LSJ_F6AL_SW1,WS-C3650-48PD,Switch 3,WS-C3650-48PD,FDO1951Q0GC,V03
LSJ_F6AL_SW1,SFP-10GBase-SR,TenGigabitEthernet1/1/4,SFP-10G-SR,FNS19380L38,V03
LSJ_F6AL_SW1,SFP-10GBase-SR,TenGigabitEthernet2/1/4,SFP-10G-SR,FNS19380L46,V03
STJ_SIP_GW,Two port E1 voice interface daughtercard,Two port E1 voice interface daughtercard,VWIC-2MFT-E1=,35150676,1.0
STJ_SIP_GW,2821 chassis,2821 chassis,CISCO2821,FCZ09277575,V01
STJ_SIP_GW,PVDMII DSP SIMM with Two DSPs,PVDMII DSP SIMM with Two DSPs,PVDM2-32,FOC135311CM,V01
UK-BRS-PP-FW-ASA01-pri,10G Based-SR,TenGigabitEthernet0/8,SFP-10G-SR,FNS16311U20,V03
UK-BRS-PP-FW-ASA01-pri,10G Based-SR,TenGigabitEthernet0/9,SFP-10G-SR,FNS163204B5,V03
UK-BRS-PP-FW-ASA01-pri,ASA 5585-X Security Services Processor-20 with 8GE,module 0,ASA5585-SSP-20,JAD164200OC,V05
UK-BRS-PP-FW-ASA01-pri,ASA 5585-X,Chassis,ASA5585,JMX1642709C,V03
UK-BRS-PP-FW-ASA01-pri,ASA 5585-X AC Power Supply,power supply 1,ASA5585-PWR-AC,POG1633001N,V04
UK-BRS-PP-FW-ASA01-pri,ASA 5585-X AC Power Supply,power supply 0,ASA5585-PWR-AC,POG1905A0A6,V05
UK-BRS-PP-FW-ASA01-sec,10G Based-SR,TenGigabitEthernet0/9,SFP-10G-SR,FNS16310K20,V03
UK-BRS-PP-FW-ASA01-sec,10G Based-SR,TenGigabitEthernet0/8,SFP-10G-SR,FNS163203L3,V03
UK-BRS-PP-FW-ASA01-sec,ASA 5585-X Security Services Processor-20 with 8GE,module 0,ASA5585-SSP-20,JAD164200NN,V05
UK-BRS-PP-FW-ASA01-sec,ASA 5585-X,Chassis,ASA5585,JMX1642709D,V03
UK-BRS-PP-FW-ASA01-sec,ASA 5585-X AC Power Supply,power supply 0,ASA5585-PWR-AC,POG1633008N,V04
UK-BRS-PP-FW-ASA01-sec,ASA 5585-X AC Power Supply,power supply 1,ASA5585-PWR-AC,POG1827A06A,V05
WH-BRS-CORE-SW3,AC power supply,PS 2 WS-CAC-6000W,WS-CAC-6000W,AZS12100GVP,V05
WH-BRS-CORE-SW3,AC power supply,PS 1 WS-CAC-6000W,WS-CAC-6000W,AZS12110C2S,V05
WH-BRS-CORE-SW3,Enhanced 9-slot Fan Tray 1,WS-C6509-E-FAN 1,WS-C6509-E-FAN,DCH11453849,V03
WH-BRS-CORE-SW3,Xenpak Transceiver 10Gbase-SR Te7/1,Transceiver Te7/1,XENPAK-10GB-SR,ONT1148009W,V01
WH-BRS-CORE-SW3,Xenpak Transceiver 10Gbase-SR Te7/2,Transceiver Te7/2,XENPAK-10GB-SR,ONT114800L8,V01
WH-BRS-CORE-SW3,WS-X6748-GE-TX CEF720 48 port 10/100/1000mb Ethernet Rev. 2.6,4,WS-X6748-GE-TX,SAL1152BETF,V02
WH-BRS-CORE-SW3,WS-X6748-GE-TX CEF720 48 port 10/100/1000mb Ethernet Rev. 2.6,2,WS-X6748-GE-TX,SAL1152BH7J,V02
WH-BRS-CORE-SW3,WS-X6704-10GE CEF720 4 port 10-Gigabit Ethernet Rev. 2.6,7,WS-X6704-10GE,SAL1201BTY8,V02
WH-BRS-CORE-SW3,WS-F6700-CFC Centralized Forwarding Card Rev. 4.0,WS-F6700-CFC Centralized Forwarding Card sub-module of 8,WS-F6700-CFC,SAL1201C5YZ,V05
WH-BRS-CORE-SW3,WS-F6700-CFC Centralized Forwarding Card Rev. 4.0,WS-F6700-CFC Centralized Forwarding Card sub-module of 4,WS-F6700-CFC,SAL1201C7KE,V05
WH-BRS-CORE-SW3,WS-X6748-GE-TX CEF720 48 port 10/100/1000mb Ethernet Rev. 2.7,8,WS-X6748-GE-TX,SAL1202CBK4,V02
WH-BRS-CORE-SW3,WS-F6700-CFC Centralized Forwarding Card Rev. 4.0,WS-F6700-CFC Centralized Forwarding Card sub-module of 2,WS-F6700-CFC,SAL1202CC2N,V05
WH-BRS-CORE-SW3,WS-F6700-CFC Centralized Forwarding Card Rev. 4.0,WS-F6700-CFC Centralized Forwarding Card sub-module of 1,WS-F6700-CFC,SAL1202CC3J,V05
WH-BRS-CORE-SW3,WS-F6700-CFC Centralized Forwarding Card Rev. 4.0,WS-F6700-CFC Centralized Forwarding Card sub-module of 7,WS-F6700-CFC,SAL1202CC3V,V05
WH-BRS-CORE-SW3,WS-F6700-CFC Centralized Forwarding Card Rev. 4.0,WS-F6700-CFC Centralized Forwarding Card sub-module of 3,WS-F6700-CFC,SAL1202CCA3,V05
WH-BRS-CORE-SW3,WS-X6748-GE-TX CEF720 48 port 10/100/1000mb Ethernet Rev. 2.7,3,WS-X6748-GE-TX,SAL1202CEMZ,V02
WH-BRS-CORE-SW3,WS-F6K-PFC3B Policy Feature Card 3 Rev. 2.3,WS-F6K-PFC3B Policy Feature Card 3 sub-module of 5,WS-F6K-PFC3B,SAL1202CFBK,V01
WH-BRS-CORE-SW3,WS-SUP720 MSFC3 Daughterboard Rev. 3.1,msfc sub-module of 5,WS-SUP720,SAL1202CFLS,none
WH-BRS-CORE-SW3,WS-X6748-GE-TX CEF720 48 port 10/100/1000mb Ethernet Rev. 2.7,1,WS-X6748-GE-TX,SAL1202CGJU,V02
WH-BRS-CORE-SW3,WS-SUP720-3B 2 ports Supervisor Engine 720 Rev. 5.6,5,WS-SUP720-3B,SAL1202CGQB,V05
WH-BRS-CORE-SW3,Cisco Systems Catalyst 6500 9-slot Chassis System,WS-C6509-E,WS-C6509-E,SMC11480036,V04
WH-BRS-CORE-SW3,OSR-7600 Clock FRU 1,CLK-7600 1,CLK-7600,SMT1139B064,none
WH-BRS-CORE-SW3,OSR-7600 Clock FRU 2,CLK-7600 2,CLK-7600,SMT1139B064,none
WH-BRS-CORE-SW3,VTT-E FRU 1,WS-C6K-VTT-E 1,WS-C6K-VTT-E,SMT1140A796,none
WH-BRS-CORE-SW3,VTT-E FRU 3,WS-C6K-VTT-E 3,WS-C6K-VTT-E,SMT1140A956,none
WH-BRS-CORE-SW3,VTT-E FRU 2,WS-C6K-VTT-E 2,WS-C6K-VTT-E,SMT1140B356,none
WH-BRS-CORE-SW4,AC power supply,PS 2 WS-CAC-6000W,WS-CAC-6000W,AZS12100GVV,V05
WH-BRS-CORE-SW4,AC power supply,PS 1 WS-CAC-6000W,WS-CAC-6000W,AZS12120ABG,V05
WH-BRS-CORE-SW4,Enhanced 9-slot Fan Tray 1,WS-C6509-E-FAN 1,WS-C6509-E-FAN,DCH11453807,V03
WH-BRS-CORE-SW4,Xenpak Transceiver 10Gbase-SR Te7/2,Transceiver Te7/2,XENPAK-10GB-SR,ONT114800C4,V01
WH-BRS-CORE-SW4,Xenpak Transceiver 10Gbase-SR Te7/1,Transceiver Te7/1,XENPAK-10GB-SR,ONT114800VJ,V01
WH-BRS-CORE-SW4,WS-SUP720 MSFC3 Daughterboard Rev. 3.1,msfc sub-module of 5,WS-SUP720,SAL1151B5JG,none
WH-BRS-CORE-SW4,WS-F6K-PFC3B Policy Feature Card 3 Rev. 2.3,WS-F6K-PFC3B Policy Feature Card 3 sub-module of 5,WS-F6K-PFC3B,SAL1152B8KN,V01
WH-BRS-CORE-SW4,WS-SUP720-3B 2 ports Supervisor Engine 720 Rev. 5.6,5,WS-SUP720-3B,SAL1152BHVP,V05
WH-BRS-CORE-SW4,WS-X6748-GE-TX CEF720 48 port 10/100/1000mb Ethernet Rev. 2.6,4,WS-X6748-GE-TX,SAL1152BM1Y,V02
WH-BRS-CORE-SW4,WS-X6748-GE-TX CEF720 48 port 10/100/1000mb Ethernet Rev. 2.6,3,WS-X6748-GE-TX,SAL1152BM2M,V02
WH-BRS-CORE-SW4,WS-F6700-CFC Centralized Forwarding Card Rev. 4.0,WS-F6700-CFC Centralized Forwarding Card sub-module of 7,WS-F6700-CFC,SAL1201BQJB,V05
WH-BRS-CORE-SW4,WS-X6704-10GE CEF720 4 port 10-Gigabit Ethernet Rev. 2.6,7,WS-X6704-10GE,SAL1201BTZF,V02
WH-BRS-CORE-SW4,WS-X6748-GE-TX CEF720 48 port 10/100/1000mb Ethernet Rev. 2.7,1,WS-X6748-GE-TX,SAL1201BX91,V02
WH-BRS-CORE-SW4,WS-X6748-GE-TX CEF720 48 port 10/100/1000mb Ethernet Rev. 2.7,8,WS-X6748-GE-TX,SAL1201C5KZ,V02
WH-BRS-CORE-SW4,WS-X6748-GE-TX CEF720 48 port 10/100/1000mb Ethernet Rev. 2.7,2,WS-X6748-GE-TX,SAL1201C5L3,V02
WH-BRS-CORE-SW4,WS-F6700-CFC Centralized Forwarding Card Rev. 4.0,WS-F6700-CFC Centralized Forwarding Card sub-module of 3,WS-F6700-CFC,SAL1201C827,V05
WH-BRS-CORE-SW4,WS-F6700-CFC Centralized Forwarding Card Rev. 4.0,WS-F6700-CFC Centralized Forwarding Card sub-module of 8,WS-F6700-CFC,SAL1201C88J,V05
WH-BRS-CORE-SW4,WS-F6700-CFC Centralized Forwarding Card Rev. 4.0,WS-F6700-CFC Centralized Forwarding Card sub-module of 4,WS-F6700-CFC,SAL1202CC33,V05
WH-BRS-CORE-SW4,WS-F6700-CFC Centralized Forwarding Card Rev. 4.0,WS-F6700-CFC Centralized Forwarding Card sub-module of 2,WS-F6700-CFC,SAL1202CCBB,V05
WH-BRS-CORE-SW4,WS-F6700-CFC Centralized Forwarding Card Rev. 4.0,WS-F6700-CFC Centralized Forwarding Card sub-module of 1,WS-F6700-CFC,SAL1202CCBK,V05
WH-BRS-CORE-SW4,Cisco Systems Catalyst 6500 9-slot Chassis System,WS-C6509-E,WS-C6509-E,SMC11480032,V04
WH-BRS-CORE-SW4,OSR-7600 Clock FRU 1,CLK-7600 1,CLK-7600,SMT1136P383,none
WH-BRS-CORE-SW4,OSR-7600 Clock FRU 2,CLK-7600 2,CLK-7600,SMT1136P383,none
WH-BRS-CORE-SW4,VTT-E FRU 3,WS-C6K-VTT-E 3,WS-C6K-VTT-E,SMT1140B354,none
WH-BRS-CORE-SW4,VTT-E FRU 2,WS-C6K-VTT-E 2,WS-C6K-VTT-E,SMT1140B362,none
WH-BRS-CORE-SW4,VTT-E FRU 1,WS-C6K-VTT-E 1,WS-C6K-VTT-E,SMT1140B368,none
WH-STJ-CORE-SW1,AC power supply,PS 1 WS-CAC-3000W,WS-CAC-3000W,AZS11430MFZ,V01
WH-STJ-CORE-SW1,AC power supply,PS 2 WS-CAC-3000W,WS-CAC-3000W,AZS11430MWW,V01
WH-STJ-CORE-SW1,Enhanced 9-slot Fan Tray 1,WS-C6509-E-FAN 1,WS-C6509-E-FAN,DCH11373225,V03
WH-STJ-CORE-SW1,Xenpak Transceiver 10Gbase-SR Te3/2,Transceiver Te3/2,XENPAK-10GB-SR,ONT115102HK,V02
WH-STJ-CORE-SW1,Xenpak Transceiver 10Gbase-SR Te3/1,Transceiver Te3/1,XENPAK-10GB-SR,ONT115201BJ,V02
WH-STJ-CORE-SW1,Xenpak Transceiver 10Gbase-SR Te3/3,Transceiver Te3/3,XENPAK-10GB-SR,ONT115201DC,V02
WH-STJ-CORE-SW1,WS-SVC-FWM-1 6 ports Firewall Module Rev. 4.2,1,WS-SVC-FWM-1,SAD11440416,none
WH-STJ-CORE-SW1,WS-X6704-10GE CEF720 4 port 10-Gigabit Ethernet Rev. 2.6,3,WS-X6704-10GE,SAD120104V5,V02
WH-STJ-CORE-SW1,WS-SUP720 MSFC3 Daughterboard Rev. 3.1,msfc sub-module of 6,WS-SUP720,SAL114994W4,none
WH-STJ-CORE-SW1,WS-F6K-PFC3B Policy Feature Card 3 Rev. 2.3,WS-F6K-PFC3B Policy Feature Card 3 sub-module of 6,WS-F6K-PFC3B,SAL1149979W,V01
WH-STJ-CORE-SW1,WS-SUP720-3B 2 ports Supervisor Engine 720 Rev. 5.6,6,WS-SUP720-3B,SAL1149993D,V05
WH-STJ-CORE-SW1,WS-SUP720 MSFC3 Daughterboard Rev. 3.1,msfc sub-module of 5,WS-SUP720,SAL1151B5HM,none
WH-STJ-CORE-SW1,WS-F6K-PFC3B Policy Feature Card 3 Rev. 2.3,WS-F6K-PFC3B Policy Feature Card 3 sub-module of 5,WS-F6K-PFC3B,SAL1152B8JV,V01
WH-STJ-CORE-SW1,WS-SUP720-3B 2 ports Supervisor Engine 720 Rev. 5.6,5,WS-SUP720-3B,SAL1152BHXK,V05
WH-STJ-CORE-SW1,WS-X6748-GE-TX CEF720 48 port 10/100/1000mb Ethernet Rev. 2.7,8,WS-X6748-GE-TX,SAL1201BX84,V02
WH-STJ-CORE-SW1,WS-F6700-CFC Centralized Forwarding Card Rev. 4.0,WS-F6700-CFC Centralized Forwarding Card sub-module of 8,WS-F6700-CFC,SAL1201C80L,V05
WH-STJ-CORE-SW1,WS-F6700-CFC Centralized Forwarding Card Rev. 4.0,WS-F6700-CFC Centralized Forwarding Card sub-module of 3,WS-F6700-CFC,SAL1202CDC0,V05
WH-STJ-CORE-SW1,WS-F6700-CFC Centralized Forwarding Card Rev. 4.0,WS-F6700-CFC Centralized Forwarding Card sub-module of 9,WS-F6700-CFC,SAL1202CDFN,V05
WH-STJ-CORE-SW1,WS-X6748-GE-TX CEF720 48 port 10/100/1000mb Ethernet Rev. 2.7,9,WS-X6748-GE-TX,SAL1202CS5B,V02
WH-STJ-CORE-SW1,Cisco Systems Catalyst 6500 9-slot Chassis System,WS-C6509-E,WS-C6509-E,SMG1151NL0J,V04
WH-STJ-CORE-SW1,OSR-7600 Clock FRU 1,CLK-7600 1,CLK-7600,SMT1138B622,none
WH-STJ-CORE-SW1,OSR-7600 Clock FRU 2,CLK-7600 2,CLK-7600,SMT1138B622,none
WH-STJ-CORE-SW1,VTT-E FRU 2,WS-C6K-VTT-E 2,WS-C6K-VTT-E,SMT1144D462,none
WH-STJ-CORE-SW1,VTT-E FRU 1,WS-C6K-VTT-E 1,WS-C6K-VTT-E,SMT1144D942,none
WH-STJ-CORE-SW1,VTT-E FRU 3,WS-C6K-VTT-E 3,WS-C6K-VTT-E,SMT1144E033,none
WH-STJ-CORE-SW2,AC power supply,PS 2 WS-CAC-3000W,WS-CAC-3000W,AZS11430MG3,V01
WH-STJ-CORE-SW2,AC power supply,PS 1 WS-CAC-3000W,WS-CAC-3000W,AZS11430MGE,V01
WH-STJ-CORE-SW2,Enhanced 9-slot Fan Tray 1,WS-C6509-E-FAN 1,WS-C6509-E-FAN,DCH11373880,V03
WH-STJ-CORE-SW2,Xenpak Transceiver 10Gbase-SR Te3/3,Transceiver Te3/3,XENPAK-10GB-SR,ONT1152019K,V02
WH-STJ-CORE-SW2,Xenpak Transceiver 10Gbase-SR Te3/2,Transceiver Te3/2,XENPAK-10GB-SR,ONT115201Y4,V02
WH-STJ-CORE-SW2,Xenpak Transceiver 10Gbase-SR Te3/1,Transceiver Te3/1,XENPAK-10GB-SR,ONT115202NP,V02
WH-STJ-CORE-SW2,WS-F6700-CFC Centralized Forwarding Card Rev. 4.0,WS-F6700-CFC Centralized Forwarding Card sub-module of 3,WS-F6700-CFC,SAD1146018Z,V05
WH-STJ-CORE-SW2,WS-F6700-CFC Centralized Forwarding Card Rev. 4.0,WS-F6700-CFC Centralized Forwarding Card sub-module of 9,WS-F6700-CFC,SAD11490512,V05
WH-STJ-CORE-SW2,WS-SVC-FWM-1 6 ports Firewall Module Rev. 4.2,1,WS-SVC-FWM-1,SAD115205TW,none
WH-STJ-CORE-SW2,WS-X6748-GE-TX CEF720 48 port 10/100/1000mb Ethernet Rev. 2.7,9,WS-X6748-GE-TX,SAD120208BD,V02
WH-STJ-CORE-SW2,WS-SUP720 MSFC3 Daughterboard Rev. 3.1,msfc sub-module of 6,WS-SUP720,SAL114994WL,none
WH-STJ-CORE-SW2,WS-F6K-PFC3B Policy Feature Card 3 Rev. 2.3,WS-F6K-PFC3B Policy Feature Card 3 sub-module of 6,WS-F6K-PFC3B,SAL114997A0,V01
WH-STJ-CORE-SW2,WS-SUP720-3B 2 ports Supervisor Engine 720 Rev. 5.6,6,WS-SUP720-3B,SAL114997G8,V05
WH-STJ-CORE-SW2,WS-X6704-10GE CEF720 4 port 10-Gigabit Ethernet Rev. 2.6,3,WS-X6704-10GE,SAL1151B4RS,V02
WH-STJ-CORE-SW2,WS-F6K-PFC3B Policy Feature Card 3 Rev. 2.3,WS-F6K-PFC3B Policy Feature Card 3 sub-module of 5,WS-F6K-PFC3B,SAL1152B8S2,V01
WH-STJ-CORE-SW2,WS-SUP720 MSFC3 Daughterboard Rev. 3.1,msfc sub-module of 5,WS-SUP720,SAL1152BAE3,none
WH-STJ-CORE-SW2,WS-X6748-GE-TX CEF720 48 port 10/100/1000mb Ethernet Rev. 2.6,8,WS-X6748-GE-TX,SAL1152BAVZ,V02
WH-STJ-CORE-SW2,WS-SUP720-3B 2 ports Supervisor Engine 720 Rev. 5.6,5,WS-SUP720-3B,SAL1152BBD9,V05
WH-STJ-CORE-SW2,WS-F6700-CFC Centralized Forwarding Card Rev. 4.0,WS-F6700-CFC Centralized Forwarding Card sub-module of 8,WS-F6700-CFC,SAL1201C4CG,V05
WH-STJ-CORE-SW2,Cisco Systems Catalyst 6500 9-slot Chassis System,WS-C6509-E,WS-C6509-E,SMG1202N0PZ,V04
WH-STJ-CORE-SW2,OSR-7600 Clock FRU 1,CLK-7600 1,CLK-7600,SMT1143E297,none
WH-STJ-CORE-SW2,OSR-7600 Clock FRU 2,CLK-7600 2,CLK-7600,SMT1143E297,none
WH-STJ-CORE-SW2,VTT-E FRU 1,WS-C6K-VTT-E 1,WS-C6K-VTT-E,SMT1148C310,none
WH-STJ-CORE-SW2,VTT-E FRU 3,WS-C6K-VTT-E 3,WS-C6K-VTT-E,SMT1148C322,none
WH-STJ-CORE-SW2,VTT-E FRU 2,WS-C6K-VTT-E 2,WS-C6K-VTT-E,SMT1148C328,none
bg-dat-cs01,WS-C3650-24TS,Switch 1,WS-C3650-24TS,FDO2012E04Q,V03
bg-dat-cs01,c3xxx Stack,c3xxx Stack,WS-C3650-24TS,FDO2012E04Q,V03
bg-dat-cs01,Switch 1 - Power Supply B,Switch 1 - Power Supply B,PWR-C2-250WAC,LIT2006025S,V02
bg-dat-cs01,Switch 1 - Power Supply A,Switch 1 - Power Supply A,PWR-C2-250WAC,LIT2006064T,V02
bg-dat-fw01,ASA/IPS 180W AC Power Supply,power supply,ASA-180W-PWR-AC,DTN16238168,V03
bg-dat-fw01,ASA 5520 Adaptive Security Appliance,Chassis,ASA5520,JMX1644X0A6,V08
bg-sof-ar01,CISCO3945-CHASSIS,CISCO3945-CHASSIS,CISCO3945-CHASSIS,FCZ16406066,V02
bg-sof-ar01,Clear/Subrate T3/E3 WAN,Clear/Subrate T3/E3 WAN on Slot 1,NM-1T3/E3=,FOC16313AV1,V01
bg-sof-ar01,Network Module Adapter for SM Slot,Network Module Adapter for SM Slot on Slot 1,SM-NM-ADPTR,FOC16344STP,V01
bg-sof-ar01,Cisco Services Performance Engine 150 for Cisco 3900 ISR,Cisco Services Performance Engine 150 for Cisco 3900 ISR on Slot 0,C3900-SPE150/K9,FOC16365AMZ,V05
bg-sof-ar01,C3900 AC Power Supply 1,C3900 AC Power Supply 1,PWR-3900-AC,QCS1619P3CF,V03
bg-sof-ar01,C3900 AC Power Supply 2,C3900 AC Power Supply 2,PWR-3900-AC,SNI1628C8N1,V03
bg-sof-ar02,CISCO3945-CHASSIS,CISCO3945-CHASSIS,CISCO3945-CHASSIS,FCZ16406063,V02
bg-sof-ar02,Clear/Subrate T3/E3 WAN,Clear/Subrate T3/E3 WAN on Slot 1,NM-1T3/E3=,FOC16313B3K,V01
bg-sof-ar02,Network Module Adapter for SM Slot,Network Module Adapter for SM Slot on Slot 1,SM-NM-ADPTR,FOC1634DQYY,V01
bg-sof-ar02,Cisco Services Performance Engine 150 for Cisco 3900 ISR,Cisco Services Performance Engine 150 for Cisco 3900 ISR on Slot 0,C3900-SPE150/K9,FOC16365B8S,V05
bg-sof-ar02,C3900 AC Power Supply 2,C3900 AC Power Supply 2,PWR-3900-AC,QCS1619P399,V03
bg-sof-ar02,C3900 AC Power Supply 1,C3900 AC Power Supply 1,PWR-3900-AC,QCS1619P3CN,V03
bg-sof-as01,WS-C2960-48PST-L,1,WS-C2960-48PST-L,FOC1314Z6KL,V01
bg-sof-as02,WS-C2960-48PST-L,1,WS-C2960-48PST-L,FOC1324Z4UJ,V01
bg-sof-as03,WS-C2960-48PST-L,1,WS-C2960-48PST-L,FOC1309Z3J6,V01
bg-sof-as04,WS-C2960-48PST-L,1,WS-C2960-48PST-L,FOC1318W0Q9,V01
bg-sof-as05,WS-C2960-48PST-L,1,WS-C2960-48PST-L,FOC1321Z4BT,V01
bg-sof-as06,WS-C2960-48PST-L,1,WS-C2960-48PST-L,FOC1314Z6MD,V01
bg-sof-as07,WS-C2960-48PST-L,1,WS-C2960-48PST-L,FOC1324Z4XB,V01
bg-sof-cs01,WS-C3650-24TS,Switch 2,WS-C3650-24TS,FDO2011E208,V03
bg-sof-cs01,WS-C3650-24TS,Switch 1,WS-C3650-24TS,FDO2012Q02M,V03
bg-sof-cs01,c36xx Stack,c36xx Stack,WS-C3650-24TS,FDO2012Q02M,V03
bg-sof-cs01,Switch 1 - Power Supply A,Switch 1 - Power Supply A,PWR-C2-250WAC,LIT2006026J,V02
bg-sof-cs01,Switch 2 - Power Supply B,Switch 2 - Power Supply B,PWR-C2-250WAC,LIT2006026Z,V02
bg-sof-cs01,Switch 1 - Power Supply B,Switch 1 - Power Supply B,PWR-C2-250WAC,LIT2006061Y,V02
bg-sof-cs01,Switch 2 - Power Supply A,Switch 2 - Power Supply A,PWR-C2-250WAC,LIT20060640,V02
bg-sof-es01,WS-C2960X-24TS-L,1,WS-C2960X-24TS-L,FCW2017B0KK,V03
bg-sof-es02,WS-C2960X-24TS-L,1,WS-C2960X-24TS-L,FCW2017B0LP,V03
bg-sof-fw01-pri,ASA/IPS 180W AC Power Supply,power supply,ASA-180W-PWR-AC,DTN153182UV,V03
bg-sof-fw01-pri,ASA 5520 Adaptive Security Appliance,Chassis,ASA5520,JMX1541X1MQ,V08
bg-sof-fw01-sec,ASA/IPS 180W AC Power Supply,power supply,ASA-180W-PWR-AC,DTN153182VB,V03
bg-sof-fw01-sec,ASA 5520 Adaptive Security Appliance,Chassis,ASA5520,JMX1541X1N0,V08
ch-zur-ar01,CISCO1941/K9 chassis,CISCO1941/K9,CISCO1941/K9,FCZ1708C3L9,V05
ch-zur-ar01,4 Port GE Non-POE EHWIC Switch,4 Port GE Non-POE EHWIC Switch on Slot 0 SubSlot 0,EHWIC-4ESG,FOC17054STW,V01
ch-zur-ar01,C1941/C2901 AC Power Supply,C1941/C2901 AC Power Supply,PWR-1941-2901-AC,none,none
ch-zur-ar02,CISCO1941/K9 chassis,CISCO1941/K9,CISCO1941/K9,FCZ1708C40W,V05
ch-zur-ar02,4 Port GE Non-POE EHWIC Switch,4 Port GE Non-POE EHWIC Switch on Slot 0 SubSlot 0,EHWIC-4ESG,FOC170376YQ,V01
ch-zur-ar02,C1941/C2901 AC Power Supply,C1941/C2901 AC Power Supply,PWR-1941-2901-AC,none,none
de-fr7-cr01,SFP+ 10GBASE-LR,subslot 0/0 transceiver 1,SFP-10G-LR,AVD2228K7U5,V02
de-fr7-cr01,SFP+ 10GBASE-LR,subslot 0/0 transceiver 0,SFP-10G-LR,AVD2228K7UB,V02
de-fr7-cr01,Cisco ASR1001-X Chassis,Chassis,ASR1001-X,FXS2232Q58L,V03
de-fr7-cr01,Cisco ASR1001-X Route Processor,module R0,ASR1001-X,JAE22420CV4,V03
de-fr7-cr01,Cisco ASR1001-X AC Power Supply,Power Supply Module 0,ASR1001-X-PWR-AC,LIT22283JGS,V02
de-fr7-cr01,Cisco ASR1001-X AC Power Supply,Power Supply Module 1,ASR1001-X-PWR-AC,LIT22283JHZ,V02
de-fr7-cr01,GE LX,subslot 0/0 transceiver 3,GLC-LH-SMD,OPM22380B3N,V01
de-fr7-cr01,GE LX,subslot 0/0 transceiver 2,GLC-LH-SMD,OPM22380B3U,V01
de-fr7-cr01,Cisco ASR1001-X Fan Tray,Fan Tray,ASR1001-X-FANTRAY,none,none
de-fr7-cr01,Built-in GE SPA with 2 port 10G and 6 port 1G Interfaces,SPA subslot 0/0,BUILT-IN-2T+6X1GE,none,none
de-fr7-cr01,Cisco ASR1001-X SPA Interface Processor,module 0,ASR1001-X,none,none
de-fr7-cr01,Cisco ASR1001-X Embedded Services Processor,module F0,ASR1001-X,none,none
gi-mpl-es01,1000BaseT,TenGigabitEthernet1/10,GLC-T,00000MTC154006YK,none
gi-mpl-es01,1000BaseT,TenGigabitEthernet1/4,GLC-T,00000MTC154007CQ,none
gi-mpl-es01,1000BaseT,TenGigabitEthernet2/5,Unspecified,AGM1840259S,none
gi-mpl-es01,Power Supply ( AC 750W ),Power Supply 1,C4KX-PWR-750AC-R,ART1746X1UH,V01
gi-mpl-es01,Power Supply ( AC 750W ),Power Supply 2,C4KX-PWR-750AC-R,ART1746X1ZL,V01
gi-mpl-es01,SFP-10Gbase-SR,TenGigabitEthernet1/2,SFP-10G-SR,FNS1742096G,V03
gi-mpl-es01,SFP-10Gbase-SR,TenGigabitEthernet2/4,SFP-10G-SR,FNS174308C5,V03
gi-mpl-es01,SFP-10Gbase-SR,TenGigabitEthernet1/11,SFP-10G-SR,FNS17430D84,V03
gi-mpl-es01,SFP-10Gbase-SR,TenGigabitEthernet1/13,SFP-10G-SR,FNS17430L19,V03
gi-mpl-es01,SFP-10Gbase-SR,TenGigabitEthernet2/8,SFP-10G-SR,FNS17430L1Y,V03
gi-mpl-es01,SFP-10Gbase-SR,TenGigabitEthernet1/7,SFP-10G-SR,FNS17430L2L,V03
gi-mpl-es01,SFP-10Gbase-SR,TenGigabitEthernet2/1,SFP-10G-SR,FNS180411GN,V03
gi-mpl-es01,SFP-10Gbase-SR,TenGigabitEthernet1/9,SFP-10G-SR,FNS18250VUN,V03
gi-mpl-es01,10GE SFP+,Linecard(slot 2),C4KX-NM-8,JAE17480GHS,V02
gi-mpl-es01,4500X-16 10GE (SFP+),Supervisor(slot 1),WS-C4500X-16,JAE17480J6N,V02
gi-mpl-es01,Cisco Systems,Switch System,,JAE17480J6N,none
gi-mpl-es01,1000BaseT,TenGigabitEthernet1/12,GLC-T,MTC174307QW,none
gi-mpl-es01,1000BaseT,TenGigabitEthernet1/14,GLC-T,MTC17430D19,none
gi-mpl-es01,1000BaseT,TenGigabitEthernet1/16,GLC-T,MTC17430DM8,none
gi-mpl-es01,1000BaseT,TenGigabitEthernet1/1,GLC-T,MTC17430DV8,none
gi-mpl-es01,1000BaseT,TenGigabitEthernet1/6,GLC-T,MTC17430DW7,none
gi-mpl-es01,1000BaseT,TenGigabitEthernet1/8,GLC-T,MTC175101XV,none
gi-mpl-es02,1000BaseT,TenGigabitEthernet1/1,GLC-T,00000MTC145005YZ,none
gi-mpl-es02,1000BaseT,TenGigabitEthernet1/14,GLC-T,00000MTC153307GX,none
gi-mpl-es02,1000BaseT,TenGigabitEthernet1/6,Unspecified,AGM1744237W,none
gi-mpl-es02,1000BaseT,TenGigabitEthernet1/5,Unspecified,AGM1744237Z,none
gi-mpl-es02,1000BaseT,TenGigabitEthernet1/12,Unspecified,AGM174427TX,none
gi-mpl-es02,1000BaseT,TenGigabitEthernet1/16,Unspecified,AGM174427TY,none
gi-mpl-es02,1000BaseT,TenGigabitEthernet2/6,Unspecified,AGM174427UB,none
gi-mpl-es02,1000BaseT,TenGigabitEthernet2/5,Unspecified,AGM1840259Q,none
gi-mpl-es02,Power Supply ( AC 750W ),Power Supply 1,C4KX-PWR-750AC-R,ART1741X08A,V01
gi-mpl-es02,Power Supply ( AC 750W ),Power Supply 2,C4KX-PWR-750AC-R,ART1746X2DC,V01
gi-mpl-es02,SFP-10Gbase-SR,TenGigabitEthernet1/11,SFP-10G-SR,AVD1736AUP4,V03
gi-mpl-es02,SFP-10Gbase-SR,TenGigabitEthernet2/4,SFP-10G-SR,AVD1736AUPD,V03
gi-mpl-es02,SFP-10Gbase-SR,TenGigabitEthernet1/2,SFP-10G-SR,AVD1736AUPG,V03
gi-mpl-es02,SFP-10Gbase-SR,TenGigabitEthernet1/13,SFP-10G-SR,AVD1736AWG0,V03
gi-mpl-es02,SFP-10Gbase-SR,TenGigabitEthernet2/8,SFP-10G-SR,AVD1736AWH6,V03
gi-mpl-es02,SFP-10Gbase-SR,TenGigabitEthernet2/1,SFP-10G-SR,FNS1805078Y,V03
gi-mpl-es02,SFP-10Gbase-SR,TenGigabitEthernet1/9,SFP-10G-SR,FNS1825170G,V03
gi-mpl-es02,10GE SFP+,Linecard(slot 2),C4KX-NM-8,JAE17400MZ5,V02
gi-mpl-es02,4500X-16 10GE (SFP+),Supervisor(slot 1),WS-C4500X-16,JAE174107WJ,V02
gi-mpl-es02,Cisco Systems,Switch System,,JAE174107WJ,none
gi-mpl-es02,SFP-10Gbase-SR,TenGigabitEthernet1/7,SFP-10G-SR,JUR1837G5TB,V03
gi-mpl-es02,1000BaseT,TenGigabitEthernet1/4,GLC-T,MTC175100VL,none
gi-mpl-es02,1000BaseT,TenGigabitEthernet1/8,GLC-T,MTC1751011L,none
gi-mpl-es02,1000BaseT,TenGigabitEthernet1/10,GLC-T,MTC17510281,none
gi-mpl-mq01,10GBase-SR,TenGigabitEthernet1/0/1,X2-10GB-SR,AGA1336XA2W,V03
gi-mpl-mq01,10GBase-SR,TenGigabitEthernet1/0/2,X2-10GB-SR,AGA1444XWCL,V04
gi-mpl-mq01,FRU Power Supply,Switch 1 - Power Supply 0,C3K-PWR-265WAC,DTN1323C06L,V01D
gi-mpl-mq01,WS-C3750E-48TD,1,WS-C3750E-48TD-S,FDO1327R0KC,V03
gi-mpl-mq02,10GBase-SR,TenGigabitEthernet1/0/1,X2-10GB-SR,AGA1336X960,V03
gi-mpl-mq02,FRU Power Supply,Switch 1 - Power Supply 0,C3K-PWR-265WAC,DTN1323C0GT,V01D
gi-mpl-mq02,WS-C3750E-48TD,1,WS-C3750E-48TD-S,FDO1327R0GG,V03
gib-border1,Cisco ASR1002 AC Power Supply,Power Supply Module 0,ASR1002-PWR-AC,ART1324U01E,V01
gib-border1,Cisco ASR1002 AC Power Supply,Power Supply Module 1,ASR1002-PWR-AC,ART1324U04G,V01
gib-border1,Cisco ASR1002 Chassis,Chassis,ASR1002,FOX1422GU54,V04
gib-border1,2-port Gigabit Ethernet Shared Port Adapter,SPA subslot 0/1,SPA-2X1GE-V2,JAE13083FWC,V01
gib-border1,2-port T3/E3 Serial Shared Port Adapter,SPA subslot 0/2,SPA-2XT3/E3,JAE1334GZN6,V02
gib-border1,Cisco ASR1002 Route Processor 1,module R0,ASR1002-RP1,JAE14330B9I,V04
gib-border1,Cisco ASR1000 Embedded Services Processor,module F0,ASR1000-ESP10,JAE173909TF,V06
gib-border1,GE T,subslot 0/0 transceiver 1,N/A,MTC131001ZP,E
gib-border1,GE T,subslot 0/0 transceiver 0,N/A,MTC1310020S,E
gib-border1,GE LX,subslot 0/0 transceiver 2,N/A,OPC12512649,A1B
gib-border1,4-port Gigabit Ethernet Shared Port Adapter,SPA subslot 0/0,4XGE-BUILT-IN,none,none
gib-border1,Cisco ASR1002 SPA Interface Processor 10,module 0,ASR1002-SIP10,none,none
gib-border2,Cisco ASR1002 AC Power Supply,Power Supply Module 0,ASR1002-PWR-AC,ART1302U04C,V01
gib-border2,Cisco ASR1002 AC Power Supply,Power Supply Module 1,ASR1002-PWR-AC,ART1302U04H,V01
gib-border2,Cisco ASR1002 Chassis,Chassis,ASR1002,FOX1303GTWE,V02
gib-border2,2-port Gigabit Ethernet Shared Port Adapter,SPA subslot 0/1,SPA-2X1GE-V2,JAE13083FWW,V01
gib-border2,Cisco ASR1002 Route Processor 1,module R0,ASR1002-RP1,JAE13136CK2,V02
gib-border2,Cisco ASR1000 Embedded Services Processor,module F0,ASR1000-ESP10,JAE17480HSA,V06
gib-border2,GE T,subslot 0/0 transceiver 1,N/A,MTC130801XD,E
gib-border2,GE T,subslot 0/0 transceiver 0,N/A,MTC131002KE,E
gib-border2,GE LX,subslot 0/0 transceiver 2,N/A,OPC12512747,A1B
gib-border2,GE LX,subslot 0/0 transceiver 3,SFP-GE-L,SPC161305PX,A
gib-border2,4-port Gigabit Ethernet Shared Port Adapter,SPA subslot 0/0,4XGE-BUILT-IN,none,none
gib-border2,Cisco ASR1002 SPA Interface Processor 10,module 0,ASR1002-SIP10,none,none
gib-fw-vpn-asa,ASA 5545-X/5555-X AC Power Supply,power supply 0,ASA-PWR-AC,48M1AM,N/A
gib-fw-vpn-asa,ASA 5545-X/5555-X AC Power Supply,power supply 1,ASA-PWR-AC,48M1AP,N/A
gib-fw-vpn-asa,ASA 5555-X with SW,Chassis,ASA5555,FGL183740KW,V02
gib-fw-vpn-asa-pri,ASA 5545-X/5555-X AC Power Supply,power supply 0,ASA-PWR-AC,48M1AM,N/A
gib-fw-vpn-asa-pri,ASA 5545-X/5555-X AC Power Supply,power supply 1,ASA-PWR-AC,48M1AP,N/A
gib-fw-vpn-asa-pri,ASA 5555-X with SW,Chassis,ASA5555,FGL183740KW,V02
gib-fw-vpn-asa-sec,ASA 5545-X/5555-X AC Power Supply,power supply 0,ASA-PWR-AC,48M1A8,N/A
gib-fw-vpn-asa-sec,ASA 5545-X/5555-X AC Power Supply,power supply 1,ASA-PWR-AC,48M1CS,N/A
gib-fw-vpn-asa-sec,ASA 5555-X with SW,Chassis,ASA5555,FGL183740KX,V02
gib-mpl-ar01,GE T,subslot 0/0 transceiver 3,SP7041_Rev_F,00000MTC153307MZ,F
gib-mpl-ar01,GE T,subslot 0/0 transceiver 7,SBCU-5740ARZ-CS1,AVC22172492,G3.1
gib-mpl-ar01,SFP+ 10GBASE-LR,subslot 0/0 transceiver 0,SFP-10G-LR,AVD2110KDZP,G3.1
gib-mpl-ar01,SFP+ 10GBASE-SR,subslot 0/0 transceiver 1,SFP-10G-SR,FNS14190E6K,E
gib-mpl-ar01,GE SX,subslot 0/0 transceiver 2,GLC-SX-MMD,FNS17511BGS,A
gib-mpl-ar01,Cisco ASR1001-X Chassis,Chassis,ASR1001-X,FXS1913Q444,V01
gib-mpl-ar01,Cisco ASR1001-X Route Processor,module R0,ASR1001-X,JAE19200DKT,V01
gib-mpl-ar01,Cisco ASR1001-X AC Power Supply,Power Supply Module 1,ASR1001-X-PWR-AC,LIT19151BSH,V01
gib-mpl-ar01,Cisco ASR1001-X AC Power Supply,Power Supply Module 0,ASR1001-X-PWR-AC,LIT19151BST,V01
gib-mpl-ar01,GE T,subslot 0/0 transceiver 6,SP7041-E,MTC1308028V,E
gib-mpl-ar01,GE T,subslot 0/0 transceiver 5,SP7041-E-R,MTC19030PN5,none
gib-mpl-ar01,GE T,subslot 0/0 transceiver 4,SP7041-E-R,MTC19030XXD,none
gib-mpl-ar01,Cisco ASR1001-X Fan Tray,Fan Tray,ASR1001-X-FANTRAY,none,none
gib-mpl-ar01,8-port Built-in GE SPA,SPA subslot 0/0,BUILT-IN-2T+6X1GE,none,none
gib-mpl-ar01,Cisco ASR1001-X SPA Interface Processor,module 0,ASR1001-X,none,none
gib-mpl-ar01,Cisco ASR1001-X Embedded Services Processor,module F0,ASR1001-X,none,none
gib-mpl-ar02,GE T,subslot 0/0 transceiver 7,SBCU-5740ARZ-CS1,AVC2217246M,G3.1
gib-mpl-ar02,GE SX,subslot 0/0 transceiver 2,GLC-SX-MMD,FNS175111RR,A
gib-mpl-ar02,SFP+ 10GBASE-LR,subslot 0/0 transceiver 0,SFP-10G-LR,FNS21190UV4,A
gib-mpl-ar02,Cisco ASR1001-X Chassis,Chassis,ASR1001-X,FXS1915Q3FC,V01
gib-mpl-ar02,Cisco ASR1001-X Route Processor,module R0,ASR1001-X,JAE192100ZR,V01
gib-mpl-ar02,Cisco ASR1001-X AC Power Supply,Power Supply Module 1,ASR1001-X-PWR-AC,LIT19151BRU,V01
gib-mpl-ar02,Cisco ASR1001-X AC Power Supply,Power Supply Module 0,ASR1001-X-PWR-AC,LIT19151BSL,V01
gib-mpl-ar02,GE T,subslot 0/0 transceiver 6,SP7041-E,MTC131002KK,E
gib-mpl-ar02,GE T,subslot 0/0 transceiver 3,SP7041_Rev_F,MTC17430DM7,F
gib-mpl-ar02,GE T,subslot 0/0 transceiver 4,SP7041-E-R,MTC19030FWK,none
gib-mpl-ar02,GE T,subslot 0/0 transceiver 5,SP7041-E-R,MTC19030G2S,none
gib-mpl-ar02,SFP+ 10GBASE-SR,subslot 0/0 transceiver 1,SFP-10G-SR,SPC141900N7,A
gib-mpl-ar02,Cisco ASR1001-X Fan Tray,Fan Tray,ASR1001-X-FANTRAY,none,none
gib-mpl-ar02,8-port Built-in GE SPA,SPA subslot 0/0,BUILT-IN-2T+6X1GE,none,none
gib-mpl-ar02,Cisco ASR1001-X SPA Interface Processor,module 0,ASR1001-X,none,none
gib-mpl-ar02,Cisco ASR1001-X Embedded Services Processor,module F0,ASR1001-X,none,none
gib-mpl-ds01,AC power supply,Power supply 1,N55-PAC-750W-B,ART1839102E,V02
gib-mpl-ds01,AC power supply,Power supply 2,N55-PAC-750W-B,ART18391069,V02
gib-mpl-ds01,Fabric Extender AC power supply,FEX 109 Power Supply 2,N2200-PAC-400W,DTN1850P27L,V05
gib-mpl-ds01,Fabric Extender AC power supply,FEX 109 Power Supply 1,N2200-PAC-400W,DTN1850P27M,V05
gib-mpl-ds01,Fabric Extender AC power supply,FEX 113 Power Supply 1,N2200-PAC-400W,DTN1850P2RM,V05
gib-mpl-ds01,Fabric Extender AC power supply,FEX 113 Power Supply 2,N2200-PAC-400W,DTN1850P2RN,V05
gib-mpl-ds01,Fabric Extender AC power supply,FEX 111 Power Supply 2,N2200-PAC-400W,DTN1850P2SW,V05
gib-mpl-ds01,Fabric Extender AC power supply,FEX 111 Power Supply 1,N2200-PAC-400W,DTN1850P2T4,V05
gib-mpl-ds01,O2 16 port flexible GEM,Module 2,N55-M16UP,FOC18482Q84,V01
gib-mpl-ds01,O2 Non L3 Daughter Card,Module 3,N55-DL2,FOC19020L44,V02
gib-mpl-ds01,Fabric Extender Module,FEX 111 Module 1,N2K-C2248TP-E-1GE,FOC19023SBV,V02
gib-mpl-ds01,O2 32X10GE/Modular Universal Platform Supervisor,Module 1,N5K-C5548UP,FOC190300XJ,V01
gib-mpl-ds01,Fabric Extender Module,FEX 109 Module 1,N2K-C2248TP-E-1GE,FOC19030LWJ,V02
gib-mpl-ds01,Fabric Extender Module,FEX 113 Module 1,N2K-C2248TP-E-1GE,FOC19030M6G,V02
gib-mpl-ds01,N2K-C2248TP-E-1GE  CHASSIS,FEX 111 CHASSIS,N2K-C2248TP-E-1GE,FOX1848GL46,V02
gib-mpl-ds01,N2K-C2248TP-E-1GE  CHASSIS,FEX 113 CHASSIS,N2K-C2248TP-E-1GE,FOX1901G07C,V02
gib-mpl-ds01,N2K-C2248TP-E-1GE  CHASSIS,FEX 109 CHASSIS,N2K-C2248TP-E-1GE,FOX1902G0DS,V02
gib-mpl-ds01,Fabric Extender Fan module,FEX 109 Fan 1,N2K-C2248-FAN,N/A,N/A
gib-mpl-ds01,Fabric Extender Fan module,FEX 111 Fan 1,N2K-C2248-FAN,N/A,N/A
gib-mpl-ds01,Fabric Extender Fan module,FEX 113 Fan 1,N2K-C2248-FAN,N/A,N/A
gib-mpl-ds01,Chassis fan module,Fan 1,N5548P-FAN-B,N/A,N/A
gib-mpl-ds01,Chassis fan module,Fan 2,N5548P-FAN-B,N/A,N/A
gib-mpl-ds01,Nexus5548 Chassis,Chassis,N5K-C5548UP,SSI184502MV,V01
gib-mpl-ds02,AC power supply,Power supply 1,N55-PAC-750W-B,ART1839101X,V02
gib-mpl-ds02,AC power supply,Power supply 2,N55-PAC-750W-B,ART1839101Y,V02
gib-mpl-ds02,Fabric Extender AC power supply,FEX 110 Power Supply 2,N2200-PAC-400W,DTN1850P0JB,V05
gib-mpl-ds02,Fabric Extender AC power supply,FEX 110 Power Supply 1,N2200-PAC-400W,DTN1850P0JH,V05
gib-mpl-ds02,Fabric Extender AC power supply,FEX 112 Power Supply 2,N2200-PAC-400W,DTN1850P0KG,V05
gib-mpl-ds02,Fabric Extender AC power supply,FEX 112 Power Supply 1,N2200-PAC-400W,DTN1850P0KH,V05
gib-mpl-ds02,Fabric Extender AC power supply,FEX 114 Power Supply 2,N2200-PAC-400W,DTN1850P290,V05
gib-mpl-ds02,Fabric Extender AC power supply,FEX 114 Power Supply 1,N2200-PAC-400W,DTN1850P294,V05
gib-mpl-ds02,O2 16 port flexible GEM,Module 2,N55-M16UP,FOC1849394T,V01
gib-mpl-ds02,O2 Non L3 Daughter Card,Module 3,N55-DL2,FOC19020KWH,V02
gib-mpl-ds02,O2 32X10GE/Modular Universal Platform Supervisor,Module 1,N5K-C5548UP,FOC1903014B,V01
gib-mpl-ds02,Fabric Extender Module,FEX 110 Module 1,N2K-C2248TP-E-1GE,FOC19030M4M,V02
gib-mpl-ds02,Fabric Extender Module,FEX 114 Module 1,N2K-C2248TP-E-1GE,FOC19030M4Q,V02
gib-mpl-ds02,Fabric Extender Module,FEX 112 Module 1,N2K-C2248TP-E-1GE,FOC19030M6A,V02
gib-mpl-ds02,N2K-C2248TP-E-1GE  CHASSIS,FEX 110 CHASSIS,N2K-C2248TP-E-1GE,FOX1852GG5M,V02
gib-mpl-ds02,N2K-C2248TP-E-1GE  CHASSIS,FEX 112 CHASSIS,N2K-C2248TP-E-1GE,FOX1901G0AR,V02
gib-mpl-ds02,N2K-C2248TP-E-1GE  CHASSIS,FEX 114 CHASSIS,N2K-C2248TP-E-1GE,FOX1902G0EL,V02
gib-mpl-ds02,Fabric Extender Fan module,FEX 110 Fan 1,N2K-C2248-FAN,N/A,N/A
gib-mpl-ds02,Fabric Extender Fan module,FEX 112 Fan 1,N2K-C2248-FAN,N/A,N/A
gib-mpl-ds02,Fabric Extender Fan module,FEX 114 Fan 1,N2K-C2248-FAN,N/A,N/A
gib-mpl-ds02,Chassis fan module,Fan 1,N5548P-FAN-B,N/A,N/A
gib-mpl-ds02,Chassis fan module,Fan 2,N5548P-FAN-B,N/A,N/A
gib-mpl-ds02,Nexus5548 Chassis,Chassis,N5K-C5548UP,SSI184502KH,V01
gib-mpl-ds03,AC power supply,Power supply 2,N55-PAC-750W-B,ART173810K0,V02
gib-mpl-ds03,AC power supply,Power supply 1,N55-PAC-750W-B,ART173810KF,V02
gib-mpl-ds03,Fabric Extender AC power supply,FEX 103 Power Supply 2,N2200-PAC-400W,DTN1735P0TE,V04
gib-mpl-ds03,Fabric Extender AC power supply,FEX 103 Power Supply 1,N2200-PAC-400W,DTN1735P0TF,V04
gib-mpl-ds03,Fabric Extender AC power supply,FEX 105 Power Supply 2,N2200-PAC-400W,DTN1735P0TJ,V04
gib-mpl-ds03,Fabric Extender AC power supply,FEX 105 Power Supply 1,N2200-PAC-400W,DTN1735P0TK,V04
gib-mpl-ds03,Fabric Extender AC power supply,FEX 107 Power Supply 1,N2200-PAC-400W,DTN1736P06T,V04
gib-mpl-ds03,Fabric Extender AC power supply,FEX 107 Power Supply 2,N2200-PAC-400W,DTN1736P06Y,V04
gib-mpl-ds03,O2 32X10GE/Modular Universal Platform Supervisor,Module 1,N5K-C5548UP,FOC17172P35,V01
gib-mpl-ds03,Fabric Extender Module,FEX 101 Module 1,N2K-C2248TP-E-1GE,FOC17436SZJ,V02
gib-mpl-ds03,Fabric Extender Module,FEX 105 Module 1,N2K-C2248TP-E-1GE,FOC17436T09,V02
gib-mpl-ds03,Fabric Extender Module,FEX 107 Module 1,N2K-C2248TP-E-1GE,FOC17436T1N,V02
gib-mpl-ds03,Fabric Extender Module,FEX 103 Module 1,N2K-C2248TP-E-1GE,FOC17436T8S,V02
gib-mpl-ds03,O2 16 port flexible GEM,Module 2,N55-M16UP,FOC17459XHH,V01
gib-mpl-ds03,O2 Non L3 Daughter Card,Module 3,N55-DL2,FOC17513NXT,V02
gib-mpl-ds03,N2K-C2248TP-E-1GE  CHASSIS,FEX 101 CHASSIS,N2K-C2248TP-E-1GE,FOX1741GZPA,V02
gib-mpl-ds03,N2K-C2248TP-E-1GE  CHASSIS,FEX 103 CHASSIS,N2K-C2248TP-E-1GE,FOX1744G5TA,V02
gib-mpl-ds03,N2K-C2248TP-E-1GE  CHASSIS,FEX 105 CHASSIS,N2K-C2248TP-E-1GE,FOX1744G5TS,V02
gib-mpl-ds03,N2K-C2248TP-E-1GE  CHASSIS,FEX 107 CHASSIS,N2K-C2248TP-E-1GE,FOX1744G5W8,V02
gib-mpl-ds03,Fabric Extender AC power supply,FEX 101 Power Supply 1,N2200-PAC-400W-B,LIT17191NRD,V02
gib-mpl-ds03,Fabric Extender AC power supply,FEX 101 Power Supply 2,N2200-PAC-400W-B,LIT17191NRE,V02
gib-mpl-ds03,Fabric Extender Fan module,FEX 101 Fan 1,N2K-C2248-FAN-B,N/A,N/A
gib-mpl-ds03,Fabric Extender Fan module,FEX 103 Fan 1,N2K-C2248-FAN,N/A,N/A
gib-mpl-ds03,Fabric Extender Fan module,FEX 105 Fan 1,N2K-C2248-FAN,N/A,N/A
gib-mpl-ds03,Fabric Extender Fan module,FEX 107 Fan 1,N2K-C2248-FAN,N/A,N/A
gib-mpl-ds03,Chassis fan module,Fan 1,N5548P-FAN-B,N/A,N/A
gib-mpl-ds03,Chassis fan module,Fan 2,N5548P-FAN-B,N/A,N/A
gib-mpl-ds03,Nexus5548 Chassis,Chassis,N5K-C5548UP,SSI17130FE7,V01
gib-mpl-ds04,AC power supply,Power supply 2,N55-PAC-750W-B,ART173810JV,V02
gib-mpl-ds04,AC power supply,Power supply 1,N55-PAC-750W-B,ART173810K8,V02
gib-mpl-ds04,Fabric Extender AC power supply,FEX 106 Power Supply 2,N2200-PAC-400W,DTN1735P0P0,V04
gib-mpl-ds04,Fabric Extender AC power supply,FEX 106 Power Supply 1,N2200-PAC-400W,DTN1735P0P1,V04
gib-mpl-ds04,Fabric Extender AC power supply,FEX 108 Power Supply 2,N2200-PAC-400W,DTN1735P0PK,V04
gib-mpl-ds04,Fabric Extender AC power supply,FEX 104 Power Supply 1,N2200-PAC-400W,DTN1735P0PL,V04
gib-mpl-ds04,Fabric Extender AC power supply,FEX 108 Power Supply 1,N2200-PAC-400W,DTN1735P0PM,V04
gib-mpl-ds04,Fabric Extender AC power supply,FEX 104 Power Supply 2,N2200-PAC-400W,DTN1735P0PN,V04
gib-mpl-ds04,O2 Non L3 Daughter Card,Module 3,N55-DL2,FOC16524EJL,V01
gib-mpl-ds04,O2 32X10GE/Modular Universal Platform Supervisor,Module 1,N5K-C5548UP,FOC17015Q2C,V01
gib-mpl-ds04,O2 16 port flexible GEM,Module 2,N55-M16UP,FOC174273MX,V01
gib-mpl-ds04,Fabric Extender Module,FEX 102 Module 1,N2K-C2248TP-E-1GE,FOC17436SY6,V02
gib-mpl-ds04,Fabric Extender Module,FEX 106 Module 1,N2K-C2248TP-E-1GE,FOC17436T05,V02
gib-mpl-ds04,Fabric Extender Module,FEX 108 Module 1,N2K-C2248TP-E-1GE,FOC17436T42,V02
gib-mpl-ds04,Fabric Extender Module,FEX 104 Module 1,N2K-C2248TP-E-1GE,FOC17436T61,V02
gib-mpl-ds04,N2K-C2248TP-E-1GE  CHASSIS,FEX 106 CHASSIS,N2K-C2248TP-E-1GE,FOX1741GZND,V02
gib-mpl-ds04,N2K-C2248TP-E-1GE  CHASSIS,FEX 104 CHASSIS,N2K-C2248TP-E-1GE,FOX1744G5TC,V02
gib-mpl-ds04,N2K-C2248TP-E-1GE  CHASSIS,FEX 108 CHASSIS,N2K-C2248TP-E-1GE,FOX1744G5UD,V02
gib-mpl-ds04,N2K-C2248TP-E-1GE  CHASSIS,FEX 102 CHASSIS,N2K-C2248TP-E-1GE,FOX1744G62W,V02
gib-mpl-ds04,Fabric Extender AC power supply,FEX 102 Power Supply 2,N2200-PAC-400W-B,LIT17191P5Q,V02
gib-mpl-ds04,Fabric Extender AC power supply,FEX 102 Power Supply 1,N2200-PAC-400W-B,LIT17191P5Y,V02
gib-mpl-ds04,Fabric Extender Fan module,FEX 102 Fan 1,N2K-C2248-FAN-B,N/A,N/A
gib-mpl-ds04,Fabric Extender Fan module,FEX 104 Fan 1,N2K-C2248-FAN,N/A,N/A
gib-mpl-ds04,Fabric Extender Fan module,FEX 106 Fan 1,N2K-C2248-FAN,N/A,N/A
gib-mpl-ds04,Fabric Extender Fan module,FEX 108 Fan 1,N2K-C2248-FAN,N/A,N/A
gib-mpl-ds04,Chassis fan module,Fan 1,N5548P-FAN-B,N/A,N/A
gib-mpl-ds04,Chassis fan module,Fan 2,N5548P-FAN-B,N/A,N/A
gib-mpl-ds04,Nexus5548 Chassis,Chassis,N5K-C5548UP,SSI164909QS,V01
gib-mpl-mq01,10GBase-SR,TenGigabitEthernet1/0/1,X2-10GB-SR,AGA1336XA2W,V03
gib-mpl-mq01,10GBase-SR,TenGigabitEthernet1/0/2,X2-10GB-SR,AGA1444XWCL,V04
gib-mpl-mq01,FRU Power Supply,Switch 1 - Power Supply 0,C3K-PWR-265WAC,DTN1323C06L,V01D
gib-mpl-mq01,WS-C3750E-48TD,1,WS-C3750E-48TD-S,FDO1327R0KC,V03
gib-mpl-mq02,10GBase-SR,TenGigabitEthernet1/0/1,X2-10GB-SR,AGA1336X960,V03
gib-mpl-mq02,FRU Power Supply,Switch 1 - Power Supply 0,C3K-PWR-265WAC,DTN1323C0GT,V01D
gib-mpl-mq02,WS-C3750E-48TD,1,WS-C3750E-48TD-S,FDO1327R0GG,V03
gib-vcore1,Chassis 1 X2 Transceiver 10Gbase-SR Te1/4/3,Chassis 1 Transceiver Te1/4/3,X2-10GB-SR,AGA1237XQGG,V03
gib-vcore1,Chassis 1 X2 Transceiver 10Gbase-SR Te1/4/2,Chassis 1 Transceiver Te1/4/2,X2-10GB-SR,AGA1237XRKJ,V03
gib-vcore1,Chassis 1 X2 Transceiver 10Gbase-SR Te1/5/5,Chassis 1 Transceiver Te1/5/5,X2-10GB-SR,AGA1238XTYV,V03
gib-vcore1,Chassis 1 X2 Transceiver 10Gbase-SR Te1/4/4,Chassis 1 Transceiver Te1/4/4,X2-10GB-SR,AGA1238XUJZ,V03
gib-vcore1,Chassis 1 X2 Transceiver 10Gbase-SR Te1/5/4,Chassis 1 Transceiver Te1/5/4,X2-10GB-SR,AGA1240X11B,V03
gib-vcore1,Chassis 2 X2 Transceiver 10Gbase-SR Te2/4/3,Chassis 2 Transceiver Te2/4/3,X2-10GB-SR,AGA1241X2WA,V03
gib-vcore1,Chassis 2 X2 Transceiver 10Gbase-SR Te2/4/4,Chassis 2 Transceiver Te2/4/4,X2-10GB-SR,AGA1241XZZ8,V03
gib-vcore1,Chassis 1 X2 Transceiver 10Gbase-SR Te1/4/1,Chassis 1 Transceiver Te1/4/1,X2-10GB-SR,AGA1306XWFP,V03
gib-vcore1,Chassis 2 X2 Transceiver 10Gbase-SR Te2/4/2,Chassis 2 Transceiver Te2/4/2,X2-10GB-SR,AGA1306XX3Q,V03
gib-vcore1,Chassis 2 X2 Transceiver 10Gbase-SR Te2/4/1,Chassis 2 Transceiver Te2/4/1,X2-10GB-SR,AGA1306XX78,V03
gib-vcore1,Chassis 2 X2 Transceiver 10Gbase-SR Te2/4/5,Chassis 2 Transceiver Te2/4/5,X2-10GB-SR,AGA1336X98E,V03
gib-vcore1,Chassis 2 X2 Transceiver 10Gbase-SR Te2/4/6,Chassis 2 Transceiver Te2/4/6,X2-10GB-SR,AGA1336X9HC,V03
gib-vcore1,Chassis 1 X2 Transceiver 10Gbase-SR Te1/4/6,Chassis 1 Transceiver Te1/4/6,X2-10GB-SR,AGA1336X9ML,V03
gib-vcore1,Chassis 1 X2 Transceiver 10Gbase-SR Te1/4/5,Chassis 1 Transceiver Te1/4/5,X2-10GB-SR,AGA1336X9YQ,V03
gib-vcore1,Chassis 2 X2 Transceiver 10Gbase-SR Te2/4/8,Chassis 2 Transceiver Te2/4/8,X2-10GB-SR,AGA1429XW3Y,V04
gib-vcore1,Chassis 2 X2 Transceiver 10Gbase-SR Te2/4/7,Chassis 2 Transceiver Te2/4/7,X2-10GB-SR,AGA1444XWCN,V04
gib-vcore1,Chassis 1 X2 Transceiver 10Gbase-SR Te1/4/7,Chassis 1 Transceiver Te1/4/7,X2-10GB-SR,AGA1445XYMF,V04
gib-vcore1,Chassis 1 AC power supply,Chassis 1 PS 2 WS-CAC-3000W,WS-CAC-3000W,AZS11490E0F,V01
gib-vcore1,Chassis 1 AC power supply,Chassis 1 PS 1 WS-CAC-3000W,WS-CAC-3000W,AZS13330DE4,V01
gib-vcore1,Chassis 1 Enhanced 9-slot Fan Tray 1,Chassis 1 WS-C6509-E-FAN 1,WS-C6509-E-FAN,DCH11454349,V03
gib-vcore1,Chassis 2 Enhanced 9-slot Fan Tray 1,Chassis 2 WS-C6509-E-FAN 1,WS-C6509-E-FAN,DCH1819005L,V05
gib-vcore1,Chassis 1 X2 Transceiver 10Gbase-SR Te1/4/8,Chassis 1 Transceiver Te1/4/8,X2-10GB-SR,FNS14280RRT,V04
gib-vcore1,Chassis 2 X2 Transceiver 10Gbase-SR Te2/3/8,Chassis 2 Transceiver Te2/3/8,X2-10GB-SR,FNS17020KRT,V06
gib-vcore1,Chassis 1 X2 Transceiver 10Gbase-SR Te1/3/8,Chassis 1 Transceiver Te1/3/8,X2-10GB-SR,FNS17020KZX,V06
gib-vcore1,Chassis 1 X2 Transceiver 10Gbase-SR Te1/3/3,Chassis 1 Transceiver Te1/3/3,X2-10GB-SR,FNS17381X62,V06
gib-vcore1,Chassis 1 X2 Transceiver 10Gbase-SR Te1/3/1,Chassis 1 Transceiver Te1/3/1,X2-10GB-SR,FNS18050EN6,V06
gib-vcore1,Chassis 1 X2 Transceiver 10Gbase-SR Te1/3/2,Chassis 1 Transceiver Te1/3/2,X2-10GB-SR,FNS18050ENF,V06
gib-vcore1,Chassis 2 X2 Transceiver 10Gbase-SR Te2/3/2,Chassis 2 Transceiver Te2/3/2,X2-10GB-SR,FNS18050ENL,V06
gib-vcore1,Chassis 2 X2 Transceiver 10Gbase-SR Te2/3/1,Chassis 2 Transceiver Te2/3/1,X2-10GB-SR,FNS18050ENP,V06
gib-vcore1,Chassis 1 X2 Transceiver 10Gbase-SR Te1/3/5,Chassis 1 Transceiver Te1/3/5,X2-10GB-SR,FNS1853012D,V06
gib-vcore1,Chassis 2 X2 Transceiver 10Gbase-SR Te2/3/5,Chassis 2 Transceiver Te2/3/5,X2-10GB-SR,FNS1853012N,V06
gib-vcore1,Chassis 2 X2 Transceiver 10Gbase-SR Te2/3/3,Chassis 2 Transceiver Te2/3/3,X2-10GB-SR,FNS1853012U,V06
gib-vcore1,Chassis 1 X2 Transceiver 10Gbase-SR Te1/3/7,Chassis 1 Transceiver Te1/3/7,X2-10GB-SR,FNS1853014V,V06
gib-vcore1,Chassis 2 X2 Transceiver 10Gbase-SR Te2/5/4,Chassis 2 Transceiver Te2/5/4,X2-10GB-SR,FNS18530156,V06
gib-vcore1,Chassis 2 X2 Transceiver 10Gbase-SR Te2/5/5,Chassis 2 Transceiver Te2/5/5,X2-10GB-SR,FNS18530177,V06
gib-vcore1,Chassis 1 X2 Transceiver 10Gbase-SR Te1/3/4,Chassis 1 Transceiver Te1/3/4,X2-10GB-SR,FNS1853017F,V06
gib-vcore1,Chassis 2 X2 Transceiver 10Gbase-SR Te2/3/4,Chassis 2 Transceiver Te2/3/4,X2-10GB-SR,FNS19020LAM,V06
gib-vcore1,Chassis 1 X2 Transceiver 10Gbase-SR Te1/3/6,Chassis 1 Transceiver Te1/3/6,X2-10GB-SR,FNS19020M2P,V06
gib-vcore1,Chassis 2 X2 Transceiver 10Gbase-SR Te2/3/7,Chassis 2 Transceiver Te2/3/7,X2-10GB-SR,FNS19020M2T,V06
gib-vcore1,Chassis 2 X2 Transceiver 10Gbase-SR Te2/3/6,Chassis 2 Transceiver Te2/3/6,X2-10GB-SR,FNS19020M2Y,V06
gib-vcore1,Chassis 1 ACE20-MOD-K9 1 ports Application Control Engine Module Rev. 2.3,Chassis 1 8,ACE20-MOD-K9,SAD1202076R,V02
gib-vcore1,Chassis 2 ACE20-MOD-K9 1 ports Application Control Engine Module Rev. 2.3,Chassis 2 8,ACE20-MOD-K9,SAD12020770,V02
gib-vcore1,Chassis 1 WS-X6748-GE-TX CEF720 48 port 10/100/1000mb Ethernet Rev. 2.6,Chassis 1 1,WS-X6748-GE-TX,SAL1151AQHT,V02
gib-vcore1,Chassis 1 WS-F6700-CFC Centralized Forwarding Card Rev. 4.0,Chassis 1 WS-F6700-CFC Centralized Forwarding Card sub-module of 1,WS-F6700-CFC,SAL1201C5XC,V05
gib-vcore1,Chassis 2 WS-F6700-DFC3C Distributed Forwarding Card 3 Rev. 1.2,Chassis 2 WS-F6700-DFC3C Distributed Forwarding Card 3 sub-module of 4,WS-F6700-DFC3C,SAL1312M33W,V02
gib-vcore1,Chassis 1 WS-F6700-DFC3C Distributed Forwarding Card 3 Rev. 1.2,Chassis 1 WS-F6700-DFC3C Distributed Forwarding Card 3 sub-module of 4,WS-F6700-DFC3C,SAL1313M8WG,V02
gib-vcore1,Chassis 1 VS-S720-10G 5 ports Supervisor Engine 720 10GE Rev. 3.1,Chassis 1 5,VS-S720-10G,SAL1313M95S,V04
gib-vcore1,Chassis 1 VS-F6K-MSFC3 MSFC3 Daughterboard Rev. 1.1,Chassis 1 msfc sub-module of 5,VS-F6K-MSFC3,SAL1313MANC,V02
gib-vcore1,Chassis 1 VS-F6K-PFC3C Policy Feature Card 3 Rev. 1.0,Chassis 1 VS-F6K-PFC3C Policy Feature Card 3 sub-module of 5,VS-F6K-PFC3C,SAL1313MCXX,V01
gib-vcore1,Chassis 2 WS-X6708-10GE CEF720 8 port 10GE with DFC Rev. 1.6,Chassis 2 4,WS-X6708-10GE,SAL1313MDBN,V06
gib-vcore1,Chassis 1 WS-X6708-10GE CEF720 8 port 10GE with DFC Rev. 1.6,Chassis 1 4,WS-X6708-10GE,SAL1313MDD7,V06
gib-vcore1,Chassis 2 WS-X6708-10GE CEF720 8 port 10GE with DFC Rev. 3.6,Chassis 2 3,WS-X6708-10GE,SAL1652V4LG,V12
gib-vcore1,Chassis 1 WS-X6708-10GE CEF720 8 port 10GE with DFC Rev. 3.6,Chassis 1 3,WS-X6708-10GE,SAL1653VE54,V12
gib-vcore1,Chassis 2 WS-F6700-DFC3C Distributed Forwarding Card 3 Rev. 1.6,Chassis 2 WS-F6700-DFC3C Distributed Forwarding Card 3 sub-module of 3,WS-F6700-DFC3C,SAL1653VMX4,V04
gib-vcore1,Chassis 1 WS-F6700-DFC3C Distributed Forwarding Card 3 Rev. 1.6,Chassis 1 WS-F6700-DFC3C Distributed Forwarding Card 3 sub-module of 3,WS-F6700-DFC3C,SAL1653VQD7,V04
gib-vcore1,Chassis 2 VS-F6K-MSFC3 MSFC3 Daughterboard Rev. 5.2,Chassis 2 msfc sub-module of 5,VS-F6K-MSFC3,SAL18391KR4,V06
gib-vcore1,Chassis 2 VS-F6K-PFC3C Policy Feature Card 3 Rev. 1.3,Chassis 2 VS-F6K-PFC3C Policy Feature Card 3 sub-module of 5,VS-F6K-PFC3C,SAL18526X6W,V02
gib-vcore1,Chassis 2 VS-S720-10G 5 ports Supervisor Engine 720 10GE Rev. 4.3,Chassis 2 5,VS-S720-10G,SAL185270M2,V06
gib-vcore1,Chassis 2 WS-F6700-CFC Centralized Forwarding Card Rev. 4.2,Chassis 2 WS-F6700-CFC Centralized Forwarding Card sub-module of 1,WS-F6700-CFC,SAL190281HJ,V06
gib-vcore1,Chassis 2 WS-X6748-GE-TX CEF720 48 port 10/100/1000mb Ethernet Rev. 4.6,Chassis 2 1,WS-X6748-GE-TX,SAL190384ZK,V06
gib-vcore1,Chassis 1 Cisco Systems Catalyst 6500 9-slot Chassis System,Chassis 1 WS-C6509-E,WS-C6509-E,SMC11480030,V04
gib-vcore1,Chassis 2 Cisco Systems,Chassis 2 WS-C6509-E,WS-C6509-E,SMC1846002K,V06
gib-vcore1,Chassis 1 OSR-7600 Clock FRU 1,Chassis 1 CLK-7600 1,CLK-7600,SMT1136P369,none
gib-vcore1,Chassis 1 OSR-7600 Clock FRU 2,Chassis 1 CLK-7600 2,CLK-7600,SMT1136P369,none
gib-vcore1,Chassis 1 VTT-E FRU 1,Chassis 1 WS-C6K-VTT-E 1,WS-C6K-VTT-E,SMT1140B258,none
gib-vcore1,Chassis 1 VTT-E FRU 3,Chassis 1 WS-C6K-VTT-E 3,WS-C6K-VTT-E,SMT1140B266,none
gib-vcore1,Chassis 1 VTT-E FRU 2,Chassis 1 WS-C6K-VTT-E 2,WS-C6K-VTT-E,SMT1140B282,none
gib-vcore1,Chassis 2 OSR-7600 Clock FRU 1,Chassis 2 CLK-7600 1,CLK-7600,SMT1747A889,none
gib-vcore1,Chassis 2 OSR-7600 Clock FRU 2,Chassis 2 CLK-7600 2,CLK-7600,SMT1747A889,none
gib-vcore1,Chassis 2 VTT-E FRU 3,Chassis 2 WS-C6K-VTT-E 3,WS-C6K-VTT-E,SMT1810C338,none
gib-vcore1,Chassis 2 VTT-E FRU 2,Chassis 2 WS-C6K-VTT-E 2,WS-C6K-VTT-E,SMT1810D058,none
gib-vcore1,Chassis 2 VTT-E FRU 1,Chassis 2 WS-C6K-VTT-E 1,WS-C6K-VTT-E,SMT1810D059,none
gib-vcore1,Chassis 2 AC power supply,Chassis 2 PS 2 WS-CAC-3000W,WS-CAC-3000W,SNI1845AY8R,V03
gib-vcore1,Chassis 2 AC power supply,Chassis 2 PS 1 WS-CAC-3000W,WS-CAC-3000W,SNI1845AY98,V03
gib-voice1,2821 chassis,2821 chassis,CISCO2821,FCZ131470B2,V05
gib-voice1,PVDMII DSP SIMM with Two DSPs,PVDMII DSP SIMM with Two DSPs,PVDM2-32,FOC13033EGU,V01
gib-voice1,VWIC2-1MFT-T1/E1 - 1-Port RJ-48 Multiflex Trunk - T1/E1,VWIC2-1MFT-T1/E1 - 1-Port RJ-48 Multiflex Trunk - T1/E1,VWIC2-1MFT-T1/E1,FOC131040DU,V01
gib-who-asa,ASA/IPS 180W AC Power Supply,power supply,ASA-180W-PWR-AC,DTN153182VU,V03
gib-who-asa,ASA 5520 Adaptive Security Appliance,Chassis,ASA5520,JMX1541X1MZ,V08
gib-who-asa-pri,ASA/IPS 180W AC Power Supply,power supply,ASA-180W-PWR-AC,DTN153182VU,V03
gib-who-asa-pri,ASA 5520 Adaptive Security Appliance,Chassis,ASA5520,JMX1541X1MZ,V08
gib-who-asa-sec,ASA/IPS 180W AC Power Supply,power supply,ASA-180W-PWR-AC,DTN153182W3,V03
gib-who-asa-sec,ASA 5520 Adaptive Security Appliance,Chassis,ASA5520,JMX1541X1MM,V08
gib-wp3-vacc1,WS-C3750V2-48PS,6,WS-C3750V2-48PS-S,FDO1625X0R9,V09
gib-wp3-vacc1,WS-C3750V2-48PS,3,WS-C3750V2-48PS-S,FDO1627X0ER,V09
gib-wp3-vacc1,WS-C3750V2-48PS,4,WS-C3750V2-48PS-S,FDO1632X2BF,V09
gib-wp3-vacc1,WS-C3750V2-48PS,2,WS-C3750V2-48PS-S,FDO1634X1YN,V09
gib-wp3-vacc1,WS-C3750V2-48PS,5,WS-C3750V2-48PS-S,FDO1634X1YR,V09
gib-wp3-vacc1,WS-C3750V2-48PS,1,WS-C3750V2-48PS-S,FDO1634X218,V09
gib-wp3-vacc1,WS-C3750V2-48PS,8,WS-C3750V2-48PS-S,FDO1636X1GW,V09
gib-wp3-vacc1,WS-C3750V2-48PS,7,WS-C3750V2-48PS-S,FDO1637Y0CF,V09
gib-wp3-vacc1,1000BaseSX SFP,GigabitEthernet1/0/1,Unspecified,FNS16310J1K,none
gib-wp3-vacc1,1000BaseSX SFP,GigabitEthernet5/0/1,Unspecified,FNS16311RM3,none
gib-wp5-vacc1,1000BaseSX SFP,Gi1/1/1,,AGM11461BEA,none
gib-wp5-vacc1,1000BaseSX SFP,Gi3/1/1,,AGM115016QX,none
gib-wp5-vacc1,Switch 2 - Power Supply A,Switch 2 - Power Supply A,PWR-C2-640WAC,DCB2139B32Z,V03
gib-wp5-vacc1,Switch 2 - Power Supply B,Switch 2 - Power Supply B,PWR-C2-640WAC,DCB2139B338,V03
gib-wp5-vacc1,Switch 1 - Power Supply B,Switch 1 - Power Supply B,PWR-C2-640WAC,DCB2139B33D,V03
gib-wp5-vacc1,Switch 1 - Power Supply A,Switch 1 - Power Supply A,PWR-C2-640WAC,DCB2139B33L,V03
gib-wp5-vacc1,Switch 3 - Power Supply B,Switch 3 - Power Supply B,PWR-C2-640WAC,DCB2139B36F,V03
gib-wp5-vacc1,Switch 4 - Power Supply A,Switch 4 - Power Supply A,PWR-C2-640WAC,DCB2139B36G,V03
gib-wp5-vacc1,Switch 4 - Power Supply B,Switch 4 - Power Supply B,PWR-C2-640WAC,DCB2139B36H,V03
gib-wp5-vacc1,Switch 3 - Power Supply A,Switch 3 - Power Supply A,PWR-C2-640WAC,DCB2139B36K,V03
gib-wp5-vacc1,StackAdapter3/2,StackAdapter3/2,C3650-STACK,FDO21411MN1,V01
gib-wp5-vacc1,StackAdapter4/2,StackAdapter4/2,C3650-STACK,FDO21411MN3,V01
gib-wp5-vacc1,StackAdapter4/1,StackAdapter4/1,C3650-STACK,FDO21411MT8,V01
gib-wp5-vacc1,StackAdapter3/1,StackAdapter3/1,C3650-STACK,FDO21411MTH,V01
gib-wp5-vacc1,StackAdapter1/1,StackAdapter1/1,C3650-STACK,FDO21411MUN,V01
gib-wp5-vacc1,StackAdapter2/2,StackAdapter2/2,C3650-STACK,FDO21411MUT,V01
gib-wp5-vacc1,StackAdapter2/1,StackAdapter2/1,C3650-STACK,FDO214213JF,V01
gib-wp5-vacc1,StackAdapter1/2,StackAdapter1/2,C3650-STACK,FDO214213K7,V01
gib-wp5-vacc1,WS-C3650-48PD-S,Switch 2,WS-C3650-48PD-S,FDO2147E10E,V05
gib-wp5-vacc1,WS-C3650-48PD-S,Switch 4,WS-C3650-48PD-S,FDO2147E10J,V05
gib-wp5-vacc1,WS-C3650-48PD-S,Switch 3,WS-C3650-48PD-S,FDO2147Q0W0,V05
gib-wp5-vacc1,WS-C3650-48PD-S,Switch 1,WS-C3650-48PD-S,FDO2147V14T,V05
gib-wp5-vacc1,c36xx Stack,c36xx Stack,WS-C3650-48PD-S,FDO2147V14T,V05
gib-wp5-vacc1,StackPort1/2,StackPort1/2,STACK-T2-1M,LCC2125GAE4,V03
gib-wp5-vacc1,StackPort4/1,StackPort4/1,STACK-T2-1M,LCC2125GAE4,V03
gib-wp5-vacc1,StackPort3/1,StackPort3/1,STACK-T2-50CM,LCC2133G21J,V03
gib-wp5-vacc1,StackPort4/2,StackPort4/2,STACK-T2-50CM,LCC2133G21J,V03
gib-wp5-vacc1,StackPort1/1,StackPort1/1,STACK-T2-50CM,LCC2133GCHF,V03
gib-wp5-vacc1,StackPort2/2,StackPort2/2,STACK-T2-50CM,LCC2133GCHF,V03
gib-wp5-vacc1,StackPort2/1,StackPort2/1,STACK-T2-50CM,LCC2133GCL9,V03
gib-wp5-vacc1,StackPort3/2,StackPort3/2,STACK-T2-50CM,LCC2133GCL9,V03
gib-wp5-vacc2,1000BaseSX SFP,GigabitEthernet1/0/1,Unspecified,AGM1602L8HA,none
gib-wp5-vacc2,WS-C3750V2-48PS,3,WS-C3750V2-48PS-S,FDO1605X11Y,V08
gib-wp5-vacc2,WS-C3750V2-48PS,2,WS-C3750V2-48PS-S,FDO1605X123,V08
gib-wp5-vacc2,WS-C3750V2-48PS,4,WS-C3750V2-48PS-S,FDO1605X12B,V08
gib-wp5-vacc2,WS-C3750V2-48PS,1,WS-C3750V2-48PS-S,FDO1605X12L,V08
gib-wp5-vacc2,1000BaseSX SFP,GigabitEthernet4/0/1,GLC-SX-MMD,FNS17511RQ8,V01
gib-wp6-cs01,Power Supply ( AC 750W ),Switch1 Power Supply 2,C4KX-PWR-750AC-R,ART2038X0JS,V01
gib-wp6-cs01,Power Supply ( AC 750W ),Switch1 Power Supply 1,C4KX-PWR-750AC-R,ART2039X1E4,V01
gib-wp6-cs01,Power Supply ( AC 750W ),Switch2 Power Supply 2,C4KX-PWR-750AC-R,ART2039X1EY,V01
gib-wp6-cs01,Power Supply ( AC 750W ),Switch2 Power Supply 1,C4KX-PWR-750AC-R,ART2039X1EZ,V01
gib-wp6-cs01,1000BaseT,TenGigabitEthernet1/1/24,GLC-TE,AVC2217246H,V01
gib-wp6-cs01,1000BaseT,TenGigabitEthernet1/1/17,GLC-TE,AVC22172470,V01
gib-wp6-cs01,1000BaseT,TenGigabitEthernet2/1/27,GLC-TE,AVC22172478,V01
gib-wp6-cs01,1000BaseT,TenGigabitEthernet2/1/24,GLC-TE,AVC2217247E,V01
gib-wp6-cs01,1000BaseT,TenGigabitEthernet2/1/17,GLC-TE,AVC2217247M,V01
gib-wp6-cs01,1000BaseT,TenGigabitEthernet1/1/27,GLC-TE,AVC2217249C,V01
gib-wp6-cs01,SFP-10Gbase-SR,TenGigabitEthernet2/1/1,SFP-10G-SR,AVD1819A38K,V03
gib-wp6-cs01,SFP-10Gbase-SR,TenGigabitEthernet2/1/3,SFP-10G-SR,AVD1819A8RL,V03
gib-wp6-cs01,SFP-10Gbase-SR,TenGigabitEthernet2/1/21,SFP-10G-SR,AVD2220ACJY,V03
gib-wp6-cs01,SFP-10Gbase-SR,TenGigabitEthernet1/1/16,SFP-10G-SR,AVD2220ACK4,V03
gib-wp6-cs01,SFP-10Gbase-SR,TenGigabitEthernet2/1/29,SFP-10G-SR,AVD2220ACKE,V03
gib-wp6-cs01,SFP-10Gbase-SR,TenGigabitEthernet2/1/14,SFP-10G-SR,AVD2220ACKV,V03
gib-wp6-cs01,SFP-10Gbase-SR,TenGigabitEthernet2/1/16,SFP-10G-SR,AVD2220ACLE,V03
gib-wp6-cs01,SFP-10Gbase-SR,TenGigabitEthernet1/1/21,SFP-10G-SR,AVD222190FM,V03
gib-wp6-cs01,SFP-10Gbase-SR,TenGigabitEthernet1/1/30,SFP-10G-SR,AVD2221926S,V03
gib-wp6-cs01,SFP-10Gbase-SR,TenGigabitEthernet2/1/32,SFP-10G-SR,AVD2221926X,V03
gib-wp6-cs01,SFP-10Gbase-SR,TenGigabitEthernet2/1/20,SFP-10G-SR,AVD222192A4,V03
gib-wp6-cs01,SFP-10Gbase-SR,TenGigabitEthernet2/1/19,SFP-10G-SR,AVD222192DB,V03
gib-wp6-cs01,SFP-10Gbase-SR,TenGigabitEthernet2/1/13,SFP-10G-SR,AVD2221972W,V03
gib-wp6-cs01,SFP-10Gbase-SR,TenGigabitEthernet1/1/29,SFP-10G-SR,AVD2221973B,V03
gib-wp6-cs01,SFP-10Gbase-SR,TenGigabitEthernet1/1/20,SFP-10G-SR,AVD22219742,V03
gib-wp6-cs01,SFP-10Gbase-SR,TenGigabitEthernet1/1/32,SFP-10G-SR,AVD2221974F,V03
gib-wp6-cs01,SFP-10Gbase-SR,TenGigabitEthernet1/1/22,SFP-10G-SR,AVD2221974Z,V03
gib-wp6-cs01,SFP-10Gbase-SR,TenGigabitEthernet1/1/19,SFP-10G-SR,AVD2221975H,V03
gib-wp6-cs01,SFP-10Gbase-SR,TenGigabitEthernet2/1/15,SFP-10G-SR,AVD222197R2,V03
gib-wp6-cs01,SFP-10Gbase-SR,TenGigabitEthernet1/1/13,SFP-10G-SR,AVD22219F6P,V03
gib-wp6-cs01,SFP-10Gbase-SR,TenGigabitEthernet2/1/30,SFP-10G-SR,AVD22219F7L,V03
gib-wp6-cs01,SFP-10Gbase-SR,TenGigabitEthernet2/1/22,SFP-10G-SR,AVD22219F7S,V03
gib-wp6-cs01,SFP-10Gbase-SR,TenGigabitEthernet1/1/15,SFP-10G-SR,AVD22219F9N,V03
gib-wp6-cs01,SFP-10Gbase-SR,TenGigabitEthernet1/1/14,SFP-10G-SR,AVD22219REZ,V03
gib-wp6-cs01,SFP-10Gbase-SR,TenGigabitEthernet1/1/1,SFP-10G-SR,FNS17031JQJ,V04
gib-wp6-cs01,SFP-10Gbase-SR,TenGigabitEthernet1/1/2,SFP-10G-SR,FNS17031JRC,V04
gib-wp6-cs01,SFP-10Gbase-SR,TenGigabitEthernet2/1/2,SFP-10G-SR,FNS17091YJ4,V04
gib-wp6-cs01,SFP-10Gbase-SR,TenGigabitEthernet1/1/3,SFP-10G-SR,FNS17091ZKS,V04
gib-wp6-cs01,4500X-32 10GE (SFP+),Switch1 Supervisor 1 (virtual slot 1),WS-C4500X-32,JAE203706L7,V06
gib-wp6-cs01,Cisco Systems,Switch1 System,,JAE203706L7,none
gib-wp6-cs01,4500X-32 10GE (SFP+),Switch2 Supervisor 1 (virtual slot 11),WS-C4500X-32,JAE203706NV,V06
gib-wp6-cs01,Cisco Systems,Switch2 System,,JAE203706NV,none
gib-wp6-vacc1,1000BaseSX SFP,GigabitEthernet5/0/1,Unspecified,AGM115016Q0,none
gib-wp6-vacc1,1000BaseSX SFP,GigabitEthernet4/0/1,Unspecified,AGM120713BY,none
gib-wp6-vacc1,1000BaseSX SFP,GigabitEthernet5/0/3,Unspecified,AGM120715GX,none
gib-wp6-vacc1,1000BaseSX SFP,GigabitEthernet1/0/1,Unspecified,AGM120716GR,none
gib-wp6-vacc1,1000BaseSX SFP,GigabitEthernet1/0/4,Unspecified,AGM1602L8HV,none
gib-wp6-vacc1,1000BaseSX SFP,GigabitEthernet2/0/2,Unspecified,AGM1602L8JD,none
gib-wp6-vacc1,10/100/1000BaseTX SFP,GigabitEthernet4/0/4,GLC-TE,AVC2217247F,V01
gib-wp6-vacc1,10/100/1000BaseTX SFP,GigabitEthernet5/0/4,GLC-TE,AVC2217248T,V01
gib-wp6-vacc1,WS-C3750V2-48PS,5,WS-C3750V2-48PS-S,FDO1627X0DD,V09
gib-wp6-vacc1,WS-C3750V2-48PS,3,WS-C3750V2-48PS-S,FDO1634X1Z0,V09
gib-wp6-vacc1,WS-C3750V2-48PS,2,WS-C3750V2-48PS-S,FDO1634X203,V09
gib-wp6-vacc1,WS-C3750V2-48PS,1,WS-C3750V2-48PS-S,FDO1634X21F,V09
gib-wp6-vacc1,WS-C3750V2-48PS,4,WS-C3750V2-48PS-S,FDO1634X26N,V09
gib-wp6-vacc1,1000BaseSX SFP,GigabitEthernet1/0/3,Unspecified,FNS16310HX9,none
gib-wp6-vacc1,1000BaseSX SFP,GigabitEthernet2/0/1,Unspecified,FNS16310JC1,none
gib-wp6-vacc1,1000BaseSX SFP,GigabitEthernet3/0/1,Unspecified,FNS16310JCU,none
gib-wp6-vacc1,1000BaseSX SFP,GigabitEthernet2/0/3,Unspecified,FNS16311Q52,none
gib-wp6-vacc1,1000BaseSX SFP,GigabitEthernet3/0/3,GLC-SX-MMD,FNS17511RV9,V01
gib-wp6-vacc1,1000BaseSX SFP,GigabitEthernet4/0/2,GLC-SX-MMD,FNS17511U8V,V01
gib-wp6-vacc1,10/100/1000BaseTX SFP,GigabitEthernet2/0/4,Unspecified,MTC130802FF,none
gib-wp6-vacc1,10/100/1000BaseTX SFP,GigabitEthernet3/0/4,Unspecified,MTC130802GG,none
gib-wp6-vacc1,1000BaseSX SFP,GigabitEthernet3/0/2,Unspecified,OPA12254471,none
gib-wp6-vacc1,1000BaseSX SFP,GigabitEthernet1/0/2,Unspecified,OPA12254772,none
gib-wp6-vacc2,Switch 3 - Power Supply A,Switch 3 - Power Supply A,PWR-C2-640WAC,DCB2139B30Z,V03
gib-wp6-vacc2,Switch 4 - Power Supply B,Switch 4 - Power Supply B,PWR-C2-640WAC,DCB2139B31K,V03
gib-wp6-vacc2,Switch 3 - Power Supply B,Switch 3 - Power Supply B,PWR-C2-640WAC,DCB2139B339,V03
gib-wp6-vacc2,Switch 4 - Power Supply A,Switch 4 - Power Supply A,PWR-C2-640WAC,DCB2139B33B,V03
gib-wp6-vacc2,Switch 1 - Power Supply A,Switch 1 - Power Supply A,PWR-C2-640WAC,DCB2139B34X,V03
gib-wp6-vacc2,Switch 1 - Power Supply B,Switch 1 - Power Supply B,PWR-C2-640WAC,DCB2139B352,V03
gib-wp6-vacc2,Switch 2 - Power Supply A,Switch 2 - Power Supply A,PWR-C2-640WAC,DCB2139B36N,V03
gib-wp6-vacc2,Switch 2 - Power Supply B,Switch 2 - Power Supply B,PWR-C2-640WAC,DCB2139B36R,V03
gib-wp6-vacc2,StackAdapter1/1,StackAdapter1/1,C3650-STACK,FDO21411MN5,V01
gib-wp6-vacc2,StackAdapter3/2,StackAdapter3/2,C3650-STACK,FDO21411MU9,V01
gib-wp6-vacc2,StackAdapter3/1,StackAdapter3/1,C3650-STACK,FDO21411MUQ,V01
gib-wp6-vacc2,StackAdapter2/2,StackAdapter2/2,C3650-STACK,FDO214213C8,V01
gib-wp6-vacc2,StackAdapter4/1,StackAdapter4/1,C3650-STACK,FDO214213E6,V01
gib-wp6-vacc2,StackAdapter4/2,StackAdapter4/2,C3650-STACK,FDO214213NW,V01
gib-wp6-vacc2,StackAdapter2/1,StackAdapter2/1,C3650-STACK,FDO21421413,V01
gib-wp6-vacc2,StackAdapter1/2,StackAdapter1/2,C3650-STACK,FDO214216AJ,V01
gib-wp6-vacc2,WS-C3650-48PD-S,Switch 1,WS-C3650-48PD-S,FDO2147Q0UB,V05
gib-wp6-vacc2,c36xx Stack,c36xx Stack,WS-C3650-48PD-S,FDO2147Q0UB,V05
gib-wp6-vacc2,WS-C3650-48PD-S,Switch 3,WS-C3650-48PD-S,FDO2147Q0W2,V05
gib-wp6-vacc2,WS-C3650-48PD-S,Switch 2,WS-C3650-48PD-S,FDO2147Q0W3,V05
gib-wp6-vacc2,WS-C3650-48PD-S,Switch 4,WS-C3650-48PD-S,FDO2147V148,V05
gib-wp6-vacc2,1000BaseSX SFP,Gi4/1/1,,FNS16311NPA,none
gib-wp6-vacc2,StackPort1/2,StackPort1/2,STACK-T2-1M,LCC2125GAE8,V03
gib-wp6-vacc2,StackPort2/1,StackPort2/1,STACK-T2-50CM,LCC2133GCKD,V03
gib-wp6-vacc2,StackPort3/2,StackPort3/2,STACK-T2-50CM,LCC2133GCKD,V03
gib-wp6-vacc2,StackPort3/1,StackPort3/1,STACK-T2-50CM,LCC2133GCN8,V03
gib-wp6-vacc2,StackPort4/2,StackPort4/2,STACK-T2-50CM,LCC2133GCN8,V03
gib-wp6-vacc2,StackPort1/1,StackPort1/1,STACK-T2-50CM,LCC2133GER2,V03
gib-wp6-vacc2,StackPort2/2,StackPort2/2,STACK-T2-50CM,LCC2133GER2,V03
gib-wp6-vacc2,1000BaseSX SFP,Gi1/1/1,,OPA12254484,none
gib-wpg-vacc1,1000BaseSX SFP,Gi5/1/1,,AGM120715GY,none
gib-wpg-vacc1,Switch 5 - Power Supply B,Switch 5 - Power Supply B,PWR-C2-640WAC,DCB2139B30T,V03
gib-wpg-vacc1,Switch 3 - Power Supply A,Switch 3 - Power Supply A,PWR-C2-640WAC,DCB2139B30V,V03
gib-wpg-vacc1,Switch 4 - Power Supply A,Switch 4 - Power Supply A,PWR-C2-640WAC,DCB2139B30X,V03
gib-wpg-vacc1,Switch 5 - Power Supply A,Switch 5 - Power Supply A,PWR-C2-640WAC,DCB2139B30Y,V03
gib-wpg-vacc1,Switch 4 - Power Supply B,Switch 4 - Power Supply B,PWR-C2-640WAC,DCB2139B310,V03
gib-wpg-vacc1,Switch 3 - Power Supply B,Switch 3 - Power Supply B,PWR-C2-640WAC,DCB2139B311,V03
gib-wpg-vacc1,Switch 2 - Power Supply A,Switch 2 - Power Supply A,PWR-C2-640WAC,DCB2139B34G,V03
gib-wpg-vacc1,Switch 1 - Power Supply B,Switch 1 - Power Supply B,PWR-C2-640WAC,DCB2139B34N,V03
gib-wpg-vacc1,Switch 2 - Power Supply B,Switch 2 - Power Supply B,PWR-C2-640WAC,DCB2139B34P,V03
gib-wpg-vacc1,Switch 1 - Power Supply A,Switch 1 - Power Supply A,PWR-C2-640WAC,DCB2139B34U,V03
gib-wpg-vacc1,StackAdapter2/1,StackAdapter2/1,C3650-STACK,FDO21411MUV,V01
gib-wpg-vacc1,StackAdapter4/2,StackAdapter4/2,C3650-STACK,FDO21411MUW,V01
gib-wpg-vacc1,StackAdapter3/1,StackAdapter3/1,C3650-STACK,FDO21411P7T,V01
gib-wpg-vacc1,StackAdapter3/2,StackAdapter3/2,C3650-STACK,FDO214213Y9,V01
gib-wpg-vacc1,StackAdapter1/2,StackAdapter1/2,C3650-STACK,FDO2142140T,V01
gib-wpg-vacc1,StackAdapter1/1,StackAdapter1/1,C3650-STACK,FDO21421410,V01
gib-wpg-vacc1,StackAdapter2/2,StackAdapter2/2,C3650-STACK,FDO21421411,V01
gib-wpg-vacc1,StackAdapter5/2,StackAdapter5/2,C3650-STACK,FDO2142143E,V01
gib-wpg-vacc1,StackAdapter4/1,StackAdapter4/1,C3650-STACK,FDO214216A1,V01
gib-wpg-vacc1,StackAdapter5/1,StackAdapter5/1,C3650-STACK,FDO214216AN,V01
gib-wpg-vacc1,WS-C3650-48PD-S,Switch 2,WS-C3650-48PD-S,FDO2147E10B,V05
gib-wpg-vacc1,WS-C3650-48PD-S,Switch 5,WS-C3650-48PD-S,FDO2147E11K,V05
gib-wpg-vacc1,WS-C3650-48PD-S,Switch 4,WS-C3650-48PD-S,FDO2147Q0TQ,V05
gib-wpg-vacc1,WS-C3650-48PD-S,Switch 1,WS-C3650-48PD-S,FDO2147V12S,V05
gib-wpg-vacc1,c36xx Stack,c36xx Stack,WS-C3650-48PD-S,FDO2147V12S,V05
gib-wpg-vacc1,WS-C3650-48PD-S,Switch 3,WS-C3650-48PD-S,FDO2147V15C,V05
gib-wpg-vacc1,1000BaseSX SFP,Gi1/1/1,,FNS15130ZEG,none
gib-wpg-vacc1,StackPort1/1,StackPort1/1,STACK-T2-50CM,LCC2133G8MK,V03
gib-wpg-vacc1,StackPort2/2,StackPort2/2,STACK-T2-50CM,LCC2133G8MK,V03
gib-wpg-vacc1,StackPort4/1,StackPort4/1,STACK-T2-50CM,LCC2133GCHH,V03
gib-wpg-vacc1,StackPort5/2,StackPort5/2,STACK-T2-50CM,LCC2133GCHH,V03
gib-wpg-vacc1,StackPort2/1,StackPort2/1,STACK-T2-50CM,LCC2133GERN,V03
gib-wpg-vacc1,StackPort3/2,StackPort3/2,STACK-T2-50CM,LCC2133GERN,V03
gib-wpg-vacc1,StackPort3/1,StackPort3/1,STACK-T2-50CM,LCC2133GET3,V03
gib-wpg-vacc1,StackPort4/2,StackPort4/2,STACK-T2-50CM,LCC2133GET3,V03
gib-wpg-vacc2,WS-C3750V2-48PS,6,WS-C3750V2-48PS-S,FDO1620X1XX,V08
gib-wpg-vacc2,WS-C3750V2-48PS,7,WS-C3750V2-48PS-S,FDO1652Y05D,V09
gib-wpg-vacc2,WS-C3750V2-48PS,1,WS-C3750V2-48PS-S,FDO1652Y05W,V09
gib-wpg-vacc2,WS-C3750V2-48PS,2,WS-C3750V2-48PS-S,FDO1802Y169,V09
gib-wpg-vacc2,WS-C3750V2-48PS,4,WS-C3750V2-48PS-S,FDO1802Y18D,V09
gib-wpg-vacc2,WS-C3750V2-48PS,3,WS-C3750V2-48PS-S,FDO1802Y19L,V09
gib-wpg-vacc2,WS-C3750V2-48PS,5,WS-C3750V2-48PS-S,FDO1802Y19Q,V09
gib-wpg-vacc2,1000BaseSX SFP,GigabitEthernet1/0/1,GLC-SX-MMD,FNS17511RMB,V01
gib-wpg-vacc2,1000BaseSX SFP,GigabitEthernet5/0/2,GLC-SX-MMD,FNS17511RXV,V01
it-ml2-cr01,SFP+ 10GBASE-LR,subslot 0/0 transceiver 0,SFP-10G-LR,AVD2228K7U2,V02
it-ml2-cr01,SFP+ 10GBASE-LR,subslot 0/0 transceiver 1,SFP-10G-LR,AVD2228K7U3,V02
it-ml2-cr01,Cisco ASR1001-X Chassis,Chassis,ASR1001-X,FXS2235Q3DY,V03
it-ml2-cr01,Cisco ASR1001-X Route Processor,module R0,ASR1001-X,JAE22420A01,V03
it-ml2-cr01,Cisco ASR1001-X AC Power Supply,Power Supply Module 1,ASR1001-X-PWR-AC,LIT22283MV7,V02
it-ml2-cr01,Cisco ASR1001-X AC Power Supply,Power Supply Module 0,ASR1001-X-PWR-AC,LIT22283MVT,V02
it-ml2-cr01,GE LX,subslot 0/0 transceiver 2,GLC-LH-SMD,OPM22380B3M,V01
it-ml2-cr01,GE LX,subslot 0/0 transceiver 3,GLC-LH-SMD,OPM22380B3P,V01
it-ml2-cr01,Cisco ASR1001-X Fan Tray,Fan Tray,ASR1001-X-FANTRAY,none,none
it-ml2-cr01,Built-in GE SPA with 2 port 10G and 6 port 1G Interfaces,SPA subslot 0/0,BUILT-IN-2T+6X1GE,none,none
it-ml2-cr01,Cisco ASR1001-X SPA Interface Processor,module 0,ASR1001-X,none,none
it-ml2-cr01,Cisco ASR1001-X Embedded Services Processor,module F0,ASR1001-X,none,none
it-rom-ar01-sogei,2821 chassis,2821 chassis,CISCO2821,FCZ144670CL,V08
it-rom-ar01-sogei,WAN Interface Card - HWIC Serial 1T,WAN Interface Card - HWIC Serial 1T,HWIC-1T,FOC14444SXK,V03
it-rom-ar02-sogei,C2921/C2951 AC Power Supply,C2921/C2951 AC Power Supply,PWR-2921-51-AC,DCA1806K03W,V03
it-rom-ar02-sogei,CISCO2921/K9 chassis,CISCO2921/K9,CISCO2921/K9,FCZ1830609B,V08
it-rom-ar02-sogei,Wan Interface Card BRI U (82912),Wan Interface Card BRI U (82912) on Slot 0 SubSlot 0,HWIC-1B-U,FOC18051LCW,V02
mt-msc-cr01,Cisco ASR1001-X Chassis,Chassis,ASR1001-X,FXS2236Q37S,V03
mt-msc-cr01,Cisco ASR1001-X Route Processor,module R0,ASR1001-X,JAE224209SP,V03
mt-msc-cr01,Cisco ASR1001-X AC Power Supply,Power Supply Module 1,ASR1001-X-PWR-AC,LIT22283KML,V02
mt-msc-cr01,Cisco ASR1001-X AC Power Supply,Power Supply Module 0,ASR1001-X-PWR-AC,LIT22283KMP,V02
mt-msc-cr01,GE T,subslot 0/0 transceiver 2,GLC-TE,MTC22240FXK,V01
mt-msc-cr01,GE T,subslot 0/0 transceiver 5,GLC-TE,MTC22240FY1,V01
mt-msc-cr01,GE T,subslot 0/0 transceiver 3,GLC-TE,MTC22240J6W,V01
mt-msc-cr01,GE SX,subslot 0/0 transceiver 4,GLC-SX-MMD,OPM22280JZ4,V01
mt-msc-cr01,Cisco ASR1001-X Fan Tray,Fan Tray,ASR1001-X-FANTRAY,none,none
mt-msc-cr01,Built-in GE SPA with 2 port 10G and 6 port 1G Interfaces,SPA subslot 0/0,BUILT-IN-2T+6X1GE,none,none
mt-msc-cr01,Cisco ASR1001-X SPA Interface Processor,module 0,ASR1001-X,none,none
mt-msc-cr01,Cisco ASR1001-X Embedded Services Processor,module F0,ASR1001-X,none,none
mt-msc-cr02,Cisco ASR1001-X Chassis,Chassis,ASR1001-X,FXS2232Q4WA,V03
mt-msc-cr02,Cisco ASR1001-X Route Processor,module R0,ASR1001-X,JAE22420A1L,V03
mt-msc-cr02,Cisco ASR1001-X AC Power Supply,Power Supply Module 1,ASR1001-X-PWR-AC,LIT22283JFY,V02
mt-msc-cr02,Cisco ASR1001-X AC Power Supply,Power Supply Module 0,ASR1001-X-PWR-AC,LIT22283KK4,V02
mt-msc-cr02,GE T,subslot 0/0 transceiver 3,GLC-TE,MTC22240FZE,V01
mt-msc-cr02,GE T,subslot 0/0 transceiver 2,GLC-TE,MTC22240G1D,V01
mt-msc-cr02,GE T,subslot 0/0 transceiver 5,GLC-TE,MTC22240HKZ,V01
mt-msc-cr02,GE SX,subslot 0/0 transceiver 4,GLC-SX-MMD,OPM22280JZ7,V01
mt-msc-cr02,Cisco ASR1001-X Fan Tray,Fan Tray,ASR1001-X-FANTRAY,none,none
mt-msc-cr02,Built-in GE SPA with 2 port 10G and 6 port 1G Interfaces,SPA subslot 0/0,BUILT-IN-2T+6X1GE,none,none
mt-msc-cr02,Cisco ASR1001-X SPA Interface Processor,module 0,ASR1001-X,none,none
mt-msc-cr02,Cisco ASR1001-X Embedded Services Processor,module F0,ASR1001-X,none,none
mt-msc-cs01,Nexus9000 C93108TC-FX Chassis Power Supply,Power Supply 1,NXA-PAC-500W-PE,DCC2225700E,V01
mt-msc-cs01,Nexus9000 C93108TC-FX Chassis Power Supply,Power Supply 2,NXA-PAC-500W-PE,DCC222570LE,V01
mt-msc-cs01,Nexus9000 C93108TC-FX Chassis,Chassis,N9K-C93108TC-FX,FDO22350MSZ,V03
mt-msc-cs01,48x1/10GT + 6x40G/100G Ethernet Module,Slot 1,N9K-C93108TC-FX,FDO22350MSZ,V03
mt-msc-cs01,Nexus9000 C93108TC-FX Chassis Fan Module,Fan 1,NXA-FAN-30CFM-F,N/A,V01
mt-msc-cs01,Nexus9000 C93108TC-FX Chassis Fan Module,Fan 2,NXA-FAN-30CFM-F,N/A,V01
mt-msc-cs01,Nexus9000 C93108TC-FX Chassis Fan Module,Fan 3,NXA-FAN-30CFM-F,N/A,V01
mt-msc-cs01,Nexus9000 C93108TC-FX Chassis Fan Module,Fan 4,NXA-FAN-30CFM-F,N/A,V01
mt-msc-cs02,Nexus9000 C93108TC-FX Chassis Power Supply,Power Supply 2,NXA-PAC-500W-PE,DCC2225701P,V01
mt-msc-cs02,Nexus9000 C93108TC-FX Chassis Power Supply,Power Supply 1,NXA-PAC-500W-PE,DCC2225729S,V01
mt-msc-cs02,Nexus9000 C93108TC-FX Chassis,Chassis,N9K-C93108TC-FX,FDO22350MSK,V03
mt-msc-cs02,48x1/10GT + 6x40G/100G Ethernet Module,Slot 1,N9K-C93108TC-FX,FDO22350MSK,V03
mt-msc-cs02,Nexus9000 C93108TC-FX Chassis Fan Module,Fan 1,NXA-FAN-30CFM-F,N/A,V01
mt-msc-cs02,Nexus9000 C93108TC-FX Chassis Fan Module,Fan 2,NXA-FAN-30CFM-F,N/A,V01
mt-msc-cs02,Nexus9000 C93108TC-FX Chassis Fan Module,Fan 3,NXA-FAN-30CFM-F,N/A,V01
mt-msc-cs02,Nexus9000 C93108TC-FX Chassis Fan Module,Fan 4,NXA-FAN-30CFM-F,N/A,V01
ph-mak-ar01,GE LX,subslot 0/0 transceiver 5,GLC-LH-SMD,FNS191204E7,A
ph-mak-ar01,Cisco ASR1001-X Chassis,Chassis,ASR1001-X,FXS1912Q1RK,V01
ph-mak-ar01,Cisco ASR1001-X Route Processor,module R0,ASR1001-X,JAE191708GF,V01
ph-mak-ar01,Cisco ASR1001-X AC Power Supply,Power Supply Module 1,ASR1001-X-PWR-AC,LIT19100YW5,V01
ph-mak-ar01,Cisco ASR1001-X AC Power Supply,Power Supply Module 0,ASR1001-X-PWR-AC,LIT19100YX5,V01
ph-mak-ar01,GE T,subslot 0/0 transceiver 3,SP7041-E,MTC181603PL,E
ph-mak-ar01,GE T,subslot 0/0 transceiver 2,SP7041-E,MTC181604LA,E
ph-mak-ar01,GE T,subslot 0/0 transceiver 4,SP7041-E-R,MTC1949039C,none
ph-mak-ar01,Cisco ASR1001-X Fan Tray,Fan Tray,ASR1001-X-FANTRAY,none,none
ph-mak-ar01,8-port Built-in GE SPA,SPA subslot 0/0,BUILT-IN-2T+6X1GE,none,none
ph-mak-ar01,Cisco ASR1001-X SPA Interface Processor,module 0,ASR1001-X,none,none
ph-mak-ar01,Cisco ASR1001-X Embedded Services Processor,module F0,ASR1001-X,none,none
ph-mak-cs01,WS-C3650-48PS,Switch 1,WS-C3650-48PS,FDO1916E10M,V02
ph-mak-cs01,c3xxx Stack,c3xxx Stack,WS-C3650-48PS,FDO1916E10M,V02
ph-mak-cs01,1000BaseSX SFP,GigabitEthernet1/1/2,GLC-SX-MMD,FNS19140D95,V01
ph-mak-cs01,1000BaseSX SFP,GigabitEthernet1/1/1,GLC-SX-MMD,FNS19140D9K,V01
ph-mak-cs01,Switch 1 - Power Supply A,Switch 1 - Power Supply A,PWR-C2-640WAC,LIT19130263,V01
ph-mak-cs01,10/100/1000BaseTX SFP,GigabitEthernet1/1/3,,MTC181603PJ,none
ph-mak-cs02,WS-C3650-48PS,Switch 1,WS-C3650-48PS,FDO1916E115,V02
ph-mak-cs02,c3xxx Stack,c3xxx Stack,WS-C3650-48PS,FDO1916E115,V02
ph-mak-cs02,1000BaseSX SFP,GigabitEthernet1/1/1,GLC-SX-MMD,FNS19140D90,V01
ph-mak-cs02,1000BaseSX SFP,GigabitEthernet1/1/2,GLC-SX-MMD,FNS19140D9A,V01
ph-mak-cs02,Switch 1 - Power Supply A,Switch 1 - Power Supply A,PWR-C2-640WAC,LIT191302MV,V01
ph-mak-cs02,10/100/1000BaseTX SFP,GigabitEthernet1/1/3,GLC-T,MTC19090DFL,V04
ph-mak-cs02,10/100/1000BaseTX SFP,GigabitEthernet1/1/4,SFP-GE-T,MTC194903K5,V02
ph-mnl-ar01,GE T,subslot 0/0 transceiver 3,SP7041_Rev_F,00000MTC16280A24,F
ph-mnl-ar01,GE T,subslot 0/0 transceiver 2,SP7041_Rev_F,00000MTC16280A2C,F
ph-mnl-ar01,Cisco ASR1001-X Chassis,Chassis,ASR1001-X,FXS2128Q3DU,V03
ph-mnl-ar01,Cisco ASR1001-X Route Processor,module R0,ASR1001-X,JAE213606M1,V03
ph-mnl-ar01,Cisco ASR1001-X AC Power Supply,Power Supply Module 0,ASR1001-X-PWR-AC,LIT21273CEK,V01
ph-mnl-ar01,Cisco ASR1001-X AC Power Supply,Power Supply Module 1,ASR1001-X-PWR-AC,LIT21273CEY,V01
ph-mnl-ar01,GE T,subslot 0/0 transceiver 5,SP7041-E-R,MTC19490HFU,none
ph-mnl-ar01,GE LX,subslot 0/0 transceiver 4,GLC-LH-SMD,OPM212900JR,01
ph-mnl-ar01,Cisco ASR1001-X Fan Tray,Fan Tray,ASR1001-X-FANTRAY,none,none
ph-mnl-ar01,Built-in GE SPA with 2 port 10G and 6 port 1G Interfaces,SPA subslot 0/0,BUILT-IN-2T+6X1GE,none,none
ph-mnl-ar01,Cisco ASR1001-X SPA Interface Processor,module 0,ASR1001-X,none,none
ph-mnl-ar01,Cisco ASR1001-X Embedded Services Processor,module F0,ASR1001-X,none,none
ph-mnl-ar02,GE T,subslot 0/0 transceiver 2,SP7041_Rev_F,00000MTC162809ZC,F
ph-mnl-ar02,GE T,subslot 0/0 transceiver 3,SP7041_Rev_F,00000MTC16280A1G,F
ph-mnl-ar02,Cisco ASR1001-X Chassis,Chassis,ASR1001-X,FXS2128Q385,V03
ph-mnl-ar02,Cisco ASR1001-X Route Processor,module R0,ASR1001-X,JAE213606LL,V03
ph-mnl-ar02,Cisco ASR1001-X AC Power Supply,Power Supply Module 1,ASR1001-X-PWR-AC,LIT21273ARE,V01
ph-mnl-ar02,Cisco ASR1001-X AC Power Supply,Power Supply Module 0,ASR1001-X-PWR-AC,LIT21273CJ7,V01
ph-mnl-ar02,GE LX,subslot 0/0 transceiver 4,GLC-LH-SMD,OPM212900JT,01
ph-mnl-ar02,Cisco ASR1001-X Fan Tray,Fan Tray,ASR1001-X-FANTRAY,none,none
ph-mnl-ar02,Built-in GE SPA with 2 port 10G and 6 port 1G Interfaces,SPA subslot 0/0,BUILT-IN-2T+6X1GE,none,none
ph-mnl-ar02,Cisco ASR1001-X SPA Interface Processor,module 0,ASR1001-X,none,none
ph-mnl-ar02,Cisco ASR1001-X Embedded Services Processor,module F0,ASR1001-X,none,none
ph-mnl-cs01,1000BaseT,TenGigabitEthernet2/1/2,GLC-TE,AVC212622Q9,V01
ph-mnl-cs01,1000BaseT,TenGigabitEthernet2/1/4,GLC-TE,AVC212622QA,V01
ph-mnl-cs01,1000BaseT,TenGigabitEthernet1/1/2,GLC-TE,AVC212622QC,V01
ph-mnl-cs01,1000BaseT,TenGigabitEthernet1/1/4,GLC-TE,AVC212622QE,V01
ph-mnl-cs01,1000BaseT,TenGigabitEthernet1/1/16,GLC-TE,AVC212622R5,V01
ph-mnl-cs01,SFP-10Gbase-SR,TenGigabitEthernet2/1/7,SFP-10G-SR,AVD212594K5,V03
ph-mnl-cs01,SFP-10Gbase-SR,TenGigabitEthernet1/1/7,SFP-10G-SR,AVD212597D7,V03
ph-mnl-cs01,4500X-16 10GE (SFP+),Switch1 Supervisor 1 (virtual slot 1),WS-C4500X-16,JAE213606Z3,V05
ph-mnl-cs01,Cisco Systems,Switch1 System,,JAE213606Z3,none
ph-mnl-cs01,4500X-16 10GE (SFP+),Switch2 Supervisor 1 (virtual slot 11),WS-C4500X-16,JAE213708GJ,V05
ph-mnl-cs01,Cisco Systems,Switch2 System,,JAE213708GJ,none
ph-mnl-cs01,SFP-10Gbase-SR,TenGigabitEthernet2/1/3,SFP-10G-SR,JUR2129G020,V03
ph-mnl-cs01,SFP-10Gbase-SR,TenGigabitEthernet1/1/1,SFP-10G-SR,JUR2129G022,V03
ph-mnl-cs01,SFP-10Gbase-SR,TenGigabitEthernet2/1/5,SFP-10G-SR,JUR2129G025,V03
ph-mnl-cs01,SFP-10Gbase-SR,TenGigabitEthernet2/1/1,SFP-10G-SR,JUR2129G026,V03
ph-mnl-cs01,SFP-10Gbase-SR,TenGigabitEthernet2/1/6,SFP-10G-SR,JUR2129G02K,V03
ph-mnl-cs01,SFP-10Gbase-SR,TenGigabitEthernet1/1/3,SFP-10G-SR,JUR2129G02M,V03
ph-mnl-cs01,SFP-10Gbase-SR,TenGigabitEthernet1/1/6,SFP-10G-SR,JUR2129G02V,V03
ph-mnl-cs01,SFP-10Gbase-SR,TenGigabitEthernet1/1/5,SFP-10G-SR,JUR2129G0BT,V03
ph-mnl-cs01,Power Supply ( AC 750W ),Switch2 Power Supply 2,C4KX-PWR-750AC-R,QCS21243BNW,V01
ph-mnl-cs01,Power Supply ( AC 750W ),Switch2 Power Supply 1,C4KX-PWR-750AC-R,QCS21243C9E,V01
ph-mnl-cs01,Power Supply ( AC 750W ),Switch1 Power Supply 2,C4KX-PWR-750AC-R,QCS21243CDJ,V01
ph-mnl-cs01,Power Supply ( AC 750W ),Switch1 Power Supply 1,C4KX-PWR-750AC-R,QCS21243CXR,V01
ph-mnl-vacc01,Switch 6 - Power Supply B,Switch 6 - Power Supply B,PWR-C2-640WAC,DCB2129B0YW,V03
ph-mnl-vacc01,WS-C3650-48PD-S,Switch 2,WS-C3650-48PD-S,FDO2131E1DN,V05
ph-mnl-vacc01,WS-C3650-48PD-S,Switch 5,WS-C3650-48PD-S,FDO2138E10A,V05
ph-mnl-vacc01,WS-C3650-48PD-S,Switch 1,WS-C3650-48PD-S,FDO2138E15Q,V05
ph-mnl-vacc01,c36xx Stack,c36xx Stack,WS-C3650-48PD,FDO2138E15Q,R0
ph-mnl-vacc01,WS-C3650-48PD-S,Switch 4,WS-C3650-48PD-S,FDO2138Q0XD,V05
ph-mnl-vacc01,WS-C3650-48PD-S,Switch 6,WS-C3650-48PD-S,FDO2138Q11R,V05
ph-mnl-vacc01,WS-C3650-48PD-S,Switch 3,WS-C3650-48PD-S,FDO2138Q11X,V05
ph-mnl-vacc01,SFP-10GBase-SR,TenGigabitEthernet6/1/3,SFP-10G-SR,JUR2129G02P,V03
ph-mnl-vacc01,SFP-10GBase-SR,TenGigabitEthernet1/1/3,SFP-10G-SR,JUR2129G5WT,V03
ph-mnl-vacc01,Switch 2 - Power Supply B,Switch 2 - Power Supply B,PWR-C2-640WAC,LIT213024WW,V03
ph-mnl-vacc01,Switch 5 - Power Supply A,Switch 5 - Power Supply A,PWR-C2-640WAC,LIT2130253T,V03
ph-mnl-vacc01,Switch 3 - Power Supply A,Switch 3 - Power Supply A,PWR-C2-640WAC,LIT21302545,V03
ph-mnl-vacc01,Switch 3 - Power Supply B,Switch 3 - Power Supply B,PWR-C2-640WAC,LIT21302556,V03
ph-mnl-vacc01,Switch 5 - Power Supply B,Switch 5 - Power Supply B,PWR-C2-640WAC,LIT213025ZH,V03
ph-mnl-vacc01,Switch 1 - Power Supply B,Switch 1 - Power Supply B,PWR-C2-640WAC,LIT213026LN,V03
ph-mnl-vacc01,Switch 4 - Power Supply A,Switch 4 - Power Supply A,PWR-C2-640WAC,LIT21302772,V03
ph-mnl-vacc01,Switch 6 - Power Supply A,Switch 6 - Power Supply A,PWR-C2-640WAC,LIT213027EC,V03
ph-mnl-vacc01,Switch 2 - Power Supply A,Switch 2 - Power Supply A,PWR-C2-640WAC,LIT21302JTE,V03
ph-mnl-vacc01,Switch 1 - Power Supply A,Switch 1 - Power Supply A,PWR-C2-640WAC,LIT21302KFN,V03
ph-mnl-vacc01,Switch 4 - Power Supply B,Switch 4 - Power Supply B,PWR-C2-640WAC,LIT21302M4R,V03
ph-mnl-vacc02,WS-C3650-48PD-S,Switch 2,WS-C3650-48PD-S,FDO2137Q0ZH,V05
ph-mnl-vacc02,c36xx Stack,c36xx Stack,WS-C3650-48PD,FDO2137Q0ZH,V05
ph-mnl-vacc02,WS-C3650-48PD-S,Switch 1,WS-C3650-48PD-S,FDO2138Q0XF,V05
ph-mnl-vacc02,WS-C3650-48PD-S,Switch 3,WS-C3650-48PD-S,FDO2138Q0XJ,V05
ph-mnl-vacc02,SFP-10GBase-SR,TenGigabitEthernet3/1/3,SFP-10G-SR,JUR2129G4PS,V03
ph-mnl-vacc02,SFP-10GBase-SR,TenGigabitEthernet1/1/3,SFP-10G-SR,JUR2129G5WE,V03
ph-mnl-vacc02,Switch 1 - Power Supply B,Switch 1 - Power Supply B,PWR-C2-640WAC,LIT213024XC,V03
ph-mnl-vacc02,Switch 1 - Power Supply A,Switch 1 - Power Supply A,PWR-C2-640WAC,LIT213024ZA,V03
ph-mnl-vacc02,Switch 3 - Power Supply B,Switch 3 - Power Supply B,PWR-C2-640WAC,LIT21302592,V03
ph-mnl-vacc02,Switch 3 - Power Supply A,Switch 3 - Power Supply A,PWR-C2-640WAC,LIT213026XG,V03
ph-mnl-vacc02,Switch 2 - Power Supply A,Switch 2 - Power Supply A,PWR-C2-640WAC,LIT21302KFU,V03
ph-mnl-vacc02,Switch 2 - Power Supply B,Switch 2 - Power Supply B,PWR-C2-640WAC,LIT21302LNX,V03
ph-mnl-vacc03,SFP-10GBase-SR,Te1/1/3,SFP-10G-SR,AVD212590YB,V03
ph-mnl-vacc03,SFP-10GBase-SR,Te5/1/3,SFP-10G-SR,AVD212594JL,V03
ph-mnl-vacc03,Switch 5 - Power Supply B,Switch 5 - Power Supply B,PWR-C2-640WAC,DCB2139B1Y6,V03
ph-mnl-vacc03,Switch 5 - Power Supply A,Switch 5 - Power Supply A,PWR-C2-640WAC,DCB2139B1YJ,V03
ph-mnl-vacc03,Switch 2 - Power Supply B,Switch 2 - Power Supply B,PWR-C2-640WAC,DCB2139B1ZT,V03
ph-mnl-vacc03,Switch 2 - Power Supply A,Switch 2 - Power Supply A,PWR-C2-640WAC,DCB2139B1ZX,V03
ph-mnl-vacc03,Switch 4 - Power Supply A,Switch 4 - Power Supply A,PWR-C2-640WAC,DCB2139B20B,V03
ph-mnl-vacc03,Switch 4 - Power Supply B,Switch 4 - Power Supply B,PWR-C2-640WAC,DCB2139B20F,V03
ph-mnl-vacc03,Switch 1 - Power Supply B,Switch 1 - Power Supply B,PWR-C2-640WAC,DCB2139B2HF,V03
ph-mnl-vacc03,Switch 1 - Power Supply A,Switch 1 - Power Supply A,PWR-C2-640WAC,DCB2139B2HL,V03
ph-mnl-vacc03,Switch 3 - Power Supply B,Switch 3 - Power Supply B,PWR-C2-640WAC,DCB2139B2JG,V03
ph-mnl-vacc03,Switch 3 - Power Supply A,Switch 3 - Power Supply A,PWR-C2-640WAC,DCB2139B2UG,V03
ph-mnl-vacc03,StackAdapter3/2,StackAdapter3/2,C3650-STACK,FDO213827H9,V01
ph-mnl-vacc03,StackAdapter4/1,StackAdapter4/1,C3650-STACK,FDO213827HD,V01
ph-mnl-vacc03,StackAdapter4/2,StackAdapter4/2,C3650-STACK,FDO213827HF,V01
ph-mnl-vacc03,StackAdapter2/2,StackAdapter2/2,C3650-STACK,FDO2138289Z,V01
ph-mnl-vacc03,StackAdapter3/1,StackAdapter3/1,C3650-STACK,FDO213828AX,V01
ph-mnl-vacc03,StackAdapter2/1,StackAdapter2/1,C3650-STACK,FDO213830QN,V01
ph-mnl-vacc03,StackAdapter1/2,StackAdapter1/2,C3650-STACK,FDO213831FQ,V01
ph-mnl-vacc03,StackAdapter1/1,StackAdapter1/1,C3650-STACK,FDO213832FM,V01
ph-mnl-vacc03,StackAdapter5/1,StackAdapter5/1,C3650-STACK,FDO21411NEN,V01
ph-mnl-vacc03,StackAdapter5/2,StackAdapter5/2,C3650-STACK,FDO21411NFS,V01
ph-mnl-vacc03,WS-C3650-48PD-S,Switch 2,WS-C3650-48PD-S,FDO2142E12L,V05
ph-mnl-vacc03,WS-C3650-48PD-S,Switch 1,WS-C3650-48PD-S,FDO2142E12Q,V05
ph-mnl-vacc03,WS-C3650-48PD-S,Switch 5,WS-C3650-48PD-S,FDO2142Q1XZ,V05
ph-mnl-vacc03,c36xx Stack,c36xx Stack,WS-C3650-48PD-S,FDO2142Q1XZ,V05
ph-mnl-vacc03,WS-C3650-48PD-S,Switch 4,WS-C3650-48PD-S,FDO2142V0VY,V05
ph-mnl-vacc03,WS-C3650-48PD-S,Switch 3,WS-C3650-48PD-S,FDO2142V0WH,V05
ph-mnl-vacc03,StackPort3/1,StackPort3/1,STACK-T2-50CM,LCC2131GDX8,V03
ph-mnl-vacc03,StackPort4/2,StackPort4/2,STACK-T2-50CM,LCC2131GDX8,V03
ph-mnl-vacc03,StackPort1/1,StackPort1/1,STACK-T2-50CM,LCC2131GE08,V03
ph-mnl-vacc03,StackPort2/2,StackPort2/2,STACK-T2-50CM,LCC2131GE08,V03
ph-mnl-vacc03,StackPort2/1,StackPort2/1,STACK-T2-50CM,LCC2131GE3C,V03
ph-mnl-vacc03,StackPort3/2,StackPort3/2,STACK-T2-50CM,LCC2131GE3C,V03
ph-mnl-vacc03,StackPort4/1,StackPort4/1,STACK-T2-50CM,LCC2131GE91,V03
ph-mnl-vacc03,StackPort5/2,StackPort5/2,STACK-T2-50CM,LCC2131GE91,V03
ph-mnl-vacc03,StackPort1/2,StackPort1/2,STACK-T2-3M,LRM2133302D,V03
ph-mnl-vacc03,StackPort5/1,StackPort5/1,STACK-T2-3M,LRM2133302D,V03
ph-vit-ar01,GE LX,subslot 0/0 transceiver 5,GLC-LH-SMD,FNS191204G7,A
ph-vit-ar01,Cisco ASR1001-X Chassis,Chassis,ASR1001-X,FXS1912Q1E5,V01
ph-vit-ar01,Cisco ASR1001-X Route Processor,module R0,ASR1001-X,JAE191708B0,V01
ph-vit-ar01,Cisco ASR1001-X AC Power Supply,Power Supply Module 1,ASR1001-X-PWR-AC,LIT19110WN1,V01
ph-vit-ar01,Cisco ASR1001-X AC Power Supply,Power Supply Module 0,ASR1001-X-PWR-AC,LIT19110WNC,V01
ph-vit-ar01,GE T,subslot 0/0 transceiver 3,SP7041-R,MTC19090D95,none
ph-vit-ar01,GE T,subslot 0/0 transceiver 2,SP7041-R,MTC19090DE2,none
ph-vit-ar01,GE T,subslot 0/0 transceiver 4,SP7041-E-R,MTC194900U8,none
ph-vit-ar01,GE LX,subslot 0/0 transceiver 7,GLC-LH-SMD,OPM212900K5,01
ph-vit-ar01,Cisco ASR1001-X Fan Tray,Fan Tray,ASR1001-X-FANTRAY,none,none
ph-vit-ar01,8-port Built-in GE SPA,SPA subslot 0/0,BUILT-IN-2T+6X1GE,none,none
ph-vit-ar01,Cisco ASR1001-X SPA Interface Processor,module 0,ASR1001-X,none,none
ph-vit-ar01,Cisco ASR1001-X Embedded Services Processor,module F0,ASR1001-X,none,none
ph-vit-ar02,GE T,subslot 0/0 transceiver 4,SP7041_Rev_F,00000MTC16280A0B,F
ph-vit-ar02,GE LX,subslot 0/0 transceiver 5,GLC-LH-SMD,FNS19111K03,A
ph-vit-ar02,Cisco ASR1001-X Chassis,Chassis,ASR1001-X,FXS1912Q1Q4,V01
ph-vit-ar02,Cisco ASR1001-X Route Processor,module R0,ASR1001-X,JAE191708BJ,V01
ph-vit-ar02,Cisco ASR1001-X AC Power Supply,Power Supply Module 1,ASR1001-X-PWR-AC,LIT19110WR1,V01
ph-vit-ar02,Cisco ASR1001-X AC Power Supply,Power Supply Module 0,ASR1001-X-PWR-AC,LIT19110WSX,V01
ph-vit-ar02,GE T,subslot 0/0 transceiver 3,SP7041-R,MTC19090D9Y,none
ph-vit-ar02,GE T,subslot 0/0 transceiver 2,SP7041-R,MTC19090G1Z,none
ph-vit-ar02,GE LX,subslot 0/0 transceiver 6,GLC-LH-SMD,OPM212900BJ,01
ph-vit-ar02,GE LX,subslot 0/0 transceiver 7,GLC-LH-SMD,OPM212900K9,01
ph-vit-ar02,Cisco ASR1001-X Fan Tray,Fan Tray,ASR1001-X-FANTRAY,none,none
ph-vit-ar02,8-port Built-in GE SPA,SPA subslot 0/0,BUILT-IN-2T+6X1GE,none,none
ph-vit-ar02,Cisco ASR1001-X SPA Interface Processor,module 0,ASR1001-X,none,none
ph-vit-ar02,Cisco ASR1001-X Embedded Services Processor,module F0,ASR1001-X,none,none
ph-vit-cs01,Switch 1 - Power Supply A,Switch 1 - Power Supply A,PWR-C2-250WAC,DCB1913D244,V01
ph-vit-cs01,WS-C3650-24TS,Switch 1,WS-C3650-24TS,FDO1917E1B9,V01
ph-vit-cs01,c3xxx Stack,c3xxx Stack,WS-C3650-24TS,FDO1917E1B9,V01
ph-vit-cs01,1000BaseSX SFP,GigabitEthernet1/1/2,GLC-SX-MMD,FNS1914007R,V01
ph-vit-cs01,1000BaseSX SFP,GigabitEthernet1/1/1,GLC-SX-MMD,FNS19140BAX,V01
ph-vit-cs02,Switch 1 - Power Supply A,Switch 1 - Power Supply A,PWR-C2-250WAC,DCB1913D249,V01
ph-vit-cs02,WS-C3650-24TS,Switch 1,WS-C3650-24TS,FDO1917E1B4,V01
ph-vit-cs02,c3xxx Stack,c3xxx Stack,WS-C3650-24TS,FDO1917E1B4,V01
ph-vit-cs02,1000BaseSX SFP,GigabitEthernet1/1/2,GLC-SX-MMD,FNS19140B94,V01
ph-vit-cs02,1000BaseSX SFP,GigabitEthernet1/1/1,GLC-SX-MMD,FNS19140DEM,V01
pl-krk-ar01,GE LX,subslot 0/0 transceiver 4,GLC-LH-SMD,ACW21300LS7,1.0
pl-krk-ar01,GE SX,subslot 0/0 transceiver 2,GLC-SX-MMD,ACW21310CCU,1.0
pl-krk-ar01,GE SX,subslot 0/0 transceiver 3,GLC-SX-MMD,ACW21310ECU,1.0
pl-krk-ar01,Cisco ASR1001-X Chassis,Chassis,ASR1001-X,FXS2137Q1ZM,V03
pl-krk-ar01,Cisco ASR1001-X Route Processor,module R0,ASR1001-X,JAE214304DW,V03
pl-krk-ar01,Cisco ASR1001-X AC Power Supply,Power Supply Module 0,ASR1001-X-PWR-AC,LIT21302ECP,V01
pl-krk-ar01,Cisco ASR1001-X AC Power Supply,Power Supply Module 1,ASR1001-X-PWR-AC,LIT21312D63,V01
pl-krk-ar01,Cisco ASR1001-X Fan Tray,Fan Tray,ASR1001-X-FANTRAY,none,none
pl-krk-ar01,Built-in GE SPA with 2 port 10G and 6 port 1G Interfaces,SPA subslot 0/0,BUILT-IN-2T+6X1GE,none,none
pl-krk-ar01,Cisco ASR1001-X SPA Interface Processor,module 0,ASR1001-X,none,none
pl-krk-ar01,Cisco ASR1001-X Embedded Services Processor,module F0,ASR1001-X,none,none
pl-krk-ar02,GE SX,subslot 0/0 transceiver 2,GLC-SX-MMD,ACW21310D4P,1.0
pl-krk-ar02,GE SX,subslot 0/0 transceiver 3,GLC-SX-MMD,ACW21310D4Q,1.0
pl-krk-ar02,GE LX,subslot 0/0 transceiver 4,GLC-LH-SMD,FNS19381M5N,A
pl-krk-ar02,Cisco ASR1001-X Chassis,Chassis,ASR1001-X,FXS2139Q27V,V03
pl-krk-ar02,Cisco ASR1001-X Route Processor,module R0,ASR1001-X,JAE214209Q4,V03
pl-krk-ar02,Cisco ASR1001-X AC Power Supply,Power Supply Module 1,ASR1001-X-PWR-AC,LIT21312CUK,V01
pl-krk-ar02,Cisco ASR1001-X AC Power Supply,Power Supply Module 0,ASR1001-X-PWR-AC,LIT21312D2E,V01
pl-krk-ar02,Cisco ASR1001-X Fan Tray,Fan Tray,ASR1001-X-FANTRAY,none,none
pl-krk-ar02,Built-in GE SPA with 2 port 10G and 6 port 1G Interfaces,SPA subslot 0/0,BUILT-IN-2T+6X1GE,none,none
pl-krk-ar02,Cisco ASR1001-X SPA Interface Processor,module 0,ASR1001-X,none,none
pl-krk-ar02,Cisco ASR1001-X Embedded Services Processor,module F0,ASR1001-X,none,none
pl-krk-as01-f01,SFP-10GBase-SR,TenGigabitEthernet1/1/3,SFP-10G-SR,AVD212490D5,V03
pl-krk-as01-f01,SFP-10GBase-SR,TenGigabitEthernet3/1/3,SFP-10G-SR,AVD212490E2,V03
pl-krk-as01-f01,WS-C3650-48PD-S,Switch 2,WS-C3650-48PD-S,FDO2141E2DA,V05
pl-krk-as01-f01,WS-C3650-48PD-S,Switch 3,WS-C3650-48PD-S,FDO2141E2EF,V05
pl-krk-as01-f01,WS-C3650-48PD-S,Switch 1,WS-C3650-48PD-S,FDO2141Q23P,V05
pl-krk-as01-f01,c36xx Stack,c36xx Stack,WS-C3650-48PD,FDO2141Q23P,V05
pl-krk-as01-f01,Switch 3 - Power Supply B,Switch 3 - Power Supply B,PWR-C2-640WAC,LIT21293FLP,V03
pl-krk-as01-f01,Switch 2 - Power Supply B,Switch 2 - Power Supply B,PWR-C2-640WAC,LIT21293FX3,V03
pl-krk-as01-f01,Switch 1 - Power Supply B,Switch 1 - Power Supply B,PWR-C2-640WAC,LIT21293FYH,V03
pl-krk-as01-f03,SFP-10GBase-SR,TenGigabitEthernet1/1/3,SFP-10G-SR,AVD212490BN,V03
pl-krk-as01-f03,SFP-10GBase-SR,TenGigabitEthernet3/1/3,SFP-10G-SR,AVD212490CZ,V03
pl-krk-as01-f03,WS-C3650-48PD-S,Switch 2,WS-C3650-48PD-S,FDO2141E2DX,V05
pl-krk-as01-f03,c36xx Stack,c36xx Stack,WS-C3650-48PD,FDO2141E2DX,V05
pl-krk-as01-f03,WS-C3650-48PD-S,Switch 3,WS-C3650-48PD-S,FDO2141E2EA,V05
pl-krk-as01-f03,WS-C3650-48PD-S,Switch 1,WS-C3650-48PD-S,FDO2141Q23N,V05
pl-krk-as01-f03,Switch 2 - Power Supply A,Switch 2 - Power Supply A,PWR-C2-640WAC,LIT21293FXF,V03
pl-krk-as01-f03,Switch 3 - Power Supply B,Switch 3 - Power Supply B,PWR-C2-640WAC,LIT21293FXG,V03
pl-krk-as01-f03,Switch 1 - Power Supply A,Switch 1 - Power Supply A,PWR-C2-640WAC,LIT21293FXJ,V03
pl-krk-as01-f03,Switch 2 - Power Supply B,Switch 2 - Power Supply B,PWR-C2-640WAC,LIT21293FXM,V03
pl-krk-as01-f03,Switch 3 - Power Supply A,Switch 3 - Power Supply A,PWR-C2-640WAC,LIT21293FY2,V03
pl-krk-as01-f03,Switch 1 - Power Supply B,Switch 1 - Power Supply B,PWR-C2-640WAC,LIT21293FZL,V03
pl-krk-as01-f05,SFP-10GBase-SR,TenGigabitEthernet3/1/3,SFP-10G-SR,AVD212490BC,V03
pl-krk-as01-f05,SFP-10GBase-SR,TenGigabitEthernet1/1/3,SFP-10G-SR,AVD212490CH,V03
pl-krk-as01-f05,Switch 3 - Power Supply A,Switch 3 - Power Supply A,PWR-C2-640WAC,DCB2050BFVL,V03
pl-krk-as01-f05,Switch 1 - Power Supply A,Switch 1 - Power Supply A,PWR-C2-640WAC,DCB2050BFVZ,V03
pl-krk-as01-f05,Switch 2 - Power Supply A,Switch 2 - Power Supply A,PWR-C2-640WAC,DCB2050BFW1,V03
pl-krk-as01-f05,WS-C3650-48PD-S,Switch 1,WS-C3650-48PD-S,FDO2046E1Q2,V04
pl-krk-as01-f05,c36xx Stack,c36xx Stack,WS-C3650-48PD,FDO2046E1Q2,V04
pl-krk-as01-f05,WS-C3650-48PD-S,Switch 2,WS-C3650-48PD-S,FDO2046E1QF,V04
pl-krk-as01-f05,WS-C3650-48PD-S,Switch 3,WS-C3650-48PD-S,FDO2046Q0NY,V04
pl-krk-as02-f01,SFP-10GBase-SR,TenGigabitEthernet1/1/3,SFP-10G-SR,AVD212490BM,V03
pl-krk-as02-f01,SFP-10GBase-SR,TenGigabitEthernet3/1/3,SFP-10G-SR,AVD212490CW,V03
pl-krk-as02-f01,WS-C3650-48PD-S,Switch 3,WS-C3650-48PD-S,FDO2141E2E7,V05
pl-krk-as02-f01,c36xx Stack,c36xx Stack,WS-C3650-48PD,FDO2141E2E7,V05
pl-krk-as02-f01,WS-C3650-48PD-S,Switch 1,WS-C3650-48PD-S,FDO2141Q241,V05
pl-krk-as02-f01,WS-C3650-48PD-S,Switch 2,WS-C3650-48PD-S,FDO2141Q242,V05
pl-krk-as02-f01,Switch 2 - Power Supply B,Switch 2 - Power Supply B,PWR-C2-640WAC,LIT21293FV6,V03
pl-krk-as02-f01,Switch 1 - Power Supply B,Switch 1 - Power Supply B,PWR-C2-640WAC,LIT21293FXA,V03
pl-krk-as02-f01,Switch 3 - Power Supply B,Switch 3 - Power Supply B,PWR-C2-640WAC,LIT21293FY6,V03
pl-krk-as02-f03,SFP-10GBase-SR,TenGigabitEthernet1/1/3,SFP-10G-SR,AVD212490D9,V03
pl-krk-as02-f03,SFP-10GBase-SR,TenGigabitEthernet3/1/3,SFP-10G-SR,AVD212490DW,V03
pl-krk-as02-f03,Switch 3 - Power Supply B,Switch 3 - Power Supply B,PWR-C2-640WAC,DCB2045B763,V03
pl-krk-as02-f03,Switch 2 - Power Supply B,Switch 2 - Power Supply B,PWR-C2-640WAC,DCB2050B83G,V03
pl-krk-as02-f03,WS-C3650-48PD-S,Switch 2,WS-C3650-48PD-S,FDO2039E3FL,V04
pl-krk-as02-f03,WS-C3650-48PD-S,Switch 3,WS-C3650-48PD-S,FDO2045E2W9,V04
pl-krk-as02-f03,c36xx Stack,c36xx Stack,WS-C3650-48PD,FDO2045E2W9,N0
pl-krk-as02-f03,WS-C3650-48PD-S,Switch 1,WS-C3650-48PD-S,FDO2141E2ER,V05
pl-krk-as02-f03,Switch 1 - Power Supply B,Switch 1 - Power Supply B,PWR-C2-640WAC,LIT21293FTD,V03
pl-krk-as03-f01,SFP-10GBase-SR,TenGigabitEthernet1/1/3,SFP-10G-SR,AVD212490CU,V03
pl-krk-as03-f01,SFP-10GBase-SR,TenGigabitEthernet3/1/3,SFP-10G-SR,AVD212490D7,V03
pl-krk-as03-f01,Switch 1 - Power Supply A,Switch 1 - Power Supply A,PWR-C2-640WAC,DCB2103B6M7,V03
pl-krk-as03-f01,WS-C3650-48PD-S,Switch 1,WS-C3650-48PD-S,FDO2005E24M,V03
pl-krk-as03-f01,WS-C3650-48PD-S,Switch 2,WS-C3650-48PD-S,FDO2141Q240,V05
pl-krk-as03-f01,c36xx Stack,c36xx Stack,WS-C3650-48PD,FDO2141Q240,R0
pl-krk-as03-f01,WS-C3650-48PD-S,Switch 3,WS-C3650-48PD-S,FDO2141Q244,V05
pl-krk-as03-f01,Switch 1 - Power Supply B,Switch 1 - Power Supply B,PWR-C2-640WAC,LIT21293FUA,V03
pl-krk-as03-f01,Switch 2 - Power Supply A,Switch 2 - Power Supply A,PWR-C2-640WAC,LIT21293FUJ,V03
pl-krk-as03-f01,Switch 3 - Power Supply B,Switch 3 - Power Supply B,PWR-C2-640WAC,LIT21293FWL,V03
pl-krk-as03-f01,Switch 3 - Power Supply A,Switch 3 - Power Supply A,PWR-C2-640WAC,LIT21293FWV,V03
pl-krk-as03-f01,Switch 2 - Power Supply B,Switch 2 - Power Supply B,PWR-C2-640WAC,LIT21293FYR,V03
pl-krk-as03-f03,SFP-10GBase-SR,TenGigabitEthernet1/1/3,SFP-10G-SR,AVD1819A6B5,V03
pl-krk-as03-f03,SFP-10GBase-SR,TenGigabitEthernet3/1/3,SFP-10G-SR,AVD212490EG,V03
pl-krk-as03-f03,Switch 3 - Power Supply A,Switch 3 - Power Supply A,PWR-C2-640WAC,DCB2050BF5P,V03
pl-krk-as03-f03,WS-C3650-48PD-S,Switch 3,WS-C3650-48PD-S,FDO2045E2X8,V04
pl-krk-as03-f03,WS-C3650-48PD-S,Switch 2,WS-C3650-48PD-S,FDO2141E2DY,V05
pl-krk-as03-f03,c36xx Stack,c36xx Stack,WS-C3650-48PD,FDO2141E2DY,V05
pl-krk-as03-f03,WS-C3650-48PD-S,Switch 1,WS-C3650-48PD-S,FDO2141Q23T,V05
pl-krk-as03-f03,Switch 1 - Power Supply B,Switch 1 - Power Supply B,PWR-C2-640WAC,LIT21293FYM,V03
pl-krk-as03-f03,Switch 2 - Power Supply B,Switch 2 - Power Supply B,PWR-C2-640WAC,LIT21293G4X,V03
pl-krk-as04-f01,SFP-10GBase-SR,TenGigabitEthernet1/1/3,SFP-10G-SR,AVD212490D1,V03
pl-krk-as04-f01,SFP-10GBase-SR,TenGigabitEthernet4/1/3,SFP-10G-SR,AVD212490DM,V03
pl-krk-as04-f01,SFP-10GBase-SR,TenGigabitEthernet2/1/3,SFP-10G-SR,AVD212490DN,V03
pl-krk-as04-f01,WS-C3650-48PD-S,Switch 4,WS-C3650-48PD-S,FDO2141E2E5,V05
pl-krk-as04-f01,WS-C3650-48PD-S,Switch 1,WS-C3650-48PD-S,FDO2141E2EG,V05
pl-krk-as04-f01,WS-C3650-48PD-S,Switch 2,WS-C3650-48PD-S,FDO2141Q1YP,V05
pl-krk-as04-f01,c36xx Stack,c36xx Stack,WS-C3650-48PD,FDO2141Q1YP,V05
pl-krk-as04-f01,WS-C3650-48PD-S,Switch 3,WS-C3650-48PD-S,FDO2141Q24B,V05
pl-krk-as04-f01,Switch 3 - Power Supply A,Switch 3 - Power Supply A,PWR-C2-640WAC,LIT21293FT7,V03
pl-krk-as04-f01,Switch 4 - Power Supply B,Switch 4 - Power Supply B,PWR-C2-640WAC,LIT21293FTQ,V03
pl-krk-as04-f01,Switch 1 - Power Supply A,Switch 1 - Power Supply A,PWR-C2-640WAC,LIT21293FTR,V03
pl-krk-as04-f01,Switch 4 - Power Supply A,Switch 4 - Power Supply A,PWR-C2-640WAC,LIT21293FTU,V03
pl-krk-as04-f01,Switch 2 - Power Supply A,Switch 2 - Power Supply A,PWR-C2-640WAC,LIT21293FWJ,V03
pl-krk-as04-f01,Switch 2 - Power Supply B,Switch 2 - Power Supply B,PWR-C2-640WAC,LIT21293FWW,V03
pl-krk-as04-f01,Switch 3 - Power Supply B,Switch 3 - Power Supply B,PWR-C2-640WAC,LIT21293FYT,V03
pl-krk-as04-f01,Switch 1 - Power Supply B,Switch 1 - Power Supply B,PWR-C2-640WAC,LIT21293G2N,V03
pl-krk-as04-f03,SFP-10GBase-SR,TenGigabitEthernet1/1/3,SFP-10G-SR,AVD212490C4,V03
pl-krk-as04-f03,SFP-10GBase-SR,TenGigabitEthernet3/1/3,SFP-10G-SR,AVD212490DB,V03
pl-krk-as04-f03,Switch 2 - Power Supply A,Switch 2 - Power Supply A,PWR-C2-640WAC,DCB2050BF67,V03
pl-krk-as04-f03,Switch 1 - Power Supply A,Switch 1 - Power Supply A,PWR-C2-640WAC,DCB2050BF79,V03
pl-krk-as04-f03,Switch 4 - Power Supply A,Switch 4 - Power Supply A,PWR-C2-640WAC,DCB2050BFW2,V03
pl-krk-as04-f03,WS-C3650-48PD-S,Switch 1,WS-C3650-48PD-S,FDO2045E2W1,V04
pl-krk-as04-f03,WS-C3650-48PD-S,Switch 2,WS-C3650-48PD-S,FDO2045E2WL,V04
pl-krk-as04-f03,c36xx Stack,c36xx Stack,WS-C3650-48PD,FDO2045E2WL,V04
pl-krk-as04-f03,WS-C3650-48PD-S,Switch 4,WS-C3650-48PD-S,FDO2046E1PN,V04
pl-krk-as04-f03,WS-C3650-48PD-S,Switch 3,WS-C3650-48PD-S,FDO2141E2EM,V05
pl-krk-as04-f03,Switch 3 - Power Supply A,Switch 3 - Power Supply A,PWR-C2-640WAC,LIT21293FUG,V03
pl-krk-cs01,1000BaseSX,TenGigabitEthernet1/1/2,GLC-SX-MMD,ACW21310CCS,V01
pl-krk-cs01,1000BaseSX,TenGigabitEthernet2/1/2,GLC-SX-MMD,ACW21310EDP,V01
pl-krk-cs01,1000BaseT,TenGigabitEthernet2/1/6,GLC-T,AGM180520B8,V03
pl-krk-cs01,1000BaseT,TenGigabitEthernet1/1/6,GLC-T,AGM19054E4R,V03
pl-krk-cs01,1000BaseT,TenGigabitEthernet1/1/4,GLC-T,AGM19054F4G,V03
pl-krk-cs01,1000BaseT,TenGigabitEthernet1/1/3,GLC-T,AGM19054G42,V03
pl-krk-cs01,1000BaseT,TenGigabitEthernet2/1/5,GLC-T,AGM19054G4Y,V03
pl-krk-cs01,Power Supply ( AC 750W ),Switch1 Power Supply 1,C4KX-PWR-750AC-R,ART2126X1HZ,V01
pl-krk-cs01,Power Supply ( AC 750W ),Switch1 Power Supply 2,C4KX-PWR-750AC-R,ART2126X1JC,V01
pl-krk-cs01,Power Supply ( AC 750W ),Switch2 Power Supply 2,C4KX-PWR-750AC-R,ART2126X1JF,V01
pl-krk-cs01,Power Supply ( AC 750W ),Switch2 Power Supply 1,C4KX-PWR-750AC-R,ART2126X1K5,V01
pl-krk-cs01,1000BaseT,TenGigabitEthernet2/1/11,GLC-TE,AVC212920LS,V01
pl-krk-cs01,1000BaseT,TenGigabitEthernet1/1/12,GLC-TE,AVC212925EA,V01
pl-krk-cs01,1000BaseT,TenGigabitEthernet1/1/11,GLC-TE,AVC212925EB,V01
pl-krk-cs01,SFP-10Gbase-SR,TenGigabitEthernet2/1/16,SFP-10G-SR,AVD1819A4AD,V03
pl-krk-cs01,SFP-10Gbase-SR,TenGigabitEthernet1/1/16,SFP-10G-SR,AVD1819A6BS,V03
pl-krk-cs01,SFP-10Gbase-SR,TenGigabitEthernet1/1/1,SFP-10G-SR,AVD1819A98D,V03
pl-krk-cs01,SFP-10Gbase-SR,TenGigabitEthernet1/1/26,SFP-10G-SR,AVD212490BE,V03
pl-krk-cs01,SFP-10Gbase-SR,TenGigabitEthernet2/1/27,SFP-10G-SR,AVD212490BJ,V03
pl-krk-cs01,SFP-10Gbase-SR,TenGigabitEthernet1/1/25,SFP-10G-SR,AVD212490BP,V03
pl-krk-cs01,SFP-10Gbase-SR,TenGigabitEthernet2/1/31,SFP-10G-SR,AVD212490C5,V03
pl-krk-cs01,SFP-10Gbase-SR,TenGigabitEthernet1/1/31,SFP-10G-SR,AVD212490C7,V03
pl-krk-cs01,SFP-10Gbase-SR,TenGigabitEthernet2/1/25,SFP-10G-SR,AVD212490CA,V03
pl-krk-cs01,SFP-10Gbase-SR,TenGigabitEthernet1/1/28,SFP-10G-SR,AVD212490CF,V03
pl-krk-cs01,SFP-10Gbase-SR,TenGigabitEthernet2/1/32,SFP-10G-SR,AVD212490CG,V03
pl-krk-cs01,SFP-10Gbase-SR,TenGigabitEthernet1/1/27,SFP-10G-SR,AVD212490CM,V03
pl-krk-cs01,SFP-10Gbase-SR,TenGigabitEthernet2/1/29,SFP-10G-SR,AVD212490CV,V03
pl-krk-cs01,SFP-10Gbase-SR,TenGigabitEthernet2/1/30,SFP-10G-SR,AVD212490CX,V03
pl-krk-cs01,SFP-10Gbase-SR,TenGigabitEthernet2/1/28,SFP-10G-SR,AVD212490D3,V03
pl-krk-cs01,SFP-10Gbase-SR,TenGigabitEthernet2/1/26,SFP-10G-SR,AVD212490DH,V03
pl-krk-cs01,SFP-10Gbase-SR,TenGigabitEthernet1/1/24,SFP-10G-SR,AVD212490DL,V03
pl-krk-cs01,SFP-10Gbase-SR,TenGigabitEthernet1/1/32,SFP-10G-SR,AVD212490E5,V03
pl-krk-cs01,SFP-10Gbase-SR,TenGigabitEthernet1/1/30,SFP-10G-SR,AVD212490E6,V03
pl-krk-cs01,SFP-10Gbase-SR,TenGigabitEthernet1/1/29,SFP-10G-SR,AVD212490E7,V03
pl-krk-cs01,SFP-10Gbase-SR,TenGigabitEthernet2/1/24,SFP-10G-SR,AVD212490EF,V03
pl-krk-cs01,10GBase-CU-3M,TenGigabitEthernet2/1/8,Unspecified,CN75FRN4Z3,none
pl-krk-cs01,10GBase-CU-3M,TenGigabitEthernet2/1/7,Unspecified,CN75FRN50F,none
pl-krk-cs01,1000BaseSX,TenGigabitEthernet1/1/17,Unspecified,FNS1026Q9CE,none
pl-krk-cs01,SFP-10Gbase-SR,TenGigabitEthernet2/1/1,SFP-10G-SR,FNS162202KN,V03
pl-krk-cs01,4500X-32 10GE (SFP+),Switch1 Supervisor 1 (virtual slot 1),WS-C4500X-32,JAE21410553,V06
pl-krk-cs01,Cisco Systems,Switch1 System,,JAE21410553,none
pl-krk-cs01,4500X-32 10GE (SFP+),Switch2 Supervisor 1 (virtual slot 11),WS-C4500X-32,JAE214207XW,V06
pl-krk-cs01,Cisco Systems,Switch2 System,,JAE214207XW,none
pl-krk-cs01,10GBase-CU-2M,TenGigabitEthernet2/1/10,SFP-H10GB-CU2M,JPC2028020W,V02
pl-krk-cs01,10GBase-CU-5M,TenGigabitEthernet2/1/9,SFP-H10GB-CU5M,LRM20449280,V03
pl-krk-cs01,10GBase-CU-5M,TenGigabitEthernet1/1/9,SFP-H10GB-CU5M,LRM204492C9,V03
pl-krk-cs01,10GBase-CU-5M,TenGigabitEthernet1/1/10,SFP-H10GB-CU5M,LRM204493YZ,V03
pl-krk-cs01,10GBase-CU-2M,TenGigabitEthernet1/1/7,SFP-H10GB-CU2M,MOC2018A2DB,V02
pl-krk-cs01,1000BaseT,TenGigabitEthernet1/1/5,GLC-T,MTC180705B1,V03
pl-krk-cs01,1000BaseT,TenGigabitEthernet2/1/12,GLC-T,MTC183001Z1,V03
pl-krk-cs01,10GBase-CU-2M,TenGigabitEthernet1/1/8,SFP-H10GB-CU2M,TED2009H0FF,V03
pl-krk-vacc01,WS-C2960X-24TS-L,1,WS-C2960X-24TS-L,FCW2133B18C,V05
pl-krk-vacc02,WS-C2960X-24TS-L,1,WS-C2960X-24TS-L,FCW2133B17V,V05
pl-krk-vg01,450W AC Power Supply for Cisco ISR4450,Power Supply Module 0,PWR-4450-AC,DCA2142X1G2,V02
pl-krk-vg01,Cisco ISR4351 Route Processor,module R0,ISR4351/K9,FDO214400TA,V04
pl-krk-vg01,Cisco ISR4351 Chassis,Chassis,ISR4351/K9,FDO2147A0L4,V04
pl-krk-vg01,NIM-1MFT-T1/E1 - T1/E1 Serial Module,NIM subslot 0/1,NIM-1MFT-T1/E1,FOC21141TUA,V04
pl-krk-vg01,PVDM4-64 Voice DSP Module,subslot 0/1 db module 0,PVDM4-64,FOC214000J2,V02
pl-krk-vg01,Front Panel 3 ports Gigabitethernet Module,NIM subslot 0/0,ISR4351-3x1GE,JAB092709EL,V01
pl-krk-vg01,Cisco ISR4450,Fan Tray,ACS-4450-FANASSY,none,none
pl-krk-vg01,Cisco ISR4351 Built-In NIM controller,module 0,ISR4351/K9,none,none
pl-krk-vg01,Cisco ISR4351 Built-In SM controller,module 1,ISR4351/K9,none,none
pl-krk-vg01,Cisco ISR4351 Built-In SM controller,module 2,ISR4351/K9,none,none
pl-krk-vg01,Cisco ISR4351 Forwarding Processor,module F0,ISR4351/K9,none,none
uk-LCW-TestComms-SW,WS-C2960-24-S,1,WS-C2960-24-S,FCQ1725X0V7,V08
uk-bfa-ar01,GE T,subslot 0/0 transceiver 5,GLC-TE,AVC2129250U,G3.1
uk-bfa-ar01,GE SX,subslot 0/0 transceiver 3,GLC-SX-MMD,FNS213403WL,A
uk-bfa-ar01,GE SX,subslot 0/0 transceiver 2,GLC-SX-MMD,FNS213403Y4,A
uk-bfa-ar01,GE SX,subslot 0/0 transceiver 4,GLC-SX-MMD,FNS213403ZZ,A
uk-bfa-ar01,Cisco ASR1001-X Chassis,Chassis,ASR1001-X,FXS2132Q43B,V03
uk-bfa-ar01,Cisco ASR1001-X Route Processor,module R0,ASR1001-X,JAE213802BN,V03
uk-bfa-ar01,Cisco ASR1001-X AC Power Supply,Power Supply Module 0,ASR1001-X-PWR-AC,LIT21302DD9,V01
uk-bfa-ar01,Cisco ASR1001-X AC Power Supply,Power Supply Module 1,ASR1001-X-PWR-AC,LIT21302EDA,V01
uk-bfa-ar01,Cisco ASR1001-X Fan Tray,Fan Tray,ASR1001-X-FANTRAY,none,none
uk-bfa-ar01,Built-in GE SPA with 2 port 10G and 6 port 1G Interfaces,SPA subslot 0/0,BUILT-IN-2T+6X1GE,none,none
uk-bfa-ar01,Cisco ASR1001-X SPA Interface Processor,module 0,ASR1001-X,none,none
uk-bfa-ar01,Cisco ASR1001-X Embedded Services Processor,module F0,ASR1001-X,none,none
uk-bfa-ar02,GE SX,subslot 0/0 transceiver 2,GLC-SX-MMD,FNS21340V13,A
uk-bfa-ar02,GE SX,subslot 0/0 transceiver 4,GLC-SX-MMD,FNS21340V3B,A
uk-bfa-ar02,GE SX,subslot 0/0 transceiver 3,GLC-SX-MMD,FNS21340V3G,A
uk-bfa-ar02,Cisco ASR1001-X Chassis,Chassis,ASR1001-X,FXS2133Q17J,V03
uk-bfa-ar02,Cisco ASR1001-X Route Processor,module R0,ASR1001-X,JAE21380AXJ,V03
uk-bfa-ar02,Cisco ASR1001-X AC Power Supply,Power Supply Module 1,ASR1001-X-PWR-AC,LIT21302D7N,V01
uk-bfa-ar02,Cisco ASR1001-X AC Power Supply,Power Supply Module 0,ASR1001-X-PWR-AC,LIT21302DD6,V01
uk-bfa-ar02,Cisco ASR1001-X Fan Tray,Fan Tray,ASR1001-X-FANTRAY,none,none
uk-bfa-ar02,Built-in GE SPA with 2 port 10G and 6 port 1G Interfaces,SPA subslot 0/0,BUILT-IN-2T+6X1GE,none,none
uk-bfa-ar02,Cisco ASR1001-X SPA Interface Processor,module 0,ASR1001-X,none,none
uk-bfa-ar02,Cisco ASR1001-X Embedded Services Processor,module F0,ASR1001-X,none,none
uk-bfa-as01-f01,SFP-10GBase-SR,Te1/1/3,SFP-10G-SR,AVD21249K8T,V03
uk-bfa-as01-f01,SFP-10GBase-SR,Te3/1/3,SFP-10G-SR,AVD21259938,V03
uk-bfa-as01-f01,WS-C3650-48PD-S,Switch 4,WS-C3650-48PD-S,FDO2131E1EW,V05
uk-bfa-as01-f01,StackAdapter3/2,StackAdapter3/2,C3650-STACK,FDO21390DSC,V01
uk-bfa-as01-f01,StackAdapter4/2,StackAdapter4/2,C3650-STACK,FDO21390EAG,V01
uk-bfa-as01-f01,StackAdapter2/1,StackAdapter2/1,C3650-STACK,FDO21390ECZ,V01
uk-bfa-as01-f01,StackAdapter1/2,StackAdapter1/2,C3650-STACK,FDO21390F2K,V01
uk-bfa-as01-f01,StackAdapter4/1,StackAdapter4/1,C3650-STACK,FDO21390FC1,V01
uk-bfa-as01-f01,StackAdapter1/1,StackAdapter1/1,C3650-STACK,FDO21390G7E,V01
uk-bfa-as01-f01,StackAdapter2/2,StackAdapter2/2,C3650-STACK,FDO21390GXN,V01
uk-bfa-as01-f01,StackAdapter3/1,StackAdapter3/1,C3650-STACK,FDO21390GYC,V01
uk-bfa-as01-f01,WS-C3650-48PD-S,Switch 1,WS-C3650-48PD-S,FDO2141E2E0,V05
uk-bfa-as01-f01,c36xx Stack,c36xx Stack,WS-C3650-48PD-S,FDO2141E2E0,V05
uk-bfa-as01-f01,WS-C3650-48PD-S,Switch 2,WS-C3650-48PD-S,FDO2141E2EC,V05
uk-bfa-as01-f01,WS-C3650-48PD-S,Switch 3,WS-C3650-48PD-S,FDO2141Q23V,V05
uk-bfa-as01-f01,StackPort1/1,StackPort1/1,STACK-T2-1M,LCC2126G0MW,V03
uk-bfa-as01-f01,StackPort2/2,StackPort2/2,STACK-T2-1M,LCC2126G0MW,V03
uk-bfa-as01-f01,StackPort3/2,StackPort3/2,STACK-T2-1M,LCC2126G16C,V03
uk-bfa-as01-f01,StackPort4/1,StackPort4/1,STACK-T2-1M,LCC2126G16C,V03
uk-bfa-as01-f01,StackPort1/2,StackPort1/2,STACK-T2-1M,LCC2126G1AA,V03
uk-bfa-as01-f01,StackPort3/1,StackPort3/1,STACK-T2-1M,LCC2126G1AA,V03
uk-bfa-as01-f01,StackPort2/1,StackPort2/1,STACK-T2-1M,LCC2126G1C8,V03
uk-bfa-as01-f01,StackPort4/2,StackPort4/2,STACK-T2-1M,LCC2126G1C8,V03
uk-bfa-as01-f01,Switch 3 - Power Supply B,Switch 3 - Power Supply B,PWR-C2-640WAC,LIT21293FJF,V03
uk-bfa-as01-f01,Switch 3 - Power Supply A,Switch 3 - Power Supply A,PWR-C2-640WAC,LIT21293FLN,V03
uk-bfa-as01-f01,Switch 4 - Power Supply B,Switch 4 - Power Supply B,PWR-C2-640WAC,LIT21293FMK,V03
uk-bfa-as01-f01,Switch 2 - Power Supply A,Switch 2 - Power Supply A,PWR-C2-640WAC,LIT21293FTL,V03
uk-bfa-as01-f01,Switch 2 - Power Supply B,Switch 2 - Power Supply B,PWR-C2-640WAC,LIT21293FX2,V03
uk-bfa-as01-f01,Switch 1 - Power Supply B,Switch 1 - Power Supply B,PWR-C2-640WAC,LIT21293FX9,V03
uk-bfa-as01-f01,Switch 1 - Power Supply A,Switch 1 - Power Supply A,PWR-C2-640WAC,LIT21293FXZ,V03
uk-bfa-as01-f01,Switch 4 - Power Supply A,Switch 4 - Power Supply A,PWR-C2-640WAC,LIT21293G66,V03
uk-bfa-as01-f02,SFP-10GBase-SR,Te4/1/3,SFP-10G-SR,AVD2125992E,V03
uk-bfa-as01-f02,SFP-10GBase-SR,Te1/1/3,SFP-10G-SR,AVD2125994A,V03
uk-bfa-as01-f02,StackAdapter1/1,StackAdapter1/1,C3650-STACK,FDO21390EHX,V01
uk-bfa-as01-f02,StackAdapter1/2,StackAdapter1/2,C3650-STACK,FDO21390EXC,V01
uk-bfa-as01-f02,StackAdapter3/2,StackAdapter3/2,C3650-STACK,FDO21390F25,V01
uk-bfa-as01-f02,StackAdapter4/2,StackAdapter4/2,C3650-STACK,FDO21390F2V,V01
uk-bfa-as01-f02,StackAdapter4/1,StackAdapter4/1,C3650-STACK,FDO21390FJZ,V01
uk-bfa-as01-f02,StackAdapter3/1,StackAdapter3/1,C3650-STACK,FDO21390G73,V01
uk-bfa-as01-f02,StackAdapter2/2,StackAdapter2/2,C3650-STACK,FDO21390GZB,V01
uk-bfa-as01-f02,StackAdapter2/1,StackAdapter2/1,C3650-STACK,FDO21390H19,V01
uk-bfa-as01-f02,WS-C3650-48PD-S,Switch 3,WS-C3650-48PD-S,FDO2141E2E6,V05
uk-bfa-as01-f02,WS-C3650-48PD-S,Switch 4,WS-C3650-48PD-S,FDO2141E2E8,V05
uk-bfa-as01-f02,WS-C3650-48PD-S,Switch 1,WS-C3650-48PD-S,FDO2141Q23U,V05
uk-bfa-as01-f02,WS-C3650-48PD-S,Switch 2,WS-C3650-48PD-S,FDO2141Q23Y,V05
uk-bfa-as01-f02,c36xx Stack,c36xx Stack,WS-C3650-48PD-S,FDO2141Q23Y,V05
uk-bfa-as01-f02,StackPort1/2,StackPort1/2,STACK-T2-1M,LCC2125GCEA,V03
uk-bfa-as01-f02,StackPort4/1,StackPort4/1,STACK-T2-1M,LCC2125GCEA,V03
uk-bfa-as01-f02,StackPort3/1,StackPort3/1,STACK-T2-1M,LCC2126G0MV,V03
uk-bfa-as01-f02,StackPort4/2,StackPort4/2,STACK-T2-1M,LCC2126G0MV,V03
uk-bfa-as01-f02,StackPort2/1,StackPort2/1,STACK-T2-1M,LCC2126G0MX,V03
uk-bfa-as01-f02,StackPort3/2,StackPort3/2,STACK-T2-1M,LCC2126G0MX,V03
uk-bfa-as01-f02,StackPort1/1,StackPort1/1,STACK-T2-1M,LCC2126G1AK,V03
uk-bfa-as01-f02,StackPort2/2,StackPort2/2,STACK-T2-1M,LCC2126G1AK,V03
uk-bfa-as01-f02,Switch 1 - Power Supply A,Switch 1 - Power Supply A,PWR-C2-640WAC,LIT21293FSZ,V03
uk-bfa-as01-f02,Switch 3 - Power Supply A,Switch 3 - Power Supply A,PWR-C2-640WAC,LIT21293FTZ,V03
uk-bfa-as01-f02,Switch 2 - Power Supply A,Switch 2 - Power Supply A,PWR-C2-640WAC,LIT21293FVN,V03
uk-bfa-as01-f02,Switch 2 - Power Supply B,Switch 2 - Power Supply B,PWR-C2-640WAC,LIT21293FW5,V03
uk-bfa-as01-f02,Switch 1 - Power Supply B,Switch 1 - Power Supply B,PWR-C2-640WAC,LIT21293FWD,V03
uk-bfa-as01-f02,Switch 4 - Power Supply A,Switch 4 - Power Supply A,PWR-C2-640WAC,LIT21293FXQ,V03
uk-bfa-as01-f02,Switch 3 - Power Supply B,Switch 3 - Power Supply B,PWR-C2-640WAC,LIT21293FY7,V03
uk-bfa-as01-f02,Switch 4 - Power Supply B,Switch 4 - Power Supply B,PWR-C2-640WAC,LIT21293H3Z,V03
uk-bfa-as01-f03,SFP-10GBase-SR,Te1/1/3,SFP-10G-SR,AVD2125991Z,V03
uk-bfa-as01-f03,SFP-10GBase-SR,Te4/1/3,SFP-10G-SR,AVD21259935,V03
uk-bfa-as01-f03,Switch 2 - Power Supply B,Switch 2 - Power Supply B,PWR-C2-640WAC,DCB2133B0TA,V03
uk-bfa-as01-f03,StackAdapter2/2,StackAdapter2/2,C3650-STACK,FDO21390EUP,V01
uk-bfa-as01-f03,StackAdapter3/1,StackAdapter3/1,C3650-STACK,FDO21390EXM,V01
uk-bfa-as01-f03,StackAdapter4/2,StackAdapter4/2,C3650-STACK,FDO21390F2A,V01
uk-bfa-as01-f03,StackAdapter2/1,StackAdapter2/1,C3650-STACK,FDO21390F2P,V01
uk-bfa-as01-f03,StackAdapter1/1,StackAdapter1/1,C3650-STACK,FDO21390G7L,V01
uk-bfa-as01-f03,StackAdapter3/2,StackAdapter3/2,C3650-STACK,FDO21390G7U,V01
uk-bfa-as01-f03,StackAdapter4/1,StackAdapter4/1,C3650-STACK,FDO21390GBK,V01
uk-bfa-as01-f03,StackAdapter1/2,StackAdapter1/2,C3650-STACK,FDO21390GZ0,V01
uk-bfa-as01-f03,WS-C3650-48PD-S,Switch 3,WS-C3650-48PD-S,FDO2141E2E9,V05
uk-bfa-as01-f03,WS-C3650-48PD-S,Switch 4,WS-C3650-48PD-S,FDO2141E2EE,V05
uk-bfa-as01-f03,WS-C3650-48PD-S,Switch 1,WS-C3650-48PD-S,FDO2141Q22P,V05
uk-bfa-as01-f03,WS-C3650-48PD-S,Switch 2,WS-C3650-48PD-S,FDO2141Q23R,V05
uk-bfa-as01-f03,c36xx Stack,c36xx Stack,WS-C3650-48PD-S,FDO2141Q23R,V05
uk-bfa-as01-f03,StackPort1/2,StackPort1/2,STACK-T2-1M,LCC2126G17F,V03
uk-bfa-as01-f03,StackPort4/1,StackPort4/1,STACK-T2-1M,LCC2126G17F,V03
uk-bfa-as01-f03,StackPort1/1,StackPort1/1,STACK-T2-50CM,LCC2133G4G4,V03
uk-bfa-as01-f03,StackPort2/2,StackPort2/2,STACK-T2-50CM,LCC2133G4G4,V03
uk-bfa-as01-f03,StackPort3/1,StackPort3/1,STACK-T2-50CM,LCC2133G4L1,V03
uk-bfa-as01-f03,StackPort4/2,StackPort4/2,STACK-T2-50CM,LCC2133G4L1,V03
uk-bfa-as01-f03,StackPort2/1,StackPort2/1,STACK-T2-50CM,LCC2134GCQ4,V03
uk-bfa-as01-f03,StackPort3/2,StackPort3/2,STACK-T2-50CM,LCC2134GCQ4,V03
uk-bfa-as01-f03,Switch 2 - Power Supply A,Switch 2 - Power Supply A,PWR-C2-640WAC,LIT21293FP2,V03
uk-bfa-as01-f03,Switch 3 - Power Supply B,Switch 3 - Power Supply B,PWR-C2-640WAC,LIT21293FT6,V03
uk-bfa-as01-f03,Switch 4 - Power Supply B,Switch 4 - Power Supply B,PWR-C2-640WAC,LIT21293FWG,V03
uk-bfa-as01-f03,Switch 1 - Power Supply B,Switch 1 - Power Supply B,PWR-C2-640WAC,LIT21293FX4,V03
uk-bfa-as01-f03,Switch 1 - Power Supply A,Switch 1 - Power Supply A,PWR-C2-640WAC,LIT21293FX6,V03
uk-bfa-as01-f03,Switch 4 - Power Supply A,Switch 4 - Power Supply A,PWR-C2-640WAC,LIT21293G6S,V03
uk-bfa-as01-f03,Switch 3 - Power Supply A,Switch 3 - Power Supply A,PWR-C2-640WAC,LIT21293G6V,V03
uk-bfa-as02-f01,SFP-10GBase-SR,Te1/1/3,SFP-10G-SR,AVD212599KR,V03
uk-bfa-as02-f01,SFP-10GBase-SR,Te4/1/3,SFP-10G-SR,AVD212599W7,V03
uk-bfa-as02-f01,WS-C3650-48PD-S,Switch 4,WS-C3650-48PD-S,FDO2131E1F4,V05
uk-bfa-as02-f01,WS-C3650-48PD-S,Switch 1,WS-C3650-48PD-S,FDO2131Q16V,V05
uk-bfa-as02-f01,c36xx Stack,c36xx Stack,WS-C3650-48PD-S,FDO2131Q16V,V05
uk-bfa-as02-f01,StackAdapter1/1,StackAdapter1/1,C3650-STACK,FDO2138269U,V01
uk-bfa-as02-f01,StackAdapter4/2,StackAdapter4/2,C3650-STACK,FDO213829WW,V01
uk-bfa-as02-f01,StackAdapter2/1,StackAdapter2/1,C3650-STACK,FDO21390DQU,V01
uk-bfa-as02-f01,StackAdapter4/1,StackAdapter4/1,C3650-STACK,FDO21390DVW,V01
uk-bfa-as02-f01,StackAdapter3/1,StackAdapter3/1,C3650-STACK,FDO21390G6X,V01
uk-bfa-as02-f01,StackAdapter3/2,StackAdapter3/2,C3650-STACK,FDO21390G7H,V01
uk-bfa-as02-f01,StackAdapter2/2,StackAdapter2/2,C3650-STACK,FDO21390G7W,V01
uk-bfa-as02-f01,StackAdapter1/2,StackAdapter1/2,C3650-STACK,FDO21390GLH,V01
uk-bfa-as02-f01,WS-C3650-48PD-S,Switch 3,WS-C3650-48PD-S,FDO2141E2DV,V05
uk-bfa-as02-f01,WS-C3650-48PD-S,Switch 2,WS-C3650-48PD-S,FDO2141E2EH,V05
uk-bfa-as02-f01,StackPort1/2,StackPort1/2,STACK-T2-1M,LCC2126G177,V03
uk-bfa-as02-f01,StackPort4/1,StackPort4/1,STACK-T2-1M,LCC2126G177,V03
uk-bfa-as02-f01,StackPort2/1,StackPort2/1,STACK-T2-1M,LCC2126G17G,V03
uk-bfa-as02-f01,StackPort3/2,StackPort3/2,STACK-T2-1M,LCC2126G17G,V03
uk-bfa-as02-f01,StackPort3/1,StackPort3/1,STACK-T2-1M,LCC2126G1AD,V03
uk-bfa-as02-f01,StackPort4/2,StackPort4/2,STACK-T2-1M,LCC2126G1AD,V03
uk-bfa-as02-f01,StackPort1/1,StackPort1/1,STACK-T2-1M,LCC2126G1AE,V03
uk-bfa-as02-f01,StackPort2/2,StackPort2/2,STACK-T2-1M,LCC2126G1AE,V03
uk-bfa-as02-f01,Switch 2 - Power Supply A,Switch 2 - Power Supply A,PWR-C2-640WAC,LIT21293FTW,V03
uk-bfa-as02-f01,Switch 2 - Power Supply B,Switch 2 - Power Supply B,PWR-C2-640WAC,LIT21293FU9,V03
uk-bfa-as02-f01,Switch 4 - Power Supply B,Switch 4 - Power Supply B,PWR-C2-640WAC,LIT21293FUK,V03
uk-bfa-as02-f01,Switch 1 - Power Supply A,Switch 1 - Power Supply A,PWR-C2-640WAC,LIT21293FUP,V03
uk-bfa-as02-f01,Switch 1 - Power Supply B,Switch 1 - Power Supply B,PWR-C2-640WAC,LIT21293FWC,V03
uk-bfa-as02-f01,Switch 4 - Power Supply A,Switch 4 - Power Supply A,PWR-C2-640WAC,LIT21293FWU,V03
uk-bfa-as02-f01,Switch 3 - Power Supply A,Switch 3 - Power Supply A,PWR-C2-640WAC,LIT21293FX7,V03
uk-bfa-as02-f01,Switch 3 - Power Supply B,Switch 3 - Power Supply B,PWR-C2-640WAC,LIT21293FZR,V03
uk-bfa-as02-f02,SFP-10GBase-SR,Te4/1/3,SFP-10G-SR,AVD2125992G,V03
uk-bfa-as02-f02,SFP-10GBase-SR,Te1/1/3,SFP-10G-SR,AVD2125992J,V03
uk-bfa-as02-f02,WS-C3650-48PD-S,Switch 2,WS-C3650-48PD-S,FDO2131E1EV,V05
uk-bfa-as02-f02,WS-C3650-48PD-S,Switch 3,WS-C3650-48PD-S,FDO2131E1FE,V05
uk-bfa-as02-f02,StackAdapter2/2,StackAdapter2/2,C3650-STACK,FDO213826A4,V01
uk-bfa-as02-f02,StackAdapter3/2,StackAdapter3/2,C3650-STACK,FDO213826AL,V01
uk-bfa-as02-f02,StackAdapter1/1,StackAdapter1/1,C3650-STACK,FDO21390EXU,V01
uk-bfa-as02-f02,StackAdapter3/1,StackAdapter3/1,C3650-STACK,FDO21390FEK,V01
uk-bfa-as02-f02,StackAdapter2/1,StackAdapter2/1,C3650-STACK,FDO21390FV7,V01
uk-bfa-as02-f02,StackAdapter4/2,StackAdapter4/2,C3650-STACK,FDO21390G7J,V01
uk-bfa-as02-f02,StackAdapter1/2,StackAdapter1/2,C3650-STACK,FDO21390G7P,V01
uk-bfa-as02-f02,StackAdapter4/1,StackAdapter4/1,C3650-STACK,FDO21390H0Z,V01
uk-bfa-as02-f02,WS-C3650-48PD-S,Switch 1,WS-C3650-48PD-S,FDO2141E2DZ,V05
uk-bfa-as02-f02,c36xx Stack,c36xx Stack,WS-C3650-48PD-S,FDO2141E2DZ,V05
uk-bfa-as02-f02,WS-C3650-48PD-S,Switch 4,WS-C3650-48PD-S,FDO2141E2E2,V05
uk-bfa-as02-f02,StackPort1/2,StackPort1/2,STACK-T2-1M,LCC2126G0N0,V03
uk-bfa-as02-f02,StackPort4/1,StackPort4/1,STACK-T2-1M,LCC2126G0N0,V03
uk-bfa-as02-f02,StackPort1/1,StackPort1/1,STACK-T2-1M,LCC2126G0N1,V03
uk-bfa-as02-f02,StackPort2/2,StackPort2/2,STACK-T2-1M,LCC2126G0N1,V03
uk-bfa-as02-f02,StackPort2/1,StackPort2/1,STACK-T2-1M,LCC2126G0NL,V03
uk-bfa-as02-f02,StackPort3/2,StackPort3/2,STACK-T2-1M,LCC2126G0NL,V03
uk-bfa-as02-f02,StackPort3/1,StackPort3/1,STACK-T2-1M,LCC2126G1A8,V03
uk-bfa-as02-f02,StackPort4/2,StackPort4/2,STACK-T2-1M,LCC2126G1A8,V03
uk-bfa-as02-f02,Switch 3 - Power Supply A,Switch 3 - Power Supply A,PWR-C2-640WAC,LIT21293FJZ,V03
uk-bfa-as02-f02,Switch 2 - Power Supply B,Switch 2 - Power Supply B,PWR-C2-640WAC,LIT21293FKV,V03
uk-bfa-as02-f02,Switch 4 - Power Supply A,Switch 4 - Power Supply A,PWR-C2-640WAC,LIT21293FT2,V03
uk-bfa-as02-f02,Switch 1 - Power Supply A,Switch 1 - Power Supply A,PWR-C2-640WAC,LIT21293FU7,V03
uk-bfa-as02-f02,Switch 4 - Power Supply B,Switch 4 - Power Supply B,PWR-C2-640WAC,LIT21293FYG,V03
uk-bfa-as02-f02,Switch 1 - Power Supply B,Switch 1 - Power Supply B,PWR-C2-640WAC,LIT21293FYS,V03
uk-bfa-as02-f02,Switch 3 - Power Supply B,Switch 3 - Power Supply B,PWR-C2-640WAC,LIT21293GZ4,V03
uk-bfa-as02-f02,Switch 2 - Power Supply A,Switch 2 - Power Supply A,PWR-C2-640WAC,LIT21293HDW,V03
uk-bfa-as02-f03,Switch 1 - Power Supply B,Switch 1 - Power Supply B,PWR-C2-640WAC,DCB2133B1F7,V03
uk-bfa-as02-f03,Switch 1 - Power Supply A,Switch 1 - Power Supply A,PWR-C2-640WAC,DCB2133B1FW,V03
uk-bfa-as02-f03,StackAdapter1/2,StackAdapter1/2,C3650-STACK,FDO21390GM6,V01
uk-bfa-as02-f03,StackAdapter1/1,StackAdapter1/1,C3650-STACK,FDO21390GXS,V01
uk-bfa-as02-f03,WS-C3650-48PD-S,Switch 1,WS-C3650-48PD-S,FDO2141Q23X,V05
uk-bfa-as02-f03,c36xx Stack,c36xx Stack,WS-C3650-48PD-S,FDO2141Q23X,V05
uk-bfa-as02-f03,SFP-10GBase-SR,Te1/1/3,SFP-10G-SR,OPM213300LA,V03
uk-bfa-as02-f03,SFP-10GBase-SR,Te1/1/4,SFP-10G-SR,OPM213300MN,V03
uk-bfa-as03-f01,SFP-10GBase-SR,Te1/1/4,SFP-10G-SR,AVD21249PAG,V03
uk-bfa-as03-f01,SFP-10GBase-SR,Te1/1/3,SFP-10G-SR,AVD2125994F,V03
uk-bfa-as03-f01,WS-C3650-48PD-S,Switch 1,WS-C3650-48PD-S,FDO2131E1F3,V05
uk-bfa-as03-f01,c36xx Stack,c36xx Stack,WS-C3650-48PD-S,FDO2131E1F3,V05
uk-bfa-as03-f01,StackAdapter1/1,StackAdapter1/1,C3650-STACK,FDO213829KA,V01
uk-bfa-as03-f01,StackAdapter1/2,StackAdapter1/2,C3650-STACK,FDO21382A13,V01
uk-bfa-as03-f01,Switch 1 - Power Supply A,Switch 1 - Power Supply A,PWR-C2-640WAC,LIT21293FKM,V03
uk-bfa-as03-f01,Switch 1 - Power Supply B,Switch 1 - Power Supply B,PWR-C2-640WAC,LIT21293FLD,V03
uk-bfa-cs01,Power Supply ( AC 750W ),Switch2 Power Supply 1,C4KX-PWR-750AC-R,ART2126X1JB,V01
uk-bfa-cs01,Power Supply ( AC 750W ),Switch2 Power Supply 2,C4KX-PWR-750AC-R,ART2126X1JJ,V01
uk-bfa-cs01,Power Supply ( AC 750W ),Switch1 Power Supply 1,C4KX-PWR-750AC-R,ART2126X1K1,V01
uk-bfa-cs01,Power Supply ( AC 750W ),Switch1 Power Supply 2,C4KX-PWR-750AC-R,ART2126X1K8,V01
uk-bfa-cs01,1000BaseT,TenGigabitEthernet2/1/14,GLC-TE,AVC212924JM,V01
uk-bfa-cs01,1000BaseT,TenGigabitEthernet1/1/14,GLC-TE,AVC212924JN,V01
uk-bfa-cs01,1000BaseT,TenGigabitEthernet2/1/11,GLC-TE,AVC2129250R,V01
uk-bfa-cs01,1000BaseT,TenGigabitEthernet1/1/11,GLC-TE,AVC2129250S,V01
uk-bfa-cs01,1000BaseT,TenGigabitEthernet2/1/2,GLC-TE,AVC2129250T,V01
uk-bfa-cs01,1000BaseT,TenGigabitEthernet1/1/10,GLC-TE,AVC2129250V,V01
uk-bfa-cs01,1000BaseT,TenGigabitEthernet2/1/10,GLC-TE,AVC2129250W,V01
uk-bfa-cs01,1000BaseT,TenGigabitEthernet1/1/13,GLC-TE,AVC2129250X,V01
uk-bfa-cs01,1000BaseT,TenGigabitEthernet1/1/9,GLC-TE,AVC2129250Y,V01
uk-bfa-cs01,1000BaseT,TenGigabitEthernet1/1/2,GLC-TE,AVC2129250Z,V01
uk-bfa-cs01,1000BaseT,TenGigabitEthernet2/1/12,GLC-TE,AVC21292510,V01
uk-bfa-cs01,1000BaseT,TenGigabitEthernet1/1/8,GLC-TE,AVC21292511,V01
uk-bfa-cs01,1000BaseT,TenGigabitEthernet1/1/12,GLC-TE,AVC21292512,V01
uk-bfa-cs01,1000BaseT,TenGigabitEthernet1/1/20,GLC-TE,AVC21292513,V01
uk-bfa-cs01,1000BaseT,TenGigabitEthernet2/1/13,GLC-TE,AVC21292514,V01
uk-bfa-cs01,SFP-10Gbase-SR,TenGigabitEthernet2/1/1,SFP-10G-SR,AVD21249KA0,V03
uk-bfa-cs01,SFP-10Gbase-SR,TenGigabitEthernet1/1/30,SFP-10G-SR,AVD21249KAM,V03
uk-bfa-cs01,SFP-10Gbase-SR,TenGigabitEthernet1/1/29,SFP-10G-SR,AVD21249KAN,V03
uk-bfa-cs01,SFP-10Gbase-SR,TenGigabitEthernet2/1/28,SFP-10G-SR,AVD21249KAS,V03
uk-bfa-cs01,SFP-10Gbase-SR,TenGigabitEthernet1/1/32,SFP-10G-SR,AVD21249KAU,V03
uk-bfa-cs01,SFP-10Gbase-SR,TenGigabitEthernet2/1/26,SFP-10G-SR,AVD21249PCU,V03
uk-bfa-cs01,SFP-10Gbase-SR,TenGigabitEthernet1/1/26,SFP-10G-SR,AVD21249SSJ,V03
uk-bfa-cs01,SFP-10Gbase-SR,TenGigabitEthernet2/1/31,SFP-10G-SR,AVD2125991T,V03
uk-bfa-cs01,SFP-10Gbase-SR,TenGigabitEthernet1/1/3,SFP-10G-SR,AVD21259923,V03
uk-bfa-cs01,SFP-10Gbase-SR,TenGigabitEthernet2/1/27,SFP-10G-SR,AVD2125992R,V03
uk-bfa-cs01,SFP-10Gbase-SR,TenGigabitEthernet1/1/28,SFP-10G-SR,AVD2125992X,V03
uk-bfa-cs01,SFP-10Gbase-SR,TenGigabitEthernet2/1/30,SFP-10G-SR,AVD21259931,V03
uk-bfa-cs01,SFP-10Gbase-SR,TenGigabitEthernet2/1/32,SFP-10G-SR,AVD2125993J,V03
uk-bfa-cs01,SFP-10Gbase-SR,TenGigabitEthernet2/1/3,SFP-10G-SR,AVD2125994W,V03
uk-bfa-cs01,SFP-10Gbase-SR,TenGigabitEthernet1/1/1,SFP-10G-SR,AVD21259DTW,V03
uk-bfa-cs01,SFP-10Gbase-SR,TenGigabitEthernet2/1/29,SFP-10G-SR,AVD21259EG0,V03
uk-bfa-cs01,SFP-10Gbase-SR,TenGigabitEthernet1/1/31,SFP-10G-SR,AVD21259EJJ,V03
uk-bfa-cs01,SFP-10Gbase-SR,TenGigabitEthernet1/1/27,SFP-10G-SR,AVD21259J71,V03
uk-bfa-cs01,1000BaseSX,TenGigabitEthernet2/1/4,GLC-SX-MMD,FNS213403ZA,V01
uk-bfa-cs01,1000BaseSX,TenGigabitEthernet1/1/4,GLC-SX-MMD,FNS21340405,V01
uk-bfa-cs01,4500X-32 10GE (SFP+),Switch1 Supervisor 1 (virtual slot 1),WS-C4500X-32,JAE2141055Z,V06
uk-bfa-cs01,Cisco Systems,Switch1 System,,JAE2141055Z,none
uk-bfa-cs01,4500X-32 10GE (SFP+),Switch2 Supervisor 1 (virtual slot 11),WS-C4500X-32,JAE214105BF,V06
uk-bfa-cs01,Cisco Systems,Switch2 System,,JAE214105BF,none
uk-bfa-vg01,450W AC Power Supply for Cisco ISR4450,Power Supply Module 0,PWR-4450-AC,DCA2133XBE7,V02
uk-bfa-vg01,Cisco ISR4351 Route Processor,module R0,ISR4351/K9,FDO21412F5Q,V04
uk-bfa-vg01,Cisco ISR4351 Chassis,Chassis,ISR4351/K9,FDO2142A24X,V04
uk-bfa-vg01,NIM-2CE1T1-PRI - T1/E1 Serial Module,NIM subslot 0/1,NIM-2CE1T1-PRI,FOC213660FB,V04
uk-bfa-vg01,PVDM4-64 Voice DSP Module,subslot 0/1 db module 0,PVDM4-64,FOC21474ZFA,V02
uk-bfa-vg01,Front Panel 3 ports Gigabitethernet Module,NIM subslot 0/0,ISR4351-3x1GE,JAB092709EL,V01
uk-bfa-vg01,Cisco ISR4450,Fan Tray,ACS-4450-FANASSY,none,none
uk-bfa-vg01,Cisco ISR4351 Built-In NIM controller,module 0,ISR4351/K9,none,none
uk-bfa-vg01,Cisco ISR4351 Built-In SM controller,module 1,ISR4351/K9,none,none
uk-bfa-vg01,Cisco ISR4351 Built-In SM controller,module 2,ISR4351/K9,none,none
uk-bfa-vg01,Cisco ISR4351 Forwarding Processor,module F0,ISR4351/K9,none,none
uk-brs-as01-betdigital,WS-C2960X-48TD-L,1,WS-C2960X-48TD-L,FOC1930S17N,V03
uk-brs-asa-01-admin-act,10G Based-SR,TenGigabitEthernet0/8,SFP-10G-SR,AVD1842A4JS,V03
uk-brs-asa-01-admin-act,10G Based-SR,TenGigabitEthernet0/9,SFP-10G-SR,AVD1842A4KB,V03
uk-brs-asa-01-admin-act,ASA 5585-X Security Services Processor-20 with 8GE,module 0,ASA5585-SSP-20,JAD184800RJ,V07
uk-brs-asa-01-admin-act,ASA 5585-X,Chassis,ASA5585,JMX185080H6,V04
uk-brs-asa-01-admin-act,ASA 5585-X AC Power Supply,power supply 0,ASA5585-PWR-AC,POG1841A043,V05
uk-brs-asa-01-admin-act,ASA 5585-X AC Power Supply,power supply 1,ASA5585-PWR-AC,POG1841A073,V05
uk-brs-asa-01-admin-stby,10G Based-SR,TenGigabitEthernet0/9,SFP-10G-SR,AVD1842A4JA,V03
uk-brs-asa-01-admin-stby,10G Based-SR,TenGigabitEthernet0/8,SFP-10G-SR,AVD1842A4JL,V03
uk-brs-asa-01-admin-stby,ASA 5585-X Security Services Processor-20 with 8GE,module 0,ASA5585-SSP-20,JAD184500HV,V07
uk-brs-asa-01-admin-stby,ASA 5585-X,Chassis,ASA5585,JMX185080HE,V04
uk-brs-asa-01-admin-stby,ASA 5585-X AC Power Supply,power supply 1,ASA5585-PWR-AC,POG1841A03V,V05
uk-brs-asa-01-admin-stby,ASA 5585-X AC Power Supply,power supply 0,ASA5585-PWR-AC,POG1841A047,V05
uk-brs-cr01,SFP Transceiver 1000BaseSX Te5/12,Transceiver Te5/12,GLC-SX-MMD,AGA1709R237,V01
uk-brs-cr01,SFP+ Transceiver 10Gbase-SR Te5/10,Transceiver Te5/10,SFP-10G-SR,AVD1932ACCA,V03
uk-brs-cr01,SFP+ Transceiver 10Gbase-SR Te5/1,Transceiver Te5/1,SFP-10G-SR,AVD1932ACDL,V03
uk-brs-cr01,SFP+ Transceiver 10Gbase-SR Te5/4,Transceiver Te5/4,SFP-10G-SR,AVD1932ACDN,V03
uk-brs-cr01,SFP+ Transceiver 10Gbase-SR Te5/2,Transceiver Te5/2,SFP-10G-SR,AVD1932ACDS,V03
uk-brs-cr01,SFP+ Transceiver 10Gbase-SR Te5/9,Transceiver Te5/9,SFP-10G-SR,AVD1932AD5X,V03
uk-brs-cr01,AC power supply,PS 1 C6880-X-3KW-AC,C6880-X-3KW-AC,DTM193200Q9,V01
uk-brs-cr01,AC power supply,PS 2 C6880-X-3KW-AC,C6880-X-3KW-AC,DTM193200SM,V01
uk-brs-cr01,SFP Transceiver 1000BaseSX Te5/6,Transceiver Te5/6,SFP-GE-S,FNS1426209C,V01
uk-brs-cr01,C6880-X Fan Tray 1,C6880-X-FAN 1,C6880-X-FAN,FOX1931XG5Y,V01
uk-brs-cr01,SFP Transceiver 10/100/1000BaseT Te5/5,Transceiver Te5/5,Unspecified,MTC152506T4,Unspecified
uk-brs-cr01,C6880-X-SUP 20 ports 6880-X 16P SFP+ Multi-Rate Rev. 1.2,5,C6880-X-SUP,SAL1933MDVX,none
uk-brs-cr01,C6880-X-PFC Policy Feature Card 4 Rev. 1.2,C6880-X-PFC Policy Feature Card 4 EARL 1 sub-module of 5,C6880-X-PFC,SAL1933MDXK,none
uk-brs-cr01,Cisco Systems,C6880-X,C6880-X,SAL1935N6YL,V01
uk-brs-cr02,SFP+ Transceiver 10Gbase-SR Te5/4,Transceiver Te5/4,SFP-10G-SR,AVD1932ACE3,V03
uk-brs-cr02,SFP+ Transceiver 10Gbase-SR Te5/2,Transceiver Te5/2,SFP-10G-SR,AVD1932ACE8,V03
uk-brs-cr02,SFP+ Transceiver 10Gbase-SR Te5/10,Transceiver Te5/10,SFP-10G-SR,AVD1932ACEA,V03
uk-brs-cr02,AC power supply,PS 2 C6880-X-3KW-AC,C6880-X-3KW-AC,DTM19320187,V01
uk-brs-cr02,AC power supply,PS 1 C6880-X-3KW-AC,C6880-X-3KW-AC,DTM1932019D,V01
uk-brs-cr02,C6880-X Fan Tray 1,C6880-X-FAN 1,C6880-X-FAN,FOX1931XG7C,V01
uk-brs-cr02,SFP+ Transceiver 10Gbase-SR Te5/1,Transceiver Te5/1,SFP-10G-SR,JUR1930F00L,V03
uk-brs-cr02,SFP+ Transceiver 10Gbase-SR Te5/9,Transceiver Te5/9,SFP-10G-SR,JUR1930F3AW,V03
uk-brs-cr02,SFP Transceiver 10/100/1000BaseT Te5/5,Transceiver Te5/5,Unspecified,MTC152506T0,Unspecified
uk-brs-cr02,SFP Transceiver 1000BaseSX Te5/12,Transceiver Te5/12,GLC-SX-MM,OPL15231565,V04
uk-brs-cr02,SFP Transceiver 1000BaseSX Te5/14,Transceiver Te5/14,GLC-SX-MM,OPL15232475,V04
uk-brs-cr02,C6880-X-SUP 20 ports 6880-X 16P SFP+ Multi-Rate Rev. 1.2,5,C6880-X-SUP,SAL1935NDGP,none
uk-brs-cr02,C6880-X-PFC Policy Feature Card 4 Rev. 1.2,C6880-X-PFC Policy Feature Card 4 EARL 1 sub-module of 5,C6880-X-PFC,SAL1935NDK9,none
uk-brs-cr02,Cisco Systems,C6880-X,C6880-X,SAL1935NG6Y,V01
uk-brs-cs01,Chassis 1 X2 Transceiver 10Gbase-SR Te1/4/4,Chassis 1 Transceiver Te1/4/4,X2-10GB-SR,AGA1444XVFD,V04
uk-brs-cs01,Chassis 1 X2 Transceiver 10Gbase-SR Te1/4/2,Chassis 1 Transceiver Te1/4/2,X2-10GB-SR,AGA1444XVFJ,V04
uk-brs-cs01,Chassis 1 X2 Transceiver 10Gbase-SR Te1/4/1,Chassis 1 Transceiver Te1/4/1,X2-10GB-SR,AGA1444XZWX,V04
uk-brs-cs01,Chassis 2 X2 Transceiver 10Gbase-SR Te2/4/3,Chassis 2 Transceiver Te2/4/3,X2-10GB-SR,AGA1444XZXX,V04
uk-brs-cs01,Chassis 1 X2 Transceiver 10Gbase-SR Te1/4/8,Chassis 1 Transceiver Te1/4/8,X2-10GB-SR,AGA1444XZYF,V04
uk-brs-cs01,Chassis 2 X2 Transceiver 10Gbase-SR Te2/4/1,Chassis 2 Transceiver Te2/4/1,X2-10GB-SR,AGA1445X02Z,V04
uk-brs-cs01,Chassis 1 X2 Transceiver 10Gbase-SR Te1/4/7,Chassis 1 Transceiver Te1/4/7,X2-10GB-SR,AGA1445X0B5,V04
uk-brs-cs01,Chassis 1 X2 Transceiver 10Gbase-SR Te1/4/6,Chassis 1 Transceiver Te1/4/6,X2-10GB-SR,AGA1445X0B6,V04
uk-brs-cs01,Chassis 1 X2 Transceiver 10Gbase-SR Te1/4/3,Chassis 1 Transceiver Te1/4/3,X2-10GB-SR,AGA1445X0B9,V04
uk-brs-cs01,Chassis 2 X2 Transceiver 10Gbase-SR Te2/4/4,Chassis 2 Transceiver Te2/4/4,X2-10GB-SR,AGA1445X0CE,V04
uk-brs-cs01,Chassis 1 X2 Transceiver 10Gbase-SR Te1/4/5,Chassis 1 Transceiver Te1/4/5,X2-10GB-SR,AGA1445X0CF,V04
uk-brs-cs01,Chassis 2 X2 Transceiver 10Gbase-SR Te2/4/2,Chassis 2 Transceiver Te2/4/2,X2-10GB-SR,AGA1445X0CG,V04
uk-brs-cs01,Chassis 2 X2 Transceiver 10Gbase-SR Te2/4/5,Chassis 2 Transceiver Te2/4/5,X2-10GB-SR,AGA1628X01B,V06
uk-brs-cs01,Chassis 2 X2 Transceiver 10Gbase-SR Te2/4/7,Chassis 2 Transceiver Te2/4/7,X2-10GB-SR,AGA1628X03F,V06
uk-brs-cs01,Chassis 2 X2 Transceiver 10Gbase-SR Te2/4/8,Chassis 2 Transceiver Te2/4/8,X2-10GB-SR,AGA1628X1JZ,V06
uk-brs-cs01,Chassis 2 X2 Transceiver 10Gbase-SR Te2/4/6,Chassis 2 Transceiver Te2/4/6,X2-10GB-SR,AGA1629X1YK,V06
uk-brs-cs01,Chassis 1 AC power supply,Chassis 1 PS 1 WS-CAC-6000W,WS-CAC-6000W,ART1924F077,V06
uk-brs-cs01,Chassis 1 AC power supply,Chassis 1 PS 2 WS-CAC-6000W,WS-CAC-6000W,ART1924F07G,V06
uk-brs-cs01,Chassis 2 AC power supply,Chassis 2 PS 2 WS-CAC-6000W,WS-CAC-6000W,ART1924F07J,V06
uk-brs-cs01,Chassis 2 AC power supply,Chassis 2 PS 1 WS-CAC-6000W,WS-CAC-6000W,ART1924F07V,V06
uk-brs-cs01,Chassis 2 Enhanced 9-slot Fan Tray 1,Chassis 2 WS-C6509-E-FAN 1,WS-C6509-E-FAN,DCH11271642,V03
uk-brs-cs01,Chassis 1 Enhanced 9-slot Fan Tray 1,Chassis 1 WS-C6509-E-FAN 1,WS-C6509-E-FAN,DCH11453820,V03
uk-brs-cs01,Chassis 2 Xenpak Transceiver 10Gbase-SR Te2/1/1,Chassis 2 Transceiver Te2/1/1,XENPAK-10GB-SR,FNS14450C8R,none
uk-brs-cs01,Chassis 1 X2 Transceiver 10Gbase-SR Te1/3/1,Chassis 1 Transceiver Te1/3/1,X2-10GB-SR,FNS19100T09,V06
uk-brs-cs01,Chassis 1 X2 Transceiver 10Gbase-SR Te1/3/2,Chassis 1 Transceiver Te1/3/2,X2-10GB-SR,FNS19100T0L,V06
uk-brs-cs01,Chassis 1 X2 Transceiver 10Gbase-SR Te1/3/3,Chassis 1 Transceiver Te1/3/3,X2-10GB-SR,FNS19100T0P,V06
uk-brs-cs01,Chassis 1 X2 Transceiver 10Gbase-SR Te1/3/4,Chassis 1 Transceiver Te1/3/4,X2-10GB-SR,FNS19100T0S,V06
uk-brs-cs01,Chassis 1 X2 Transceiver 10Gbase-SR Te1/3/7,Chassis 1 Transceiver Te1/3/7,X2-10GB-SR,FNS19100Y47,V06
uk-brs-cs01,Chassis 1 X2 Transceiver 10Gbase-SR Te1/3/8,Chassis 1 Transceiver Te1/3/8,X2-10GB-SR,FNS19100Y4J,V06
uk-brs-cs01,Chassis 1 X2 Transceiver 10Gbase-SR Te1/3/6,Chassis 1 Transceiver Te1/3/6,X2-10GB-SR,FNS19100Y8P,V06
uk-brs-cs01,Chassis 1 X2 Transceiver 10Gbase-SR Te1/3/5,Chassis 1 Transceiver Te1/3/5,X2-10GB-SR,FNS19100Y8Z,V06
uk-brs-cs01,Chassis 2 X2 Transceiver 10Gbase-SR Te2/3/4,Chassis 2 Transceiver Te2/3/4,X2-10GB-SR,FNS19101GZH,V06
uk-brs-cs01,Chassis 2 X2 Transceiver 10Gbase-SR Te2/3/2,Chassis 2 Transceiver Te2/3/2,X2-10GB-SR,FNS19101H57,V06
uk-brs-cs01,Chassis 2 X2 Transceiver 10Gbase-SR Te2/3/3,Chassis 2 Transceiver Te2/3/3,X2-10GB-SR,FNS19101H58,V06
uk-brs-cs01,Chassis 2 X2 Transceiver 10Gbase-SR Te2/3/1,Chassis 2 Transceiver Te2/3/1,X2-10GB-SR,FNS19101H5A,V06
uk-brs-cs01,Chassis 2 X2 Transceiver 10Gbase-SR Te2/3/6,Chassis 2 Transceiver Te2/3/6,X2-10GB-SR,FNS19111F1F,V06
uk-brs-cs01,Chassis 2 X2 Transceiver 10Gbase-SR Te2/3/5,Chassis 2 Transceiver Te2/3/5,X2-10GB-SR,FNS19111F1W,V06
uk-brs-cs01,Chassis 2 X2 Transceiver 10Gbase-SR Te2/3/7,Chassis 2 Transceiver Te2/3/7,X2-10GB-SR,FNS19111F5S,V06
uk-brs-cs01,Chassis 2 X2 Transceiver 10Gbase-SR Te2/3/8,Chassis 2 Transceiver Te2/3/8,X2-10GB-SR,FNS19111F64,V06
uk-brs-cs01,Chassis 1 Xenpak Transceiver 10Gbase-SR Te1/1/1,Chassis 1 Transceiver Te1/1/1,XENPAK-10GB-SR,ONT114800BX,V01
uk-brs-cs01,Chassis 2 Xenpak Transceiver 10Gbase-SR Te2/1/4,Chassis 2 Transceiver Te2/1/4,XENPAK-10GB-SR,ONT114800JL,V01
uk-brs-cs01,Chassis 1 Xenpak Transceiver 10Gbase-SR Te1/1/2,Chassis 1 Transceiver Te1/1/2,XENPAK-10GB-SR,ONT114800JW,V01
uk-brs-cs01,Chassis 1 Xenpak Transceiver 10Gbase-SR Te1/1/3,Chassis 1 Transceiver Te1/1/3,XENPAK-10GB-SR,ONT114800K1,V01
uk-brs-cs01,Chassis 2 Xenpak Transceiver 10Gbase-SR Te2/1/3,Chassis 2 Transceiver Te2/1/3,XENPAK-10GB-SR,ONT114800MU,V01
uk-brs-cs01,Chassis 2 Xenpak Transceiver 10Gbase-SR Te2/1/2,Chassis 2 Transceiver Te2/1/2,XENPAK-10GB-SR,ONT114800P1,V01
uk-brs-cs01,Chassis 1 Xenpak Transceiver 10Gbase-SR Te1/1/4,Chassis 1 Transceiver Te1/1/4,XENPAK-10GB-SR,ONT114800U8,V01
uk-brs-cs01,Chassis 2 X2 Transceiver 10Gbase-SR Te2/5/4,Chassis 2 Transceiver Te2/5/4,X2-10GB-SR,ONT1635039D,V06
uk-brs-cs01,Chassis 1 X2 Transceiver 10Gbase-SR Te1/5/5,Chassis 1 Transceiver Te1/5/5,X2-10GB-SR,ONT1635041G,V06
uk-brs-cs01,Chassis 1 X2 Transceiver 10Gbase-SR Te1/5/4,Chassis 1 Transceiver Te1/5/4,X2-10GB-SR,ONT163504QE,V06
uk-brs-cs01,Chassis 2 X2 Transceiver 10Gbase-SR Te2/5/5,Chassis 2 Transceiver Te2/5/5,X2-10GB-SR,ONT16350643,V06
uk-brs-cs01,Chassis 2 X2 Transceiver 10Gbase-SR Te2/7/3,Chassis 2 Transceiver Te2/7/3,X2-10GB-SR,ONT19190087,V06
uk-brs-cs01,Chassis 1 X2 Transceiver 10Gbase-SR Te1/7/6,Chassis 1 Transceiver Te1/7/6,X2-10GB-SR,ONT1919008R,V06
uk-brs-cs01,Chassis 1 X2 Transceiver 10Gbase-SR Te1/7/2,Chassis 1 Transceiver Te1/7/2,X2-10GB-SR,ONT191900XF,V06
uk-brs-cs01,Chassis 2 X2 Transceiver 10Gbase-SR Te2/7/1,Chassis 2 Transceiver Te2/7/1,X2-10GB-SR,ONT19190142,V06
uk-brs-cs01,Chassis 1 X2 Transceiver 10Gbase-SR Te1/7/1,Chassis 1 Transceiver Te1/7/1,X2-10GB-SR,ONT1919014H,V06
uk-brs-cs01,Chassis 2 X2 Transceiver 10Gbase-SR Te2/7/8,Chassis 2 Transceiver Te2/7/8,X2-10GB-SR,ONT191901NJ,V06
uk-brs-cs01,Chassis 1 X2 Transceiver 10Gbase-SR Te1/7/4,Chassis 1 Transceiver Te1/7/4,X2-10GB-SR,ONT192000PC,V06
uk-brs-cs01,Chassis 2 X2 Transceiver 10Gbase-SR Te2/7/5,Chassis 2 Transceiver Te2/7/5,X2-10GB-SR,ONT1920011F,V06
uk-brs-cs01,Chassis 1 X2 Transceiver 10Gbase-SR Te1/7/3,Chassis 1 Transceiver Te1/7/3,X2-10GB-SR,ONT1920017A,V06
uk-brs-cs01,Chassis 1 X2 Transceiver 10Gbase-SR Te1/7/7,Chassis 1 Transceiver Te1/7/7,X2-10GB-SR,ONT1920017B,V06
uk-brs-cs01,Chassis 2 X2 Transceiver 10Gbase-SR Te2/7/2,Chassis 2 Transceiver Te2/7/2,X2-10GB-SR,ONT192001L6,V06
uk-brs-cs01,Chassis 1 X2 Transceiver 10Gbase-SR Te1/7/5,Chassis 1 Transceiver Te1/7/5,X2-10GB-SR,ONT19210015,V06
uk-brs-cs01,Chassis 2 X2 Transceiver 10Gbase-SR Te2/7/6,Chassis 2 Transceiver Te2/7/6,X2-10GB-SR,ONT1921002F,V06
uk-brs-cs01,Chassis 2 X2 Transceiver 10Gbase-SR Te2/7/4,Chassis 2 Transceiver Te2/7/4,X2-10GB-SR,ONT1921002G,V06
uk-brs-cs01,Chassis 1 X2 Transceiver 10Gbase-SR Te1/7/8,Chassis 1 Transceiver Te1/7/8,X2-10GB-SR,ONT1921004L,V06
uk-brs-cs01,Chassis 2 X2 Transceiver 10Gbase-SR Te2/7/7,Chassis 2 Transceiver Te2/7/7,X2-10GB-SR,ONT1921004W,V06
uk-brs-cs01,Chassis 2 ACE20-MOD-K9 1 ports Application Control Engine Module Rev. 2.3,Chassis 2 2,ACE20-MOD-K9,SAD1202074Y,V02
uk-brs-cs01,Chassis 1 ACE20-MOD-K9 1 ports Application Control Engine Module Rev. 2.3,Chassis 1 2,ACE20-MOD-K9,SAD1202078F,V02
uk-brs-cs01,Chassis 2 WS-F6700-CFC Centralized Forwarding Card Rev. 3.1,Chassis 2 WS-F6700-CFC Centralized Forwarding Card sub-module of 9,WS-F6700-CFC,SAL1125S02H,V04
uk-brs-cs01,Chassis 2 WS-X6748-GE-TX CEF720 48 port 10/100/1000mb Ethernet Rev. 2.6,Chassis 2 9,WS-X6748-GE-TX,SAL1126SEMM,V02
uk-brs-cs01,Chassis 1 WS-F6700-CFC Centralized Forwarding Card Rev. 4.0,Chassis 1 WS-F6700-CFC Centralized Forwarding Card sub-module of 1,WS-F6700-CFC,SAL1201BQEF,V05
uk-brs-cs01,Chassis 1 WS-X6704-10GE CEF720 4 port 10-Gigabit Ethernet Rev. 2.6,Chassis 1 1,WS-X6704-10GE,SAL1201BTYY,V02
uk-brs-cs01,Chassis 2 WS-X6704-10GE CEF720 4 port 10-Gigabit Ethernet Rev. 2.6,Chassis 2 1,WS-X6704-10GE,SAL1201BTZW,V02
uk-brs-cs01,Chassis 1 WS-X6748-GE-TX CEF720 48 port 10/100/1000mb Ethernet Rev. 2.7,Chassis 1 9,WS-X6748-GE-TX,SAL1201C5FL,V02
uk-brs-cs01,Chassis 1 WS-F6700-CFC Centralized Forwarding Card Rev. 4.0,Chassis 1 WS-F6700-CFC Centralized Forwarding Card sub-module of 9,WS-F6700-CFC,SAL1201C5V9,V05
uk-brs-cs01,Chassis 2 WS-F6700-CFC Centralized Forwarding Card Rev. 4.0,Chassis 2 WS-F6700-CFC Centralized Forwarding Card sub-module of 1,WS-F6700-CFC,SAL1201C85P,V05
uk-brs-cs01,Chassis 1 WS-F6700-DFC3C Distributed Forwarding Card 3 Rev. 1.4,Chassis 1 WS-F6700-DFC3C Distributed Forwarding Card 3 sub-module of 4,WS-F6700-DFC3C,SAL1445ZALN,V03
uk-brs-cs01,Chassis 2 WS-X6708-10GE CEF720 8 port 10GE with DFC Rev. 2.2,Chassis 2 4,WS-X6708-10GE,SAL14470H3Z,V08
uk-brs-cs01,Chassis 1 WS-X6708-10GE CEF720 8 port 10GE with DFC Rev. 2.2,Chassis 1 4,WS-X6708-10GE,SAL14470KT9,V08
uk-brs-cs01,Chassis 2 WS-F6700-DFC3C Distributed Forwarding Card 3 Rev. 1.4,Chassis 2 WS-F6700-DFC3C Distributed Forwarding Card 3 sub-module of 4,WS-F6700-DFC3C,SAL14480RBS,V03
uk-brs-cs01,Chassis 1 WS-X6748-GE-TX CEF720 48 port 10/100/1000mb Ethernet Rev. 4.5,Chassis 1 8,WS-X6748-GE-TX,SAL15013ZL6,V06
uk-brs-cs01,Chassis 1 WS-F6700-CFC Centralized Forwarding Card Rev. 4.1,Chassis 1 WS-F6700-CFC Centralized Forwarding Card sub-module of 8,WS-F6700-CFC,SAL15014953,V06
uk-brs-cs01,Chassis 1 VS-F6K-MSFC3 MSFC3 Daughterboard Rev. 5.1,Chassis 1 msfc sub-module of 5,VS-F6K-MSFC3,SAL1547W6C9,V06
uk-brs-cs01,Chassis 2 VS-F6K-MSFC3 MSFC3 Daughterboard Rev. 5.1,Chassis 2 msfc sub-module of 5,VS-F6K-MSFC3,SAL1549X032,V06
uk-brs-cs01,Chassis 1 VS-F6K-PFC3C Policy Feature Card 3 Rev. 1.1,Chassis 1 VS-F6K-PFC3C Policy Feature Card 3 sub-module of 5,VS-F6K-PFC3C,SAL1549X9RU,V01
uk-brs-cs01,Chassis 2 VS-F6K-PFC3C Policy Feature Card 3 Rev. 1.1,Chassis 2 VS-F6K-PFC3C Policy Feature Card 3 sub-module of 5,VS-F6K-PFC3C,SAL1549XBG6,V01
uk-brs-cs01,Chassis 1 VS-S720-10G 5 ports Supervisor Engine 720 10GE Rev. 4.1,Chassis 1 5,VS-S720-10G,SAL1550XPAP,V06
uk-brs-cs01,Chassis 2 VS-S720-10G 5 ports Supervisor Engine 720 10GE Rev. 4.1,Chassis 2 5,VS-S720-10G,SAL1550XPAY,V06
uk-brs-cs01,Chassis 1 WS-X6708-10GE CEF720 8 port 10GE with DFC Rev. 3.9,Chassis 1 3,WS-X6708-10GE,SAL18464815,V12
uk-brs-cs01,Chassis 2 WS-X6708-10GE CEF720 8 port 10GE with DFC Rev. 3.9,Chassis 2 3,WS-X6708-10GE,SAL1911B3E9,V12
uk-brs-cs01,Chassis 2 WS-F6700-DFC3C Distributed Forwarding Card 3 Rev. 1.8,Chassis 2 WS-F6700-DFC3C Distributed Forwarding Card 3 sub-module of 3,WS-F6700-DFC3C,SAL1911B8RW,V04
uk-brs-cs01,Chassis 1 WS-F6700-DFC3C Distributed Forwarding Card 3 Rev. 1.8,Chassis 1 WS-F6700-DFC3C Distributed Forwarding Card 3 sub-module of 3,WS-F6700-DFC3C,SAL1918EBUJ,V04
uk-brs-cs01,Chassis 2 WS-F6700-DFC3C Distributed Forwarding Card 3 Rev. 1.8,Chassis 2 WS-F6700-DFC3C Distributed Forwarding Card 3 sub-module of 7,WS-F6700-DFC3C,SAL1948TRDE,V04
uk-brs-cs01,Chassis 1 WS-F6700-DFC3C Distributed Forwarding Card 3 Rev. 1.8,Chassis 1 WS-F6700-DFC3C Distributed Forwarding Card 3 sub-module of 7,WS-F6700-DFC3C,SAL1948TRFG,V04
uk-brs-cs01,Chassis 2 WS-X6708-10GE CEF720 8 port 10GE with DFC Rev. 3.9,Chassis 2 7,WS-X6708-10GE,SAL1948TW1P,V12
uk-brs-cs01,Chassis 1 WS-X6708-10GE CEF720 8 port 10GE with DFC Rev. 3.9,Chassis 1 7,WS-X6708-10GE,SAL1948TW3P,V12
uk-brs-cs01,Chassis 1 Cisco Systems Catalyst 6500 9-slot Chassis System,Chassis 1 WS-C6509-E,WS-C6509-E,SMC1148003R,V04
uk-brs-cs01,Chassis 2 Cisco Systems Catalyst 6500 9-slot Chassis System,Chassis 2 WS-C6509-E,WS-C6509-E,SMG1128N2KQ,V04
uk-brs-cs01,Chassis 2 OSR-7600 Clock FRU 1,Chassis 2 CLK-7600 1,CLK-7600,SMT1118E827,none
uk-brs-cs01,Chassis 2 OSR-7600 Clock FRU 2,Chassis 2 CLK-7600 2,CLK-7600,SMT1118E827,none
uk-brs-cs01,Chassis 2 VTT-E FRU 2,Chassis 2 WS-C6K-VTT-E 2,WS-C6K-VTT-E,SMT1120F234,none
uk-brs-cs01,Chassis 2 VTT-E FRU 1,Chassis 2 WS-C6K-VTT-E 1,WS-C6K-VTT-E,SMT1120F236,none
uk-brs-cs01,Chassis 2 VTT-E FRU 3,Chassis 2 WS-C6K-VTT-E 3,WS-C6K-VTT-E,SMT1120F250,none
uk-brs-cs01,Chassis 1 OSR-7600 Clock FRU 1,Chassis 1 CLK-7600 1,CLK-7600,SMT1136F704,none
uk-brs-cs01,Chassis 1 OSR-7600 Clock FRU 2,Chassis 1 CLK-7600 2,CLK-7600,SMT1136F704,none
uk-brs-cs01,Chassis 1 VTT-E FRU 2,Chassis 1 WS-C6K-VTT-E 2,WS-C6K-VTT-E,SMT1140A977,none
uk-brs-cs01,Chassis 1 VTT-E FRU 3,Chassis 1 WS-C6K-VTT-E 3,WS-C6K-VTT-E,SMT1140B133,none
uk-brs-cs01,Chassis 1 VTT-E FRU 1,Chassis 1 WS-C6K-VTT-E 1,WS-C6K-VTT-E,SMT1140B148,none
uk-brs-dmvpn01,2821 chassis,2821 chassis,CISCO2821,FCZ09277570,V01
uk-brs-dmvpn01,Encryption AIM Element,Virtual Private Network (VPN) Module,AIM-VPN/EPII-PLUS,FOC09160G09,  NA
uk-brs-ds01,O2 48X10GE/Modular Supervisor,Module 1,N5K-C5596UP,FOC17106V1P,V01
uk-brs-ds01,Fabric Extender Module,FEX 101 Module 1,N2K-C2248TP-E-1GE,FOC173772R3,V02
uk-brs-ds01,Fabric Extender Module,FEX 103 Module 1,N2K-C2248TP-E-1GE,FOC19356H31,V02
uk-brs-ds01,Fabric Extender Module,FEX 105 Module 1,N2K-C2248TP-E-1GE,FOC19356HBH,V02
uk-brs-ds01,Nexus 5596 Chassis,Chassis,N5K-C5596UP,FOX1709GMM7,V01
uk-brs-ds01,N2K-C2248TP-E-1GE  CHASSIS,FEX 103 CHASSIS,N2K-C2248TP-E-1GE,FOX1936GDE0,V02
uk-brs-ds01,N2K-C2248TP-E-1GE  CHASSIS,FEX 105 CHASSIS,N2K-C2248TP-E-1GE,FOX1936GDEM,V02
uk-brs-ds01,Fabric Extender AC power supply,FEX 101 Power Supply 1,N2200-PAC-400W-B,LIT17191P5A,V02
uk-brs-ds01,Fabric Extender AC power supply,FEX 101 Power Supply 2,N2200-PAC-400W-B,LIT17191P87,V02
uk-brs-ds01,Fabric Extender AC power supply,FEX 103 Power Supply 2,N2200-PAC-400W,LIT19340240,V05
uk-brs-ds01,Fabric Extender AC power supply,FEX 103 Power Supply 1,N2200-PAC-400W,LIT1934024D,V05
uk-brs-ds01,Fabric Extender AC power supply,FEX 105 Power Supply 2,N2200-PAC-400W,LIT1934058U,V05
uk-brs-ds01,Fabric Extender AC power supply,FEX 105 Power Supply 1,N2200-PAC-400W,LIT1934058W,V05
uk-brs-ds01,Fabric Extender Fan module,FEX 101 Fan 1,N2K-C2248-FAN-B,N/A,N/A
uk-brs-ds01,Fabric Extender Fan module,FEX 103 Fan 1,N2K-C2248-FAN,N/A,N/A
uk-brs-ds01,Fabric Extender Fan module,FEX 105 Fan 1,N2K-C2248-FAN,N/A,N/A
uk-brs-ds01,Chassis fan module,Fan 1,N5596UP-FAN-B,N/A,N/A
uk-brs-ds01,Chassis fan module,Fan 2,N5596UP-FAN-B,N/A,N/A
uk-brs-ds01,Chassis fan module,Fan 3,N5596UP-FAN-B,N/A,N/A
uk-brs-ds01,Chassis fan module,Fan 4,N5596UP-FAN-B,N/A,N/A
uk-brs-ds01,AC power supply,Power supply 1,N55-PAC-1100W-B,POG17436L8X,V02
uk-brs-ds01,AC power supply,Power supply 2,N55-PAC-1100W-B,POG17536LD3,V03
uk-brs-ds01,N2K-C2248TP-E-1GE  CHASSIS,FEX 101 CHASSIS,N2K-C2248TP-E-1GE,SSI17290DVQ,V02
uk-brs-ds02,O2 48X10GE/Modular Supervisor,Module 1,N5K-C5596UP,FOC17365YA3,V01
uk-brs-ds02,Fabric Extender Module,FEX 102 Module 1,N2K-C2248TP-E-1GE,FOC173772XR,V02
uk-brs-ds02,Fabric Extender Module,FEX 106 Module 1,N2K-C2248TP-E-1GE,FOC19356H4G,V02
uk-brs-ds02,Fabric Extender Module,FEX 104 Module 1,N2K-C2248TP-E-1GE,FOC19356HKF,V02
uk-brs-ds02,Nexus 5596 Chassis,Chassis,N5K-C5596UP,FOX1735GJZQ,V01
uk-brs-ds02,N2K-C2248TP-E-1GE  CHASSIS,FEX 106 CHASSIS,N2K-C2248TP-E-1GE,FOX1936GDDY,V02
uk-brs-ds02,N2K-C2248TP-E-1GE  CHASSIS,FEX 104 CHASSIS,N2K-C2248TP-E-1GE,FOX1936GDE5,V02
uk-brs-ds02,Fabric Extender AC power supply,FEX 102 Power Supply 1,N2200-PAC-400W-B,LIT17191P6B,V02
uk-brs-ds02,Fabric Extender AC power supply,FEX 102 Power Supply 2,N2200-PAC-400W-B,LIT17191P6H,V02
uk-brs-ds02,Fabric Extender AC power supply,FEX 106 Power Supply 2,N2200-PAC-400W,LIT193401YZ,V05
uk-brs-ds02,Fabric Extender AC power supply,FEX 106 Power Supply 1,N2200-PAC-400W,LIT1934022K,V05
uk-brs-ds02,Fabric Extender AC power supply,FEX 104 Power Supply 2,N2200-PAC-400W,LIT19340242,V05
uk-brs-ds02,Fabric Extender AC power supply,FEX 104 Power Supply 1,N2200-PAC-400W,LIT1934024B,V05
uk-brs-ds02,Fabric Extender Fan module,FEX 102 Fan 1,N2K-C2248-FAN-B,N/A,N/A
uk-brs-ds02,Fabric Extender Fan module,FEX 104 Fan 1,N2K-C2248-FAN,N/A,N/A
uk-brs-ds02,Fabric Extender Fan module,FEX 106 Fan 1,N2K-C2248-FAN,N/A,N/A
uk-brs-ds02,Chassis fan module,Fan 1,N5596UP-FAN-B,N/A,N/A
uk-brs-ds02,Chassis fan module,Fan 2,N5596UP-FAN-B,N/A,N/A
uk-brs-ds02,Chassis fan module,Fan 3,N5596UP-FAN-B,N/A,N/A
uk-brs-ds02,Chassis fan module,Fan 4,N5596UP-FAN-B,N/A,N/A
uk-brs-ds02,AC power supply,Power supply 1,N55-PAC-1100W-B,POG17516L6Y,V03
uk-brs-ds02,AC power supply,Power supply 2,N55-PAC-1100W-B,POG17536L4U,V03
uk-brs-ds02,N2K-C2248TP-E-1GE  CHASSIS,FEX 102 CHASSIS,N2K-C2248TP-E-1GE,SSI17290E22,V02
uk-brs-er01,SFP+ Transceiver 10Gbase-SR Te5/3,Transceiver Te5/3,SFP-10G-SR,AVD1932ACB1,V03
uk-brs-er01,SFP+ Transceiver 10Gbase-SR Te5/9,Transceiver Te5/9,SFP-10G-SR,AVD1932ACBT,V03
uk-brs-er01,SFP+ Transceiver 10Gbase-SR Te5/2,Transceiver Te5/2,SFP-10G-SR,AVD1932ACDJ,V03
uk-brs-er01,SFP+ Transceiver 10Gbase-SR Te5/1,Transceiver Te5/1,SFP-10G-SR,AVD1932ACGF,V03
uk-brs-er01,AC power supply,PS 2 C6880-X-3KW-AC,C6880-X-3KW-AC,DTM1932012P,V01
uk-brs-er01,AC power supply,PS 1 C6880-X-3KW-AC,C6880-X-3KW-AC,DTM193201FT,V01
uk-brs-er01,SFP Transceiver 1000BaseSX Te5/4,Transceiver Te5/4,GLC-SX-MMD,FNS181612LE,V01
uk-brs-er01,SFP+ Transceiver 10Gbase-LR Te5/5,Transceiver Te5/5,SFP-10G-LR,FNS19371B20,V02
uk-brs-er01,C6880-X Fan Tray 1,C6880-X-FAN 1,C6880-X-FAN,FOX1931XGAE,V01
uk-brs-er01,C6880-X-SUP 20 ports 6880-X 16P SFP+ Multi-Rate Rev. 1.2,5,C6880-X-SUP,SAL1935NDFP,none
uk-brs-er01,C6880-X-PFC Policy Feature Card 4 Rev. 1.2,C6880-X-PFC Policy Feature Card 4 EARL 1 sub-module of 5,C6880-X-PFC,SAL1935NDKN,none
uk-brs-er01,Cisco Systems,C6880-X,C6880-X,SAL1936NLR1,V01
uk-brs-er02,SFP+ Transceiver 10Gbase-SR Te5/3,Transceiver Te5/3,SFP-10G-SR,AVD1932ABPY,V03
uk-brs-er02,SFP+ Transceiver 10Gbase-SR Te5/2,Transceiver Te5/2,SFP-10G-SR,AVD1932ACE4,V03
uk-brs-er02,SFP+ Transceiver 10Gbase-SR Te5/5,Transceiver Te5/5,SFP-10G-SR,AVD1932AENN,V03
uk-brs-er02,SFP+ Transceiver 10Gbase-SR Te5/1,Transceiver Te5/1,SFP-10G-SR,AVD1932AEPU,V03
uk-brs-er02,AC power supply,PS 1 C6880-X-3KW-AC,C6880-X-3KW-AC,DTM193200Q7,V01
uk-brs-er02,AC power supply,PS 2 C6880-X-3KW-AC,C6880-X-3KW-AC,DTM1932011U,V01
uk-brs-er02,C6880-X Fan Tray 1,C6880-X-FAN 1,C6880-X-FAN,FOX1931XG9R,V01
uk-brs-er02,SFP+ Transceiver 10Gbase-SR Te5/9,Transceiver Te5/9,SFP-10G-SR,JUR1930GYM2,V03
uk-brs-er02,C6880-X-PFC Policy Feature Card 4 Rev. 1.2,C6880-X-PFC Policy Feature Card 4 EARL 1 sub-module of 5,C6880-X-PFC,SAL1930L1BS,none
uk-brs-er02,C6880-X-SUP 20 ports 6880-X 16P SFP+ Multi-Rate Rev. 1.2,5,C6880-X-SUP,SAL1932LYSB,none
uk-brs-er02,Cisco Systems,C6880-X,C6880-X,SAL1935N6YN,V01
uk-brs-es01,1000BaseT,TenGigabitEthernet1/14,GLC-T,00000MTC164600V0,none
uk-brs-es01,1000BaseT,TenGigabitEthernet1/12,Unspecified,AGM16432045,none
uk-brs-es01,1000BaseT,TenGigabitEthernet1/8,Unspecified,AGM16432047,none
uk-brs-es01,1000BaseT,TenGigabitEthernet1/3,Unspecified,AGM1643204E,none
uk-brs-es01,1000BaseT,TenGigabitEthernet1/7,Unspecified,AGM1643205D,none
uk-brs-es01,Power Supply ( AC 750W ),Power Supply 1,C4KX-PWR-750AC-R,ART1639X099,V01
uk-brs-es01,Power Supply ( AC 750W ),Power Supply 2,C4KX-PWR-750AC-R,ART1639X0A1,V01
uk-brs-es01,SFP-10Gbase-SR,TenGigabitEthernet2/1,SFP-10G-SR,AVD1932ACB3,V03
uk-brs-es01,4500X-16 10GE (SFP+),Supervisor(slot 1),WS-C4500X-16,JAE164800GQ,V01
uk-brs-es01,Cisco Systems,Switch System,,JAE164800GQ,none
uk-brs-es01,10GE SFP+,Linecard(slot 2),C4KX-NM-8,JAE164801X0,V01
uk-brs-es01,SFP-10Gbase-SR,TenGigabitEthernet1/16,SFP-10G-SR,JUR1930GYMS,V03
uk-brs-es01,1000BaseT,TenGigabitEthernet1/15,Unspecified,MTC152502EM,none
uk-brs-es01,1000BaseT,TenGigabitEthernet2/2,GLC-T,MTC1815025G,none
uk-brs-es01,SFP-10Gbase-SR,TenGigabitEthernet1/5,SFP-10G-SR,SPC1647009X,V03
uk-brs-es01,SFP-10Gbase-SR,TenGigabitEthernet1/11,SFP-10G-SR,SPC1647009Z,V03
uk-brs-es01,SFP-10Gbase-SR,TenGigabitEthernet1/9,SFP-10G-SR,SPC164700A0,V03
uk-brs-es01,SFP-10Gbase-SR,TenGigabitEthernet2/8,SFP-10G-SR,SPC164700A1,V03
uk-brs-es01,SFP-10Gbase-SR,TenGigabitEthernet2/7,SFP-10G-SR,SPC164700A3,V03
uk-brs-es02,1000BaseT,TenGigabitEthernet1/14,GLC-T,00000MTC164600W6,none
uk-brs-es02,1000BaseT,TenGigabitEthernet1/8,Unspecified,AGM1643204C,none
uk-brs-es02,1000BaseT,TenGigabitEthernet1/3,Unspecified,AGM1643205X,none
uk-brs-es02,1000BaseT,TenGigabitEthernet1/12,Unspecified,AGM164321FC,none
uk-brs-es02,1000BaseT,TenGigabitEthernet1/7,Unspecified,AGM164321FE,none
uk-brs-es02,1000BaseT,TenGigabitEthernet2/2,Unspecified,AGM1840259P,none
uk-brs-es02,Power Supply ( AC 750W ),Power Supply 2,C4KX-PWR-750AC-R,ART1639X0AF,V01
uk-brs-es02,Power Supply ( AC 750W ),Power Supply 1,C4KX-PWR-750AC-R,ART1639X0B9,V01
uk-brs-es02,SFP-10Gbase-SR,TenGigabitEthernet2/1,SFP-10G-SR,AVD1932ACDY,V03
uk-brs-es02,SFP-10Gbase-SR,TenGigabitEthernet1/16,SFP-10G-SR,AVD1932ACE5,V03
uk-brs-es02,4500X-16 10GE (SFP+),Supervisor(slot 1),WS-C4500X-16,JAE16470FY1,V01
uk-brs-es02,Cisco Systems,Switch System,,JAE16470FY1,none
uk-brs-es02,10GE SFP+,Linecard(slot 2),C4KX-NM-8,JAE164801XD,V01
uk-brs-es02,SFP-10Gbase-SR,TenGigabitEthernet1/11,SFP-10G-SR,JUR1837G30X,V03
uk-brs-es02,1000BaseT,TenGigabitEthernet1/15,Unspecified,MTC152502G3,none
uk-brs-es02,SFP-10Gbase-SR,TenGigabitEthernet1/9,SFP-10G-SR,SPC1647009Y,V03
uk-brs-es02,SFP-10Gbase-SR,TenGigabitEthernet2/8,SFP-10G-SR,SPC164700A2,V03
uk-brs-es02,SFP-10Gbase-SR,TenGigabitEthernet2/7,SFP-10G-SR,SPC164700A4,V03
uk-brs-ls01,Nexus9000 93180YC-EX chassis,Chassis,N9K-C93180YC-EX,FDO21482DPY,V02
uk-brs-ls01,48x10/25G + 6x40/100G Ethernet Module,Slot 1,N9K-C93180YC-EX,FDO21482DPY,V02
uk-brs-ls01,Nexus9000 93180YC-EX chassis Power Supply,Power Supply 2,NXA-PAC-650W-PE,LIT21342H7D,V02
uk-brs-ls01,Nexus9000 93180YC-EX chassis Power Supply,Power Supply 1,NXA-PAC-650W-PE,LIT21342HDE,V02
uk-brs-ls01,Nexus9000 93180YC-EX chassis Fan Module,Fan 1,NXA-FAN-30CFM-F,N/A,V01
uk-brs-ls01,Nexus9000 93180YC-EX chassis Fan Module,Fan 2,NXA-FAN-30CFM-F,N/A,V01
uk-brs-ls01,Nexus9000 93180YC-EX chassis Fan Module,Fan 3,NXA-FAN-30CFM-F,N/A,V01
uk-brs-ls01,Nexus9000 93180YC-EX chassis Fan Module,Fan 4,NXA-FAN-30CFM-F,N/A,V01
uk-brs-ls02,Nexus9000 93180YC-EX chassis,Chassis,N9K-C93180YC-EX,FDO21400T6K,V02
uk-brs-ls02,48x10/25G + 6x40/100G Ethernet Module,Slot 1,N9K-C93180YC-EX,FDO21400T6K,V02
uk-brs-ls02,Nexus9000 93180YC-EX chassis Power Supply,Power Supply 2,NXA-PAC-650W-PE,LIT21342H99,V02
uk-brs-ls02,Nexus9000 93180YC-EX chassis Power Supply,Power Supply 1,NXA-PAC-650W-PE,LIT21342HGG,V02
uk-brs-ls02,Nexus9000 93180YC-EX chassis Fan Module,Fan 1,NXA-FAN-30CFM-F,N/A,V01
uk-brs-ls02,Nexus9000 93180YC-EX chassis Fan Module,Fan 2,NXA-FAN-30CFM-F,N/A,V01
uk-brs-ls02,Nexus9000 93180YC-EX chassis Fan Module,Fan 3,NXA-FAN-30CFM-F,N/A,V01
uk-brs-ls02,Nexus9000 93180YC-EX chassis Fan Module,Fan 4,NXA-FAN-30CFM-F,N/A,V01
uk-brs-ls03,Nexus9000 93180YC-EX chassis Power Supply,Power Supply 2,NXA-PAC-650W-PE,ART2138F8PH,V02
uk-brs-ls03,Nexus9000 93180YC-EX chassis Power Supply,Power Supply 1,NXA-PAC-650W-PE,ART2138F8PV,V02
uk-brs-ls03,Nexus9000 93180YC-EX chassis,Chassis,N9K-C93180YC-EX,FDO214733J4,V02
uk-brs-ls03,48x10/25G + 6x40/100G Ethernet Module,Slot 1,N9K-C93180YC-EX,FDO214733J4,V02
uk-brs-ls03,Nexus9000 93180YC-EX chassis Fan Module,Fan 1,NXA-FAN-30CFM-F,N/A,V01
uk-brs-ls03,Nexus9000 93180YC-EX chassis Fan Module,Fan 2,NXA-FAN-30CFM-F,N/A,V01
uk-brs-ls03,Nexus9000 93180YC-EX chassis Fan Module,Fan 3,NXA-FAN-30CFM-F,N/A,V01
uk-brs-ls03,Nexus9000 93180YC-EX chassis Fan Module,Fan 4,NXA-FAN-30CFM-F,N/A,V01
uk-brs-ls04,Nexus9000 93180YC-EX chassis Power Supply,Power Supply 1,NXA-PAC-650W-PE,ART2138F8PW,V02
uk-brs-ls04,Nexus9000 93180YC-EX chassis Power Supply,Power Supply 2,NXA-PAC-650W-PE,ART2138F8PY,V02
uk-brs-ls04,Nexus9000 93180YC-EX chassis,Chassis,N9K-C93180YC-EX,FDO21480SUL,V02
uk-brs-ls04,48x10/25G + 6x40/100G Ethernet Module,Slot 1,N9K-C93180YC-EX,FDO21480SUL,V02
uk-brs-ls04,Nexus9000 93180YC-EX chassis Fan Module,Fan 1,NXA-FAN-30CFM-F,N/A,V01
uk-brs-ls04,Nexus9000 93180YC-EX chassis Fan Module,Fan 2,NXA-FAN-30CFM-F,N/A,V01
uk-brs-ls04,Nexus9000 93180YC-EX chassis Fan Module,Fan 3,NXA-FAN-30CFM-F,N/A,V01
uk-brs-ls04,Nexus9000 93180YC-EX chassis Fan Module,Fan 4,NXA-FAN-30CFM-F,N/A,V01
uk-brs-ppds01,AC power supply,Power supply 1,N55-PAC-750W,ART184410XY,V02
uk-brs-ppds01,AC power supply,Power supply 2,N55-PAC-750W,ART18451048,V02
uk-brs-ppds01,Fabric Extender Module,FEX 103 Module 1,N2K-C2248TP-1GE,FOC18475MW7,V04
uk-brs-ppds01,O2 Non L3 Daughter Card,Module 3,N55-DL2,FOC18479NQX,V02
uk-brs-ppds01,O2 32X10GE/Modular Universal Platform Supervisor,Module 1,N5K-C5548UP,FOC18483GPF,V01
uk-brs-ppds01,N2K-C2248TP-1GE  CHASSIS,FEX 103 CHASSIS,N2K-C2248TP-1GE,FOX1847G00B,V04
uk-brs-ppds01,Fabric Extender AC power supply,FEX 103 Power Supply 1,N2200-PAC-400W,LIT18411B9A,V05
uk-brs-ppds01,Fabric Extender AC power supply,FEX 103 Power Supply 2,N2200-PAC-400W,LIT18420F86,V05
uk-brs-ppds01,Fabric Extender Fan module,FEX 103 Fan 1,N2K-C2248-FAN,N/A,N/A
uk-brs-ppds01,Chassis fan module,Fan 1,N5548P-FAN,N/A,N/A
uk-brs-ppds01,Chassis fan module,Fan 2,N5548P-FAN,N/A,N/A
uk-brs-ppds01,Nexus5548 Chassis,Chassis,N5K-C5548UP,SSI183706JS,V01
uk-brs-ppds02,AC power supply,Power supply 2,N55-PAC-750W,ART183811E5,V02
uk-brs-ppds02,AC power supply,Power supply 1,N55-PAC-750W,ART1845104Q,V02
uk-brs-ppds02,Fabric Extender AC power supply,FEX 104 Power Supply 1,N2200-PAC-400W,DTN1843P2PF,V04
uk-brs-ppds02,Fabric Extender AC power supply,FEX 104 Power Supply 2,N2200-PAC-400W,DTN1843P2PJ,V04
uk-brs-ppds02,Fabric Extender Module,FEX 104 Module 1,N2K-C2248TP-1GE,FOC18475MC4,V04
uk-brs-ppds02,O2 Non L3 Daughter Card,Module 3,N55-DL2,FOC18479NSY,V02
uk-brs-ppds02,O2 32X10GE/Modular Universal Platform Supervisor,Module 1,N5K-C5548UP,FOC18484UAY,V01
uk-brs-ppds02,O2 16 port flexible GEM,Module 2,N55-M16UP,FOC19227V5A,V01
uk-brs-ppds02,N2K-C2248TP-1GE  CHASSIS,FEX 104 CHASSIS,N2K-C2248TP-1GE,FOX1847G3RM,V04
uk-brs-ppds02,Fabric Extender Fan module,FEX 104 Fan 1,N2K-C2248-FAN,N/A,N/A
uk-brs-ppds02,Chassis fan module,Fan 1,N5548P-FAN,N/A,N/A
uk-brs-ppds02,Chassis fan module,Fan 2,N5548P-FAN,N/A,N/A
uk-brs-ppds02,Nexus5548 Chassis,Chassis,N5K-C5548UP,SSI183800S8,V01
uk-brs-sbc,Cisco ISR4431 Chassis,Chassis,ISR4431/K9,FCZ2215406V,V04
uk-brs-sbc,Cisco ISR4431 Route Processor,module R0,ISR4431/K9,FOC2210733D,V04
uk-brs-sbc,PVDM4-64 Voice DSP Module,PVDM subslot 0/4,PVDM4-64,FOC22115532,V02
uk-brs-sbc,Front Panel 4 ports Gigabitethernet Module,NIM subslot 0/0,ISR4431-X-4x1GE,JAB092709EL,V01
uk-brs-sbc,250W AC Power Supply for Cisco ISR4430,Power Supply Module 1,PWR-4430-AC,LIT21502ZVH,V02
uk-brs-sbc,Cisco ISR4430 Fan Assembly,Fan Tray,ACS-4430-FANASSY,none,none
uk-brs-sbc,Cisco ISR4431 Built-In NIM controller,module 0,ISR4431/K9,none,none
uk-brs-sbc,Cisco ISR4431 Forwarding Processor,module F0,ISR4431/K9,none,none
uk-brs-vacc1,1000BaseSX SFP,GigabitEthernet1/0/51,,FNS1033Q10C,none
uk-brs-vacc1,1000BaseSX SFP,GigabitEthernet1/0/49,,FNS1033Q163,none
uk-brs-vacc1,WS-C3750G-48PS,1,WS-C3750G-48PS-S,FOC1035Y2GV,V05
uk-brs-vpn-fw01-pri,ASA 5525-X with SW,Chassis,ASA5525,FGL1922402B,V04
uk-brs-vpn-fw01-pri,Model Number,Storage Device 1,N/A,MXA190801UW,N/A
uk-brs-vpn-fw01-sec,ASA 5525-X with SW,Chassis,ASA5525,FGL19224029,V04
uk-brs-vpn-fw01-sec,Model Number,Storage Device 1,N/A,MXA190801WK,N/A
uk-brs-who-asa,ASA/IPS 180W AC Power Supply,power supply,ASA-180W-PWR-AC,DTN153182WG,V03
uk-brs-who-asa,ASA 5520 Adaptive Security Appliance,Chassis,ASA5520,JMX1541X1MJ,V08
uk-brs-who-asa-pri,ASA/IPS 180W AC Power Supply,power supply,ASA-180W-PWR-AC,DTN153182WG,V03
uk-brs-who-asa-pri,ASA 5520 Adaptive Security Appliance,Chassis,ASA5520,JMX1541X1MJ,V08
uk-brs-who-asa-sec,ASA/IPS 180W AC Power Supply,power supply,ASA-180W-PWR-AC,DTN153182W8,V03
uk-brs-who-asa-sec,ASA 5520 Adaptive Security Appliance,Chassis,ASA5520,JMX1541X1MN,V08
uk-cwk-ar01,GE T,subslot 0/0 transceiver 2,GLC-TE,AVC212925E9,G3.1
uk-cwk-ar01,GE SX,subslot 0/0 transceiver 3,FTLF8519P2BCL-C4,FNS14161QCT,A
uk-cwk-ar01,Cisco ASR1001-X Chassis,Chassis,ASR1001-X,FXS2145Q17Z,V03
uk-cwk-ar01,Cisco ASR1001-X Route Processor,module R0,ASR1001-X,JAE21470C5F,V03
uk-cwk-ar01,Cisco ASR1001-X AC Power Supply,Power Supply Module 0,ASR1001-X-PWR-AC,LIT213127Y9,V01
uk-cwk-ar01,Cisco ASR1001-X AC Power Supply,Power Supply Module 1,ASR1001-X-PWR-AC,LIT21312DAU,V01
uk-cwk-ar01,GE SX,subslot 0/0 transceiver 4,TRF2715BALB402,OPL15233135,A1B
uk-cwk-ar01,Cisco ASR1001-X Fan Tray,Fan Tray,ASR1001-X-FANTRAY,none,none
uk-cwk-ar01,Built-in GE SPA with 2 port 10G and 6 port 1G Interfaces,SPA subslot 0/0,BUILT-IN-2T+6X1GE,none,none
uk-cwk-ar01,Cisco ASR1001-X SPA Interface Processor,module 0,ASR1001-X,none,none
uk-cwk-ar01,Cisco ASR1001-X Embedded Services Processor,module F0,ASR1001-X,none,none
uk-cwk-ar02,GE T,subslot 0/0 transceiver 2,GLC-T,AGM180421G6,A
uk-cwk-ar02,Cisco ASR1001-X Chassis,Chassis,ASR1001-X,FXS2145Q18A,V03
uk-cwk-ar02,Cisco ASR1001-X Route Processor,module R0,ASR1001-X,JAE21470C5Y,V03
uk-cwk-ar02,Cisco ASR1001-X AC Power Supply,Power Supply Module 1,ASR1001-X-PWR-AC,LIT2131293R,V01
uk-cwk-ar02,Cisco ASR1001-X AC Power Supply,Power Supply Module 0,ASR1001-X-PWR-AC,LIT21312CLE,V01
uk-cwk-ar02,GE SX,subslot 0/0 transceiver 3,GLC-SX-MM,OPA12254485,none
uk-cwk-ar02,GE SX,subslot 0/0 transceiver 4,TRF2715BALB402,OPL15230424,A1B
uk-cwk-ar02,Cisco ASR1001-X Fan Tray,Fan Tray,ASR1001-X-FANTRAY,none,none
uk-cwk-ar02,Built-in GE SPA with 2 port 10G and 6 port 1G Interfaces,SPA subslot 0/0,BUILT-IN-2T+6X1GE,none,none
uk-cwk-ar02,Cisco ASR1001-X SPA Interface Processor,module 0,ASR1001-X,none,none
uk-cwk-ar02,Cisco ASR1001-X Embedded Services Processor,module F0,ASR1001-X,none,none
uk-cwk-as03,WS-C3650-48TD,Switch 1,WS-C3650-48TD,FDO2028E1R3,V03
uk-cwk-as03,c36xx Stack,c36xx Stack,WS-C3650-48TD,FDO2028E1R3,V03
uk-cwk-as03,Switch 1 - Power Supply A,Switch 1 - Power Supply A,PWR-C2-250WAC,LIT20310NK7,V03
uk-cwk-as03,Switch 1 - Power Supply B,Switch 1 - Power Supply B,PWR-C2-250WAC,LIT20310PMW,V03
uk-cwk-as03,10/100/1000BaseTX SFP,GigabitEthernet1/1/1,GLC-T,MTC202206LR,V04
uk-cwk-as03,10/100/1000BaseTX SFP,GigabitEthernet1/1/2,GLC-T,MTC202209MS,V04
uk-cwk-as04,WS-C3650-48TD,Switch 1,WS-C3650-48TD,FDO2028Q0W4,V03
uk-cwk-as04,c36xx Stack,c36xx Stack,WS-C3650-48TD,FDO2028Q0W4,V03
uk-cwk-as04,Switch 1 - Power Supply A,Switch 1 - Power Supply A,PWR-C2-250WAC,LIT20310NNW,V03
uk-cwk-as04,Switch 1 - Power Supply B,Switch 1 - Power Supply B,PWR-C2-250WAC,LIT20310PZ7,V03
uk-cwk-as04,10/100/1000BaseTX SFP,GigabitEthernet1/1/1,GLC-T,MTC202209LH,V04
uk-cwk-as04,10/100/1000BaseTX SFP,GigabitEthernet1/1/2,GLC-T,MTC20220ABF,V04
uk-cwk-cs01,1000BaseSX,TenGigabitEthernet2/1/4,GLC-SX-MMD,AGA1721R1S3,V01
uk-cwk-cs01,SFP-10Gbase-SR,TenGigabitEthernet1/1/2,SFP-10G-SR,AGD165142MH,V03
uk-cwk-cs01,SFP-10Gbase-SR,TenGigabitEthernet2/1/2,SFP-10G-SR,AGD16514462,V03
uk-cwk-cs01,1000BaseSX,TenGigabitEthernet2/1/5,Unspecified,AGM1539L443,none
uk-cwk-cs01,Power Supply ( AC 750W ),Switch2 Power Supply 2,C4KX-PWR-750AC-R,ART1831X08G,V01
uk-cwk-cs01,Power Supply ( AC 750W ),Switch2 Power Supply 1,C4KX-PWR-750AC-R,ART1831X090,V01
uk-cwk-cs01,Power Supply ( AC 750W ),Switch1 Power Supply 2,C4KX-PWR-750AC-R,ART1831X0CM,V01
uk-cwk-cs01,Power Supply ( AC 750W ),Switch1 Power Supply 1,C4KX-PWR-750AC-R,ART1831X0FZ,V01
uk-cwk-cs01,SFP-10Gbase-SR,TenGigabitEthernet1/1/11,SFP-10G-SR,AVD2041APTU,V03
uk-cwk-cs01,SFP-10Gbase-SR,TenGigabitEthernet2/1/11,SFP-10G-SR,AVD223399X8,V03
uk-cwk-cs01,SFP-10Gbase-SR,TenGigabitEthernet2/1/10,SFP-10G-SR,AVD223399Y1,V03
uk-cwk-cs01,SFP-10Gbase-SR,TenGigabitEthernet1/1/10,SFP-10G-SR,AVD223399YM,V03
uk-cwk-cs01,SFP-10Gbase-SR,TenGigabitEthernet2/1/3,SFP-10G-SR,AVD223399Z1,V03
uk-cwk-cs01,SFP-10Gbase-SR,TenGigabitEthernet1/1/3,SFP-10G-SR,AVD223399Z2,V03
uk-cwk-cs01,SFP-10Gbase-SR,TenGigabitEthernet1/1/1,SFP-10G-SR,FNS162208WG,V03
uk-cwk-cs01,SFP-10Gbase-SR,TenGigabitEthernet2/1/1,SFP-10G-SR,FNS1709275N,V04
uk-cwk-cs01,1000BaseSX,TenGigabitEthernet1/1/5,GLC-SX-MMD,FNS17450N3H,V01
uk-cwk-cs01,1000BaseSX,TenGigabitEthernet2/1/7,GLC-SX-MMD,FNS1914062V,V01
uk-cwk-cs01,1000BaseSX,TenGigabitEthernet1/1/4,GLC-SX-MMD,FNS20031584,V01
uk-cwk-cs01,1000BaseSX,TenGigabitEthernet1/1/7,GLC-SX-MMD,FNS204400XT,V01
uk-cwk-cs01,10GE SFP+,Switch1 Linecard 2 (virtual slot 2),C4KX-NM-8,JAE18440287,V04
uk-cwk-cs01,10GE SFP+,Switch2 Linecard 2 (virtual slot 12),C4KX-NM-8,JAE1844029T,V04
uk-cwk-cs01,4500X-16 10GE (SFP+),Switch2 Supervisor 1 (virtual slot 11),WS-C4500X-16,JAE184500CV,V03
uk-cwk-cs01,Cisco Systems,Switch2 System,,JAE184500CV,none
uk-cwk-cs01,4500X-16 10GE (SFP+),Switch1 Supervisor 1 (virtual slot 1),WS-C4500X-16,JAE184500VX,V03
uk-cwk-cs01,Cisco Systems,Switch1 System,,JAE184500VX,none
uk-cwk-cs01,1000BaseT,TenGigabitEthernet2/1/8,Unspecified,MTC173107PA,none
uk-cwk-cs01,1000BaseT,TenGigabitEthernet1/1/8,Unspecified,MTC173108AZ,none
uk-cwk-cs01,1000BaseT,TenGigabitEthernet1/2/7,Unspecified,MTC173108FD,none
uk-cwk-cs01,1000BaseT,TenGigabitEthernet1/1/9,Unspecified,MTC173108KP,none
uk-cwk-cs01,1000BaseT,TenGigabitEthernet1/2/2,GLC-T,MTC173418EP,none
uk-cwk-cs01,1000BaseT,TenGigabitEthernet2/2/2,Unspecified,MTC174106SG,none
uk-cwk-cs01,1000BaseT,TenGigabitEthernet2/1/9,SFP-GE-T,MTC184708T9,V02
uk-cwk-oob-spoke01,C887VA-K9 chassis,C887VA-K9,C887VA-K9,FCZ223310UY,V02
uk-cwk-oob-spoke01,C887VA Mother board,C887VA Mother board on Slot 0,C887VA-K9,FOC22283Y6X,V02
uk-cwk-vacc01,4x1G Uplink Module,Switch 1 FRU Uplink Module 1,C3850-NM-4-1G,FOC1733245P,V01
uk-cwk-vacc01,4x1G Uplink Module,Switch 2 FRU Uplink Module 1,C3850-NM-4-1G,FOC173324X9,V01
uk-cwk-vacc01,WS-C3850-48P,Switch 2,WS-C3850-48P,FOC1736U0A3,V02
uk-cwk-vacc01,WS-C3850-48P,Switch 1,WS-C3850-48P,FOC1736X0LN,V02
uk-cwk-vacc01,c38xx Stack,c38xx Stack,WS-C3850-48P,FOC1736X0LN,V02
uk-cwk-vacc01,Switch 2 - Power Supply B,Switch 2 - Power Supply B,PWR-C1-1100WAC,LIT17300XU2,V01
uk-cwk-vacc01,Switch 1 - Power Supply B,Switch 1 - Power Supply B,PWR-C1-1100WAC,LIT17300XV3,V01
uk-cwk-vacc01,10/100/1000BaseTX SFP,GigabitEthernet1/1/1,GLC-T,MTC173418HA,none
uk-cwk-vacc01,10/100/1000BaseTX SFP,GigabitEthernet2/1/1,SFP-GE-T,MTC18470CT9,V02
uk-cwk3-as01,SFP-10GBase-SR,Te5/1/3,SFP-10G-SR,AVD223398HR,V03
uk-cwk3-as01,SFP-10GBase-SR,Te1/1/3,SFP-10G-SR,AVD223399YX,V03
uk-cwk3-as01,StackAdapter5/1,StackAdapter5/1,C3650-STACK,FDO21391M32,V01
uk-cwk3-as01,StackAdapter4/1,StackAdapter4/1,C3650-STACK,FDO21391NUS,V01
uk-cwk3-as01,StackAdapter2/1,StackAdapter2/1,C3650-STACK,FDO21410D4C,V01
uk-cwk3-as01,StackAdapter1/2,StackAdapter1/2,C3650-STACK,FDO21410DBZ,V01
uk-cwk3-as01,StackAdapter3/2,StackAdapter3/2,C3650-STACK,FDO21410G6Z,V01
uk-cwk3-as01,StackAdapter4/2,StackAdapter4/2,C3650-STACK,FDO21411Q6L,V01
uk-cwk3-as01,StackAdapter5/2,StackAdapter5/2,C3650-STACK,FDO214214XC,V01
uk-cwk3-as01,StackAdapter1/1,StackAdapter1/1,C3650-STACK,FDO214308CE,V01
uk-cwk3-as01,StackAdapter2/2,StackAdapter2/2,C3650-STACK,FDO21442DEG,V01
uk-cwk3-as01,StackAdapter3/1,StackAdapter3/1,C3650-STACK,FDO21450U3B,V01
uk-cwk3-as01,WS-C3650-48PD-S,Switch 2,WS-C3650-48PD-S,FDO2152E2DZ,V05
uk-cwk3-as01,WS-C3650-48PD-S,Switch 4,WS-C3650-48PD-S,FDO2152E2E0,V05
uk-cwk3-as01,WS-C3650-48PD-S,Switch 1,WS-C3650-48PD-S,FDO2152E2EH,V05
uk-cwk3-as01,c36xx Stack,c36xx Stack,WS-C3650-48PD-S,FDO2152E2EH,V05
uk-cwk3-as01,WS-C3650-48PD-S,Switch 3,WS-C3650-48PD-S,FDO2152Q21V,V05
uk-cwk3-as01,WS-C3650-48PD-S,Switch 5,WS-C3650-48PD-S,FDO2152Q242,V05
uk-cwk3-as01,StackPort1/2,StackPort1/2,STACK-T2-1M,LCC1841G4CC,V01
uk-cwk3-as01,StackPort5/1,StackPort5/1,STACK-T2-1M,LCC1841G4CC,V01
uk-cwk3-as01,Switch 5 - Power Supply A,Switch 5 - Power Supply A,PWR-C2-640WAC,LIT21455DHA,V03
uk-cwk3-as01,Switch 5 - Power Supply B,Switch 5 - Power Supply B,PWR-C2-640WAC,LIT21455DJF,V03
uk-cwk3-as01,Switch 4 - Power Supply A,Switch 4 - Power Supply A,PWR-C2-640WAC,LIT21455EEU,V03
uk-cwk3-as01,Switch 3 - Power Supply B,Switch 3 - Power Supply B,PWR-C2-640WAC,LIT21455EHR,V03
uk-cwk3-as01,Switch 1 - Power Supply A,Switch 1 - Power Supply A,PWR-C2-640WAC,LIT21455EJ4,V03
uk-cwk3-as01,Switch 2 - Power Supply A,Switch 2 - Power Supply A,PWR-C2-640WAC,LIT21455EJ9,V03
uk-cwk3-as01,Switch 3 - Power Supply A,Switch 3 - Power Supply A,PWR-C2-640WAC,LIT21455ELH,V03
uk-cwk3-as01,Switch 2 - Power Supply B,Switch 2 - Power Supply B,PWR-C2-640WAC,LIT21455ELP,V03
uk-cwk3-as01,Switch 4 - Power Supply B,Switch 4 - Power Supply B,PWR-C2-640WAC,LIT21455ELT,V03
uk-cwk3-as01,Switch 1 - Power Supply B,Switch 1 - Power Supply B,PWR-C2-640WAC,LIT21455EM4,V03
uk-cwk3-as01,StackPort1/1,StackPort1/1,STACK-T2-50CM,LRM18210693,V01
uk-cwk3-as01,StackPort2/2,StackPort2/2,STACK-T2-50CM,LRM18210693,V01
uk-cwk3-as01,StackPort3/1,StackPort3/1,STACK-T2-50CM,LRM214211HN,V03
uk-cwk3-as01,StackPort4/2,StackPort4/2,STACK-T2-50CM,LRM214211HN,V03
uk-cwk3-as01,StackPort2/1,StackPort2/1,STACK-T2-50CM,LRM214211NV,V03
uk-cwk3-as01,StackPort3/2,StackPort3/2,STACK-T2-50CM,LRM214211NV,V03
uk-cwk3-as01,StackPort4/1,StackPort4/1,STACK-T2-50CM,LRM214211PQ,V03
uk-cwk3-as01,StackPort5/2,StackPort5/2,STACK-T2-50CM,LRM214211PQ,V03
uk-cwk3-as02,SFP-10GBase-SR,Te4/1/3,SFP-10G-SR,AVD223399WN,V03
uk-cwk3-as02,SFP-10GBase-SR,Te1/1/3,SFP-10G-SR,AVD22339B6Z,V03
uk-cwk3-as02,StackAdapter3/2,StackAdapter3/2,C3650-STACK,FDO21391M1B,V01
uk-cwk3-as02,StackAdapter1/2,StackAdapter1/2,C3650-STACK,FDO21410D6G,V01
uk-cwk3-as02,StackAdapter4/1,StackAdapter4/1,C3650-STACK,FDO21410DU0,V01
uk-cwk3-as02,StackAdapter2/2,StackAdapter2/2,C3650-STACK,FDO21411PJE,V01
uk-cwk3-as02,StackAdapter2/1,StackAdapter2/1,C3650-STACK,FDO21411PP8,V01
uk-cwk3-as02,StackAdapter3/1,StackAdapter3/1,C3650-STACK,FDO21411Q6N,V01
uk-cwk3-as02,StackAdapter1/1,StackAdapter1/1,C3650-STACK,FDO2143070H,V01
uk-cwk3-as02,StackAdapter4/2,StackAdapter4/2,C3650-STACK,FDO214308KN,V01
uk-cwk3-as02,WS-C3650-48PD-S,Switch 4,WS-C3650-48PD-S,FDO2152E2E1,V05
uk-cwk3-as02,WS-C3650-48PD-S,Switch 3,WS-C3650-48PD-S,FDO2152Q241,V05
uk-cwk3-as02,WS-C3650-48PD-S,Switch 1,WS-C3650-48PD-S,FDO2152Q246,V05
uk-cwk3-as02,c36xx Stack,c36xx Stack,WS-C3650-48PD-S,FDO2152Q246,V05
uk-cwk3-as02,WS-C3650-48PD-S,Switch 2,WS-C3650-48PD-S,FDO2152V2NC,V05
uk-cwk3-as02,StackPort1/2,StackPort1/2,STACK-T2-3M,LCC2215G9A8,V03
uk-cwk3-as02,StackPort4/1,StackPort4/1,STACK-T2-3M,LCC2215G9A8,V03
uk-cwk3-as02,Switch 3 - Power Supply A,Switch 3 - Power Supply A,PWR-C2-640WAC,LIT214557VK,V03
uk-cwk3-as02,Switch 4 - Power Supply B,Switch 4 - Power Supply B,PWR-C2-640WAC,LIT21455A4P,V03
uk-cwk3-as02,Switch 2 - Power Supply A,Switch 2 - Power Supply A,PWR-C2-640WAC,LIT21455AYN,V03
uk-cwk3-as02,Switch 4 - Power Supply A,Switch 4 - Power Supply A,PWR-C2-640WAC,LIT21455CFP,V03
uk-cwk3-as02,Switch 1 - Power Supply B,Switch 1 - Power Supply B,PWR-C2-640WAC,LIT21455CH6,V03
uk-cwk3-as02,Switch 1 - Power Supply A,Switch 1 - Power Supply A,PWR-C2-640WAC,LIT21455CWW,V03
uk-cwk3-as02,Switch 3 - Power Supply B,Switch 3 - Power Supply B,PWR-C2-640WAC,LIT21455EK7,V03
uk-cwk3-as02,Switch 2 - Power Supply B,Switch 2 - Power Supply B,PWR-C2-640WAC,LIT21455EQJ,V03
uk-cwk3-as02,StackPort2/1,StackPort2/1,STACK-T2-50CM,LRM214211BG,V03
uk-cwk3-as02,StackPort3/2,StackPort3/2,STACK-T2-50CM,LRM214211BG,V03
uk-cwk3-as02,StackPort1/1,StackPort1/1,STACK-T2-50CM,LRM214211L1,V03
uk-cwk3-as02,StackPort2/2,StackPort2/2,STACK-T2-50CM,LRM214211L1,V03
uk-cwk3-as02,StackPort3/1,StackPort3/1,STACK-T2-50CM,LRM214211P3,V03
uk-cwk3-as02,StackPort4/2,StackPort4/2,STACK-T2-50CM,LRM214211P3,V03
uk-cwk4-as01,Switch 3 - Power Supply A,Switch 3 - Power Supply A,PWR-C2-640WAC,DCB1842B29J,V01
uk-cwk4-as01,Switch 1 - Power Supply A,Switch 1 - Power Supply A,PWR-C2-640WAC,DCB1842B2JJ,V01
uk-cwk4-as01,Switch 5 - Power Supply A,Switch 5 - Power Supply A,PWR-C2-640WAC,DCB1842B2JM,V01
uk-cwk4-as01,Switch 2 - Power Supply A,Switch 2 - Power Supply A,PWR-C2-640WAC,DCB1842B2KV,V01
uk-cwk4-as01,Switch 4 - Power Supply A,Switch 4 - Power Supply A,PWR-C2-640WAC,DCB1842B2L5,V01
uk-cwk4-as01,WS-C3650-48PS,Switch 2,WS-C3650-48PS,FDO1840E1Y8,V01
uk-cwk4-as01,WS-C3650-48PS,Switch 3,WS-C3650-48PS,FDO1840E1Z0,V01
uk-cwk4-as01,WS-C3650-48PS,Switch 5,WS-C3650-48PS,FDO1840E1ZF,V01
uk-cwk4-as01,WS-C3650-48PS,Switch 4,WS-C3650-48PS,FDO1840E1ZL,V01
uk-cwk4-as01,WS-C3650-48PS,Switch 1,WS-C3650-48PS,FDO1841E2RM,V01
uk-cwk4-as01,c3xxx Stack,c3xxx Stack,WS-C3650-48PS,FDO1841E2RM,V01
uk-cwk4-as01,1000BaseSX SFP,GigabitEthernet1/1/1,GLC-SX-MMD,FNS18430YEZ,V01
uk-cwk4-as01,1000BaseSX SFP,GigabitEthernet4/1/1,GLC-SX-MMD,FNS18431TBH,V01
uk-cwk4-as02,Switch 3 - Power Supply A,Switch 3 - Power Supply A,PWR-C2-640WAC,DCB1842B2JK,V01
uk-cwk4-as02,Switch 2 - Power Supply A,Switch 2 - Power Supply A,PWR-C2-640WAC,DCB1842B2JL,V01
uk-cwk4-as02,Switch 4 - Power Supply A,Switch 4 - Power Supply A,PWR-C2-640WAC,DCB1842B2KW,V01
uk-cwk4-as02,Switch 5 - Power Supply A,Switch 5 - Power Supply A,PWR-C2-640WAC,DCB1842B2L3,V01
uk-cwk4-as02,Switch 1 - Power Supply A,Switch 1 - Power Supply A,PWR-C2-640WAC,DCB1842B2L6,V01
uk-cwk4-as02,Switch 6 - Power Supply A,Switch 6 - Power Supply A,PWR-C2-640WAC,DCB2232B42R,V04
uk-cwk4-as02,WS-C3650-48PS,Switch 2,WS-C3650-48PS,FDO1840E1Z2,V01
uk-cwk4-as02,WS-C3650-48PS,Switch 1,WS-C3650-48PS,FDO1840E1ZC,V01
uk-cwk4-as02,c3xxx Stack,c3xxx Stack,WS-C3650-48PS,FDO1840E1ZC,V01
uk-cwk4-as02,WS-C3650-48PS,Switch 3,WS-C3650-48PS,FDO1840E1ZD,V01
uk-cwk4-as02,WS-C3650-48PS,Switch 4,WS-C3650-48PS,FDO1840E1ZU,V01
uk-cwk4-as02,WS-C3650-48PS,Switch 5,WS-C3650-48PS,FDO1841E2QQ,V01
uk-cwk4-as02,WS-C3650-48PS,Switch 6,WS-C3650-48PS,FDO2225Q0BZ,V05
uk-cwk4-as02,1000BaseSX SFP,GigabitEthernet4/1/1,GLC-SX-MMD,FNS184311LR,V01
uk-cwk4-as02,1000BaseSX SFP,GigabitEthernet1/1/1,GLC-SX-MMD,FNS184328DQ,V01
uk-dum-ar01,CISCO1921/K9 chassis,CISCO1921/K9 chassis,CISCO1921/K9,FCZ191371G7,V05
uk-gsh-ar01,CISCO3945-CHASSIS,CISCO3945-CHASSIS,CISCO3945-CHASSIS,FCZ152370VC,V01
uk-gsh-ar01,Cisco Services Performance Engine 150 for Cisco 3900 ISR,Cisco Services Performance Engine 150 for Cisco 3900 ISR on Slot 0,C3900-SPE150/K9,FOC14495G34,V03
uk-gsh-ar01,C3900 AC Power Supply 1,C3900 AC Power Supply 1,PWR-3900-AC,QCS1520P04E,V02
uk-gsh-ar02,CISCO3945-CHASSIS,CISCO3945-CHASSIS,CISCO3945-CHASSIS,FCZ152370VN,V01
uk-gsh-ar02,Cisco Services Performance Engine 150 for Cisco 3900 ISR,Cisco Services Performance Engine 150 for Cisco 3900 ISR on Slot 0,C3900-SPE150/K9,FOC14495FAJ,V03
uk-gsh-ar02,C3900 AC Power Supply 1,C3900 AC Power Supply 1,PWR-3900-AC,QCS1520P02X,V02
uk-ixh-ar01-PA,CISCO1921/K9 chassis,CISCO1921/K9 chassis,CISCO1921/K9,FCZ174191KS,V05
uk-ixh-ar01-PA,WAN Interface Card - HWIC Serial 1T,WAN Interface Card - HWIC Serial 1T on Slot 0 SubSlot 0,HWIC-1T,FOC17306GK9,V05
uk-lcw-f4-sw02,Cisco Catalyst c2950 switch with 24 10/100 BaseTX ports,LCW_F4_SW2,WS-C2950-24,FOC0847Z2U3,Q0
uk-ld6-cr01,SFP Transceiver 10/100/1000BaseT Te5/5,Transceiver Te5/5,Unspecified,AGM19374C9W,Unspecified
uk-ld6-cr01,AC power supply,PS 1 C6880-X-3KW-AC,C6880-X-3KW-AC,ART211570LC,V02
uk-ld6-cr01,AC power supply,PS 2 C6880-X-3KW-AC,C6880-X-3KW-AC,ART211570LD,V02
uk-ld6-cr01,SFP+ Transceiver 10Gbase-SR Te5/16,Transceiver Te5/16,SFP-10G-SR,AVD1932ACC7,V03
uk-ld6-cr01,SFP+ Transceiver 10Gbase-SR Te5/12,Transceiver Te5/12,SFP-10G-SR,AVD1932ACCX,V03
uk-ld6-cr01,SFP+ Transceiver 10Gbase-LR Te5/15,Transceiver Te5/15,SFP-10G-LR,AVD2125KAZ0,V02
uk-ld6-cr01,SFP+ Transceiver 10Gbase-LR Te5/6,Transceiver Te5/6,SFP-10G-LR,AVD2206K379,V02
uk-ld6-cr01,C6880-X Fan Tray 1,C6880-X-FAN 1,C6880-X-FAN,DCH2114F9YB,V02
uk-ld6-cr01,SFP+ Transceiver 10Gbase-SR Te5/10,Transceiver Te5/10,SFP-10G-SR,FNS211613CK,V03
uk-ld6-cr01,SFP+ Transceiver 10Gbase-SR Te5/9,Transceiver Te5/9,SFP-10G-SR,FNS211613CZ,V03
uk-ld6-cr01,SFP+ Transceiver 10Gbase-SR Te5/1,Transceiver Te5/1,SFP-10G-SR,FNS211613DE,V03
uk-ld6-cr01,SFP+ Transceiver 10Gbase-SR Te5/2,Transceiver Te5/2,SFP-10G-SR,FNS211613E6,V03
uk-ld6-cr01,SFP+ Transceiver 10Gbase-SR Te5/4,Transceiver Te5/4,SFP-10G-SR,FNS211618YY,V03
uk-ld6-cr01,SFP+ Transceiver 10Gbase-LR Te5/14,Transceiver Te5/14,SFP-10G-LR,FNS2131080W,V02
uk-ld6-cr01,SFP Transceiver 1000BaseSX Te5/3,Transceiver Te5/3,GLC-SX-MMD,FNS21340V2G,V01
uk-ld6-cr01,SFP Transceiver 10/100/1000BaseT Te5/8,Transceiver Te5/8,Unspecified,MTC18080WDR,Unspecified
uk-ld6-cr01,SFP Transceiver 10/100/1000BaseT Te5/7,Transceiver Te5/7,GLC-TE,MTC2119046Z,V01
uk-ld6-cr01,SFP Transceiver 10/100/1000BaseT Te5/13,Transceiver Te5/13,GLC-TE,MTC22120RM4,V01
uk-ld6-cr01,C6880-X-PFC Policy Feature Card 4 Rev. 1.2,C6880-X-PFC Policy Feature Card 4 EARL 1 sub-module of 5,C6880-X-PFC,SAL211004RU,none
uk-ld6-cr01,C6880-X-SUP 20 ports 6880-X 16P SFP+ Multi-Rate Rev. 1.3,5,C6880-X-SUP,SAL211100H2,none
uk-ld6-cr01,Cisco Systems,C6880-X,C6880-X,SAL211400C6,V01
uk-ld6-cr02,AC power supply,PS 2 C6880-X-3KW-AC,C6880-X-3KW-AC,ART211570L8,V02
uk-ld6-cr02,AC power supply,PS 1 C6880-X-3KW-AC,C6880-X-3KW-AC,ART211570LE,V02
uk-ld6-cr02,SFP+ Transceiver 10Gbase-SR Te5/16,Transceiver Te5/16,SFP-10G-SR,AVD1842A4KF,V03
uk-ld6-cr02,SFP+ Transceiver 10Gbase-LR Te5/14,Transceiver Te5/14,SFP-10G-LR,AVD2117KBEU,V02
uk-ld6-cr02,C6880-X Fan Tray 1,C6880-X-FAN 1,C6880-X-FAN,DCH2114F9WE,V02
uk-ld6-cr02,SFP Transceiver 1000BaseSX Te5/3,Transceiver Te5/3,Unspecified,FNS0947K35N,Unspecified
uk-ld6-cr02,SFP+ Transceiver 10Gbase-SR Te5/2,Transceiver Te5/2,SFP-10G-SR,FNS211612NR,V03
uk-ld6-cr02,SFP+ Transceiver 10Gbase-SR Te5/4,Transceiver Te5/4,SFP-10G-SR,FNS211612P7,V03
uk-ld6-cr02,SFP+ Transceiver 10Gbase-SR Te5/9,Transceiver Te5/9,SFP-10G-SR,FNS211612QH,V03
uk-ld6-cr02,SFP+ Transceiver 10Gbase-SR Te5/10,Transceiver Te5/10,SFP-10G-SR,FNS21200QBQ,V03
uk-ld6-cr02,C6880-X-SUP 20 ports 6880-X 16P SFP+ Multi-Rate Rev. 1.3,5,C6880-X-SUP,JAE2131043Y,none
uk-ld6-cr02,C6880-X-PFC Policy Feature Card 4 Rev. 1.2,C6880-X-PFC Policy Feature Card 4 EARL 1 sub-module of 5,C6880-X-PFC,JAE2131047D,none
uk-ld6-cr02,SFP+ Transceiver 10Gbase-SR Te5/12,Transceiver Te5/12,SFP-10G-SR,JUR1835GBCH,V03
uk-ld6-cr02,SFP Transceiver 10/100/1000BaseT Te5/7,Transceiver Te5/7,GLC-TE,MTC211902H4,V01
uk-ld6-cr02,SFP Transceiver 10/100/1000BaseT Te5/5,Transceiver Te5/5,GLC-TE,MTC21190B3H,V01
uk-ld6-cr02,SFP Transceiver 10/100/1000BaseT Te5/13,Transceiver Te5/13,GLC-TE,MTC22120QQ0,V01
uk-ld6-cr02,SFP Transceiver 10/100/1000BaseT Te5/15,Transceiver Te5/15,GLC-TE,MTC22120R4F,V01
uk-ld6-cr02,SFP Transceiver 10/100/1000BaseT Te5/6,Transceiver Te5/6,GLC-TE,MTC22120RNM,V01
uk-ld6-cr02,SFP+ Transceiver 10Gbase-LR Te5/8,Transceiver Te5/8,SFP-10G-LR,OPM22220HPB,V02
uk-ld6-cr02,Cisco Systems,C6880-X,C6880-X,SAL21420214,V02
uk-ld6-dm01,Cisco ASR1002 AC Power Supply,Power Supply Module 0,ASR1002-PWR-AC,ART1520U0HH,V02
uk-ld6-dm01,Cisco ASR1002 AC Power Supply,Power Supply Module 1,ASR1002-PWR-AC,ART1520U0HU,V02
uk-ld6-dm01,Cisco ASR1002 Chassis,Chassis,ASR1002,FOX1503GN4K,V05
uk-ld6-dm01,Cisco ASR1000 Embedded Services Processor,module F0,ASR1000-ESP10,JAE1503050I,V05
uk-ld6-dm01,5-port Gigabit Ethernet Shared Port Adapter,SPA subslot 0/1,SPA-5X1GE-V2,JAE151203WS,V02
uk-ld6-dm01,Cisco ASR1002 Route Processor 1,module R0,ASR1002-RP1,JAE151908FM,V04
uk-ld6-dm01,Cisco ASR1002 SPA Interface Processor 10,module 0,ASR1002-SIP10,JAE152001ZD,V04
uk-ld6-dm01,GE T,subslot 0/0 transceiver 0,N/A,MTC152001D6,E
uk-ld6-dm01,GE T,subslot 0/1 transceiver 0,N/A,MTC152001F6,E
uk-ld6-dm01,GE T,subslot 0/0 transceiver 1,N/A,MTC18080ZMU,E
uk-ld6-dm01,4-port Gigabit Ethernet Shared Port Adapter,SPA subslot 0/0,4XGE-BUILT-IN,N/A,V00
uk-ld6-er01,10GBASE-SR SFP+ Module for MMF,module mau 0/0/2/1,SFP-10G-SR,AVD211596U9,V03
uk-ld6-er01,10GBASE-SR SFP+ Module for MMF,module mau 0/0/2/0,SFP-10G-SR,AVD211597E6,V03
uk-ld6-er01,10GBASE-SR SFP+ Module for MMF,module mau 0/0/2/3,SFP-10G-SR,AVD21159HU8,V03
uk-ld6-er01,10GBASE-LR SFP+ Module for SMF,module mau 0/0/2/2,SFP-10G-LR,FNS21310852,V02
uk-ld6-er01,Multirate 10GBASE-SR,module mau 0/0/0/0,XFP-10G-MM-SR,FNS213314EV,V03
uk-ld6-er01,ASR 9001,module 0/RSP0/CPU0,ASR9001-RP,FOC2124NKSW,V01
uk-ld6-er01,ASR 9001,module 0/0/CPU0,ASR9001-LC,FOC2124NL2X,V01
uk-ld6-er01,ASR 9000 4-port 10GE Modular Port Adapter,module 0/0/0,A9K-MPA-4X10GE,FOC2125NHAU,V06
uk-ld6-er01,ASR 9000 Virtual Module,module 0/0/2,A9K-MODULEv,N/A,N/A
uk-ld6-er02,10GBASE-SR SFP+ Module for MMF,module mau 0/0/2/1,SFP-10G-SR,AVD211596T5,V03
uk-ld6-er02,10GBASE-SR SFP+ Module for MMF,module mau 0/0/2/0,SFP-10G-SR,AVD211596TY,V03
uk-ld6-er02,10GBASE-SR SFP+ Module for MMF,module mau 0/0/2/3,SFP-10G-SR,AVD211596UK,V03
uk-ld6-er02,10GBASE-LR SFP+ Module for SMF,module mau 0/0/2/2,SFP-10G-LR,AVD2125KAK8,V02
uk-ld6-er02,Multirate 10GBASE-SR,module mau 0/0/0/0,XFP-10G-MM-SR,FNS213314EJ,V03
uk-ld6-er02,ASR 9001,module 0/RSP0/CPU0,ASR9001-RP,FOC2124NKTM,V01
uk-ld6-er02,ASR 9001,module 0/0/CPU0,ASR9001-LC,FOC2124NL02,V01
uk-ld6-er02,ASR 9000 4-port 10GE Modular Port Adapter,module 0/0/0,A9K-MPA-4X10GE,FOC2125NHFX,V06
uk-ld6-er02,ASR 9000 Virtual Module,module 0/0/2,A9K-MODULEv,N/A,N/A
uk-ld6-es01,1000BaseT,TenGigabitEthernet1/7,GLC-T,AGM18182708,V03
uk-ld6-es01,1000BaseT,TenGigabitEthernet1/8,GLC-TE,AVC212925E8,V01
uk-ld6-es01,1000BaseT,TenGigabitEthernet1/12,GLC-TE,AVC212925EE,V01
uk-ld6-es01,SFP-10Gbase-SR,TenGigabitEthernet1/10,SFP-10G-SR,AVD21169K0E,V03
uk-ld6-es01,SFP-10Gbase-SR,TenGigabitEthernet1/2,SFP-10G-SR,AVD21169K0W,V03
uk-ld6-es01,SFP-10Gbase-SR,TenGigabitEthernet1/3,SFP-10G-SR,AVD21169K14,V03
uk-ld6-es01,SFP-10Gbase-SR,TenGigabitEthernet1/1,SFP-10G-SR,AVD21169K1D,V03
uk-ld6-es01,SFP-10Gbase-SR,TenGigabitEthernet1/16,SFP-10G-SR,FNS21201LTG,V03
uk-ld6-es01,SFP-10Gbase-SR,TenGigabitEthernet1/13,SFP-10G-SR,FNS2122198U,V03
uk-ld6-es01,4500X-16 10GE (SFP+),Supervisor(slot 1),WS-C4500X-16,JAE21250772,V05
uk-ld6-es01,Cisco Systems,Switch System,,JAE21250772,none
uk-ld6-es01,1000BaseT,TenGigabitEthernet1/5,GLC-TE,MTC22120QRB,V01
uk-ld6-es01,1000BaseT,TenGigabitEthernet1/15,GLC-TE,MTC22120RNQ,V01
uk-ld6-es01,Power Supply ( AC 750W ),Power Supply 1,C4KX-PWR-750AC-R,QCS21093DUZ,V01
uk-ld6-es01,Power Supply ( AC 750W ),Power Supply 2,C4KX-PWR-750AC-R,QCS21113D42,V01
uk-ld6-es02,1000BaseT,TenGigabitEthernet1/5,GLC-TE,AVC212925FV,V01
uk-ld6-es02,SFP-10Gbase-SR,TenGigabitEthernet1/2,SFP-10G-SR,AVD21169K0R,V03
uk-ld6-es02,SFP-10Gbase-SR,TenGigabitEthernet1/3,SFP-10G-SR,AVD21169K11,V03
uk-ld6-es02,SFP-10Gbase-SR,TenGigabitEthernet1/1,SFP-10G-SR,AVD21169K1U,V03
uk-ld6-es02,SFP-10Gbase-SR,TenGigabitEthernet1/10,SFP-10G-SR,FNS21200N8U,V03
uk-ld6-es02,SFP-10Gbase-SR,TenGigabitEthernet1/16,SFP-10G-SR,FNS21200QJB,V03
uk-ld6-es02,SFP-10Gbase-SR,TenGigabitEthernet1/13,SFP-10G-SR,FNS212014M4,V03
uk-ld6-es02,4500X-16 10GE (SFP+),Supervisor(slot 1),WS-C4500X-16,JAE21240A82,V05
uk-ld6-es02,Cisco Systems,Switch System,,JAE21240A82,none
uk-ld6-es02,1000BaseT,TenGigabitEthernet1/7,GLC-T,MTC183702AF,V03
uk-ld6-es02,1000BaseT,TenGigabitEthernet1/15,GLC-TE,MTC211904F2,V01
uk-ld6-es02,1000BaseT,TenGigabitEthernet1/12,GLC-TE,MTC22120QNF,V01
uk-ld6-es02,1000BaseT,TenGigabitEthernet1/8,GLC-TE,MTC22120RPS,V01
uk-ld6-es02,Power Supply ( AC 750W ),Power Supply 2,C4KX-PWR-750AC-R,QCS21113CHY,V01
uk-ld6-es02,Power Supply ( AC 750W ),Power Supply 1,C4KX-PWR-750AC-R,QCS21113DJP,V01
uk-ld6-fw03-pri,ASA 5545-X/5555-X AC Power Supply,power supply 1,ASA-PWR-AC,48M1T9,N/A
uk-ld6-fw03-pri,ASA 5545-X/5555-X AC Power Supply,power supply 0,ASA-PWR-AC,48V121,N/A
uk-ld6-fw03-pri,ASA 5555-X with SW,Chassis,ASA5555,FGL183940YE,V02
uk-ld6-fw03-sec,ASA 5545-X/5555-X AC Power Supply,power supply 1,ASA-PWR-AC,48M1W7,N/A
uk-ld6-fw03-sec,ASA 5545-X/5555-X AC Power Supply,power supply 0,ASA-PWR-AC,48M1W9,N/A
uk-ld6-fw03-sec,ASA 5555-X with SW,Chassis,ASA5555,FGL183940YF,V02
uk-ld6-fw04-pri,10G Based-SR,TenGigabitEthernet0/8,SFP-10G-SR,AVD1714A0CC,V03
uk-ld6-fw04-pri,10G Based-SR,TenGigabitEthernet0/9,SFP-10G-SR,AVD1714A0CW,V03
uk-ld6-fw04-pri,ASA 5585-X Security Services Processor-20 with 8GE,module 0,ASA5585-SSP-20,JAD171903Q7,V05
uk-ld6-fw04-pri,ASA 5585-X,Chassis,ASA5585,JMX1721800F,V04
uk-ld6-fw04-pri,ASA 5585-X AC Power Supply,power supply 0,ASA5585-PWR-AC,POG17090031,V05
uk-ld6-fw04-pri,ASA 5585-X AC Power Supply,power supply 1,ASA5585-PWR-AC,POG1709005P,V05
uk-ld6-fw04-sec,10G Based-SR,TenGigabitEthernet0/9,SFP-10G-SR,AVD1714A0CB,V03
uk-ld6-fw04-sec,10G Based-SR,TenGigabitEthernet0/8,SFP-10G-SR,AVD1714A0D7,V03
uk-ld6-fw04-sec,ASA 5585-X Security Services Processor-20 with 8GE,module 0,ASA5585-SSP-20,JAD171903SP,V05
uk-ld6-fw04-sec,ASA 5585-X,Chassis,ASA5585,JMX1721800H,V04
uk-ld6-fw04-sec,ASA 5585-X AC Power Supply,power supply 1,ASA5585-PWR-AC,POG17090030,V05
uk-ld6-fw04-sec,ASA 5585-X AC Power Supply,power supply 0,ASA5585-PWR-AC,POG1709006A,V05
uk-ld6-lab-fw05-unit-1-1,10G Based-SR,TenGigabitEthernet0/8,SFP-10G-SR,FNS15290A4C,V02
uk-ld6-lab-fw05-unit-1-1,10G Based-SR,TenGigabitEthernet0/9,SFP-10G-SR,FNS15290AED,V02
uk-ld6-lab-fw05-unit-1-1,ASA 5585-X Security Services Processor-20 with 8GE,module 0,ASA5585-SSP-20,JAD170703AN,V05
uk-ld6-lab-fw05-unit-1-1,ASA 5585-X,Chassis,ASA5585,JMX170880JS,V03
uk-ld6-lab-fw05-unit-1-1,ASA 5585-X AC Power Supply,power supply 1,ASA5585-PWR-AC,POG1647000B,V05
uk-ld6-lab-fw05-unit-1-1,ASA 5585-X AC Power Supply,power supply 0,ASA5585-PWR-AC,POG1649008B,V05
uk-ld6-lab-fw05-unit-2-1,10G Based-SR,TenGigabitEthernet0/9,SFP-10G-SR,FNS15290A5Z,V02
uk-ld6-lab-fw05-unit-2-1,10G Based-SR,TenGigabitEthernet0/8,SFP-10G-SR,FNS15290A9Q,V02
uk-ld6-lab-fw05-unit-2-1,ASA 5585-X Security Services Processor-20 with 8GE,module 0,ASA5585-SSP-20,JAD170600RH,V05
uk-ld6-lab-fw05-unit-2-1,ASA 5585-X,Chassis,ASA5585,JMX170880H0,V03
uk-ld6-lab-fw05-unit-2-1,ASA 5585-X AC Power Supply,power supply 0,ASA5585-PWR-AC,POG164900BT,V05
uk-ld6-lab-fw05-unit-2-1,ASA 5585-X AC Power Supply,power supply 1,ASA5585-PWR-AC,POG171100G3,V05
uk-ld6-or01,250W AC Power Supply for Cisco ISR 4330,Power Supply Module 0,PWR-4330-AC,DCA211514D4,V02
uk-ld6-or01,Cisco ISR4331 Route Processor,module R0,ISR4331/K9,FDO213008D6,V04
uk-ld6-or01,Cisco ISR4331 Chassis,Chassis,ISR4331/K9,FDO2131A08A,V04
uk-ld6-or01,NIM-VAB-A - Multi-mode xDSL with VDSL bonding and ADSL1/2/2+ Annex A over POTS,NIM subslot 0/1,NIM-VAB-A,FOC211858NM,V01
uk-ld6-or01,UCS-E140S-M2/K9 - UCSE SW Module,SM subslot 1/0,UCS-E140S-M2/K9,FOC21196UAV,V01
uk-ld6-or01,Front Panel 3 ports Gigabitethernet Module,NIM subslot 0/0,ISR4331-3x1GE,JAB092709EL,V01
uk-ld6-or01,Cisco ISR4330 Fan Assembly,Fan Tray,ACS-4330-FANASSY,none,none
uk-ld6-or01,Cisco ISR4331 Built-In NIM controller,module 0,ISR4331/K9,none,none
uk-ld6-or01,Cisco ISR4331 Built-In SM controller,module 1,ISR4331/K9,none,none
uk-ld6-or01,Cisco ISR4331 Forwarding Processor,module F0,ISR4331/K9,none,none
uk-ld6-os01,Nexus9000 C93108TC-FX Chassis,Chassis,N9K-C93108TC-FX,FDO21152K9D,V01
uk-ld6-os01,48x1/10GT + 6x40G/100G Ethernet Module,Slot 1,N9K-C93108TC-FX,FDO21152K9D,V01
uk-ld6-os01,Nexus9000 C93108TC-FX Chassis Power Supply,Power Supply 1,NXA-PAC-500W-PE,LIT21052A7S,V01
uk-ld6-os01,Nexus9000 C93108TC-FX Chassis Power Supply,Power Supply 2,NXA-PAC-500W-PE,LIT21052ANL,V01
uk-ld6-os01,Nexus9000 C93108TC-FX Chassis Fan Module,Fan 1,NXA-FAN-30CFM-F,N/A,V01
uk-ld6-os01,Nexus9000 C93108TC-FX Chassis Fan Module,Fan 2,NXA-FAN-30CFM-F,N/A,V01
uk-ld6-os01,Nexus9000 C93108TC-FX Chassis Fan Module,Fan 3,NXA-FAN-30CFM-F,N/A,V01
uk-ld6-os01,Nexus9000 C93108TC-FX Chassis Fan Module,Fan 4,NXA-FAN-30CFM-F,N/A,V01
uk-ld6-os02,Nexus9000 C93108TC-FX Chassis,Chassis,N9K-C93108TC-FX,FDO21152K80,V01
uk-ld6-os02,48x1/10GT + 6x40G/100G Ethernet Module,Slot 1,N9K-C93108TC-FX,FDO21152K80,V01
uk-ld6-os02,Nexus9000 C93108TC-FX Chassis Power Supply,Power Supply 2,NXA-PAC-500W-PE,LIT21052CCH,V01
uk-ld6-os02,Nexus9000 C93108TC-FX Chassis Power Supply,Power Supply 1,NXA-PAC-500W-PE,LIT21052CD5,V01
uk-ld6-os02,Nexus9000 C93108TC-FX Chassis Fan Module,Fan 1,NXA-FAN-30CFM-F,N/A,V01
uk-ld6-os02,Nexus9000 C93108TC-FX Chassis Fan Module,Fan 2,NXA-FAN-30CFM-F,N/A,V01
uk-ld6-os02,Nexus9000 C93108TC-FX Chassis Fan Module,Fan 3,NXA-FAN-30CFM-F,N/A,V01
uk-ld6-os02,Nexus9000 C93108TC-FX Chassis Fan Module,Fan 4,NXA-FAN-30CFM-F,N/A,V01
uk-ld6-rr01,GE SX,subslot 0/1 transceiver 0,N/A,FNS1026H4KW,0000
uk-ld6-rr01,GE SX,subslot 0/0 transceiver 0,GLC-SX-MMD,FNS21340V3J,A
uk-ld6-rr01,Cisco ASR1001 Route Processor,module R0,ASR1001,JAE182006D9,V03
uk-ld6-rr01,Cisco ASR1001 AC Power Supply,Power Supply Module 1,ASR1001-PWR-AC,MP51732032L,V02
uk-ld6-rr01,Cisco ASR1001 AC Power Supply,Power Supply Module 0,ASR1001-PWR-AC,MP517320381,V02
uk-ld6-rr01,2-port Gigabit Ethernet Shared Port Adapter,SPA subslot 0/1,SPA-2X1GE-V2,SAL1646SLXY,V01
uk-ld6-rr01,Cisco ASR1001 Chassis w/o IDC,Chassis,ASR1001,SSI181008CR,V03
uk-ld6-rr01,4-port Gigabit Ethernet Shared Port Adapter,SPA subslot 0/0,ASR1001,none,none
uk-ld6-rr01,Cisco ASR1001 SPA Interface Processor,module 0,ASR1001,none,none
uk-ld6-rr01,Cisco ASR1001 Embedded Services Processor,module F0,ASR1001,none,none
uk-man-cr01,GE T,subslot 0/2 transceiver 3,N/A,AGM16432046,B2
uk-man-cr01,GE T,subslot 0/0 transceiver 0,N/A,AGM1840258T,B2
uk-man-cr01,GE T,subslot 0/2 transceiver 2,N/A,AGM1840259L,B2
uk-man-cr01,Cisco ASR1002 AC Power Supply,Power Supply Module 0,ASR1002-PWR-AC,ART1633U03Z,V03
uk-man-cr01,Cisco ASR1002 AC Power Supply,Power Supply Module 1,ASR1002-PWR-AC,ART1633U04M,V03
uk-man-cr01,GE SX,subslot 0/2 transceiver 0,SFP-GE-S,FNS16311LBP,B
uk-man-cr01,Cisco ASR1002 Chassis,Chassis,ASR1002,FOX1629GYLS,V05
uk-man-cr01,5-port Gigabit Ethernet Shared Port Adapter,SPA subslot 0/2,SPA-5X1GE-V2,JAE15270GVQ,V02
uk-man-cr01,Cisco ASR1002 Route Processor 1,module R0,ASR1002-RP1,JAE163701NA,V05
uk-man-cr01,Cisco ASR1000 Embedded Services Processor,module F0,ASR1000-ESP10,JAE163706JQ,V05
uk-man-cr01,GE T,subslot 0/0 transceiver 1,N/A,MTC161801SA,E
uk-man-cr01,4-port Gigabit Ethernet Shared Port Adapter,SPA subslot 0/0,4XGE-BUILT-IN,none,none
uk-man-cr01,Cisco ASR1002 SPA Interface Processor 10,module 0,ASR1002-SIP10,none,none
uk-man-rr01,Cisco ASR1001 Route Processor,module R0,ASR1001,JAE1820069C,V03
uk-man-rr01,Cisco ASR1001 AC Power Supply,Power Supply Module 1,ASR1001-PWR-AC,MP5173202LL,V02
uk-man-rr01,Cisco ASR1001 AC Power Supply,Power Supply Module 0,ASR1001-PWR-AC,MP51732030H,V02
uk-man-rr01,GE T,subslot 0/0 transceiver 0,N/A,MTC16250GGG,E
uk-man-rr01,GE T,subslot 0/0 transceiver 2,N/A,MTC18080X5N,E
uk-man-rr01,2-port Gigabit Ethernet Shared Port Adapter,SPA subslot 0/1,SPA-2X1GE-V2,SAL1733BH6Y,V03
uk-man-rr01,Cisco ASR1001 Chassis w/o IDC,Chassis,ASR1001,SSI1810027G,V03
uk-man-rr01,4-port Gigabit Ethernet Shared Port Adapter,SPA subslot 0/0,ASR1001,none,none
uk-man-rr01,Cisco ASR1001 SPA Interface Processor,module 0,ASR1001,none,none
uk-man-rr01,Cisco ASR1001 Embedded Services Processor,module F0,ASR1001,none,none
uk-mdc-ar01,4-port Gigabit Ethernet Shared Port Adapter,SPA subslot 0/0,ASR1001,JAE1628042P,V00
uk-mdc-ar01,Cisco ASR1001 SPA Interface Processor,module 0,ASR1001,JAE1628042P,V02
uk-mdc-ar01,Cisco ASR1001 Embedded Services Processor,module F0,ASR1001,JAE1628042P,V02
uk-mdc-ar01,Cisco ASR1001 Route Processor,module R0,ASR1001,JAE1628042P,V02
uk-mdc-ar01,Cisco ASR1001 AC Power Supply,Power Supply Module 1,ASR1001-PWR-AC,MP51633002M,V02
uk-mdc-ar01,Cisco ASR1001 AC Power Supply,Power Supply Module 0,ASR1001-PWR-AC,MP51633008Z,V02
uk-mdc-ar01,GE T,subslot 0/0 transceiver 0,N/A,MTC16160RMK,E
uk-mdc-ar01,GE T,subslot 0/0 transceiver 1,N/A,MTC16160RQ2,E
uk-mdc-ar01,GE T,subslot 0/0 transceiver 2,N/A,MTC162005X7,E
uk-mdc-ar01,Cisco ASR1001 Chassis w/o IDC,Chassis,ASR1001,SSI162600GC,V02
uk-mdc-ar02,4-port Gigabit Ethernet Integrated Daughter Card,SPA subslot 0/2,ASR1001-IDC-4XGE,JAE163504FR,V01
uk-mdc-ar02,4-port Gigabit Ethernet Shared Port Adapter,SPA subslot 0/0,ASR1001,JAE16350973,V00
uk-mdc-ar02,Cisco ASR1001 SPA Interface Processor,module 0,ASR1001-4X1GE,JAE16350973,V03
uk-mdc-ar02,Cisco ASR1001 Embedded Services Processor,module F0,ASR1001-4X1GE,JAE16350973,V03
uk-mdc-ar02,Cisco ASR1001 Route Processor,module R0,ASR1001-4X1GE,JAE16350973,V03
uk-mdc-ar02,Cisco ASR1001 AC Power Supply,Power Supply Module 0,ASR1001-PWR-AC,MP5163402AB,V02
uk-mdc-ar02,Cisco ASR1001 AC Power Supply,Power Supply Module 1,ASR1001-PWR-AC,MP5163402CE,V02
uk-mdc-ar02,GE T,subslot 0/0 transceiver 0,N/A,MTC152506CC,E
uk-mdc-ar02,GE T,subslot 0/0 transceiver 1,N/A,MTC152506UY,E
uk-mdc-ar02,GE T,subslot 0/0 transceiver 2,N/A,MTC162005TU,E
uk-mdc-ar02,Cisco ASR1001 Chassis w/o IDC,Chassis,ASR1001-4X1GE,SSI1633058X,V03
uk-mdc-vacc01,WS-C3750V2-24TS,1,WS-C3750V2-24TS-E,FDO1631Y16X,V08
uk-mdc-vacc01,WS-C3750V2-24TS,2,WS-C3750V2-24TS-E,FDO1631Y17C,V08
uk-mdc-vacc01,10/100/1000BaseTX SFP,GigabitEthernet2/0/1,Unspecified,MTC16030D1M,none
uk-mdc-vacc01,10/100/1000BaseTX SFP,GigabitEthernet1/0/1,Unspecified,MTC16030D6X,none
uk-mtk-acc01,WS-C3750V2-24TS,1,WS-C3750V2-24TS-E,FDO1630X0G5,V08
uk-mtk-ar01,CISCO3945-CHASSIS,CISCO3945-CHASSIS,CISCO3945-CHASSIS,FCZ162970R1,V02
uk-mtk-ar01,Cisco Services Performance Engine 150 for Cisco 3900 ISR,Cisco Services Performance Engine 150 for Cisco 3900 ISR on Slot 0,C3900-SPE150/K9,FOC162704EA,V05
uk-mtk-ar01,C3900 AC Power Supply 1,C3900 AC Power Supply 1,PWR-3900-AC,QCS1614P042,V03
uk-sc1-ar01-AS400,CISCO1921/K9 chassis,CISCO1921/K9,CISCO1921/K9,FCZ1743C3PC,V05
uk-sc1-ar01-AS400,Wan Interface Card BRI S/T (3086),Wan Interface Card BRI S/T (3086) on Slot 0 SubSlot 0,WIC-1B-S/T-V3,FOC17294F7P,V01
uk-sc1-cr01,SFP Transceiver 1000BaseSX Te5/3,Transceiver Te5/3,GLC-SX-MMD,AGA1709R231,V01
uk-sc1-cr01,SFP Transceiver 1000BaseSX Te5/15,Transceiver Te5/15,Unspecified,AGM1532L62L,Unspecified
uk-sc1-cr01,SFP Transceiver 10/100/1000BaseT Te5/8,Transceiver Te5/8,Unspecified,AGM16432395,Unspecified
uk-sc1-cr01,SFP Transceiver 10/100/1000BaseT Te5/11,Transceiver Te5/11,Unspecified,AGM184025AB,Unspecified
uk-sc1-cr01,SFP Transceiver 10/100/1000BaseT Te5/5,Transceiver Te5/5,Unspecified,AGS1025L2ED,Unspecified
uk-sc1-cr01,SFP+ Transceiver 10Gbase-SR Te5/6,Transceiver Te5/6,SFP-10G-SR,AVD1932ABEW,V03
uk-sc1-cr01,SFP+ Transceiver 10Gbase-SR Te5/10,Transceiver Te5/10,SFP-10G-SR,AVD1932ACAM,V03
uk-sc1-cr01,SFP+ Transceiver 10Gbase-SR Te5/2,Transceiver Te5/2,SFP-10G-SR,AVD1932ACAN,V03
uk-sc1-cr01,SFP+ Transceiver 10Gbase-SR Te5/1,Transceiver Te5/1,SFP-10G-SR,AVD1932ACC4,V03
uk-sc1-cr01,SFP+ Transceiver 10Gbase-SR Te5/4,Transceiver Te5/4,SFP-10G-SR,AVD1932ACD9,V03
uk-sc1-cr01,SFP+ Transceiver 10Gbase-SR Te5/7,Transceiver Te5/7,SFP-10G-SR,AVD1932ACEF,V03
uk-sc1-cr01,AC power supply,PS 1 C6880-X-3KW-AC,C6880-X-3KW-AC,DTM193200QB,V01
uk-sc1-cr01,AC power supply,PS 2 C6880-X-3KW-AC,C6880-X-3KW-AC,DTM1932012S,V01
uk-sc1-cr01,SFP Transceiver 1000BaseSX Te5/16,Transceiver Te5/16,GLC-SX-MMD,FNS18160NVQ,V01
uk-sc1-cr01,C6880-X Fan Tray 1,C6880-X-FAN 1,C6880-X-FAN,FOX1928XE6Y,V01
uk-sc1-cr01,C6880-X-PFC Policy Feature Card 4 Rev. 1.2,C6880-X-PFC Policy Feature Card 4 EARL 1 sub-module of 5,C6880-X-PFC,SAL1932LVA0,none
uk-sc1-cr01,C6880-X-SUP 20 ports 6880-X 16P SFP+ Multi-Rate Rev. 1.2,5,C6880-X-SUP,SAL1932LYSP,none
uk-sc1-cr01,Cisco Systems,C6880-X,C6880-X,SAL1935N6ZJ,V01
uk-sc1-cr02,SFP Transceiver 1000BaseSX Te5/3,Transceiver Te5/3,GLC-SX-MMD,AGA1709R212,V01
uk-sc1-cr02,SFP Transceiver 1000BaseSX Te5/12,Transceiver Te5/12,GLC-SX-MMD,AGA1709R230,V01
uk-sc1-cr02,SFP Transceiver 10/100/1000BaseT Te5/9,Transceiver Te5/9,Unspecified,AGM1643236B,Unspecified
uk-sc1-cr02,SFP+ Transceiver 10Gbase-SR Te5/7,Transceiver Te5/7,SFP-10G-SR,AVD1932ACAU,V03
uk-sc1-cr02,SFP+ Transceiver 10Gbase-SR Te5/10,Transceiver Te5/10,SFP-10G-SR,AVD1932ACB8,V03
uk-sc1-cr02,SFP+ Transceiver 10Gbase-SR Te5/1,Transceiver Te5/1,SFP-10G-SR,AVD1932ACBG,V03
uk-sc1-cr02,SFP+ Transceiver 10Gbase-SR Te5/6,Transceiver Te5/6,SFP-10G-SR,AVD1932ACBW,V03
uk-sc1-cr02,SFP+ Transceiver 10Gbase-SR Te5/2,Transceiver Te5/2,SFP-10G-SR,AVD1932ACC1,V03
uk-sc1-cr02,SFP+ Transceiver 10Gbase-SR Te5/4,Transceiver Te5/4,SFP-10G-SR,AVD1932ACDP,V03
uk-sc1-cr02,AC power supply,PS 1 C6880-X-3KW-AC,C6880-X-3KW-AC,DTM1932013B,V01
uk-sc1-cr02,AC power supply,PS 2 C6880-X-3KW-AC,C6880-X-3KW-AC,DTM1932013E,V01
uk-sc1-cr02,SFP Transceiver 1000BaseSX Te5/16,Transceiver Te5/16,GLC-SX-MMD,FNS18160NX5,V01
uk-sc1-cr02,SFP+ Transceiver 10Gbase-LR Te5/8,Transceiver Te5/8,SFP-10G-LR,FNS19360UUA,V02
uk-sc1-cr02,C6880-X Fan Tray 1,C6880-X-FAN 1,C6880-X-FAN,FOX1928XE6S,V01
uk-sc1-cr02,SFP Transceiver 10/100/1000BaseT Te5/11,Transceiver Te5/11,Unspecified,MTC18080X5H,Unspecified
uk-sc1-cr02,SFP Transceiver 10/100/1000BaseT Te5/5,Transceiver Te5/5,Unspecified,MTC18080X8E,Unspecified
uk-sc1-cr02,C6880-X-SUP 20 ports 6880-X 16P SFP+ Multi-Rate Rev. 1.2,5,C6880-X-SUP,SAL1932LYR7,none
uk-sc1-cr02,C6880-X-PFC Policy Feature Card 4 Rev. 1.2,C6880-X-PFC Policy Feature Card 4 EARL 1 sub-module of 5,C6880-X-PFC,SAL1933MDXP,none
uk-sc1-cr02,Cisco Systems,C6880-X,C6880-X,SAL1935N6YT,V01
uk-sc1-cs01,Chassis 1 X2 Transceiver 10Gbase-SR Te1/4/8,Chassis 1 Transceiver Te1/4/8,X2-10GB-SR,AGA1536X3NB,V05
uk-sc1-cs01,Chassis 2 AC power supply,Chassis 2 PS 2 WS-CAC-6000W,WS-CAC-6000W,AZS15160A5Q,V05
uk-sc1-cs01,Chassis 2 AC power supply,Chassis 2 PS 1 WS-CAC-6000W,WS-CAC-6000W,DCH1125Y08Y,V04
uk-sc1-cs01,Chassis 1 AC power supply,Chassis 1 PS 2 WS-CAC-6000W,WS-CAC-6000W,DCH1501Y05H,V05
uk-sc1-cs01,Chassis 1 AC power supply,Chassis 1 PS 1 WS-CAC-6000W,WS-CAC-6000W,DCH1503Y07M,V05
uk-sc1-cs01,Chassis 1 X2 Transceiver 10Gbase-SR Te1/3/8,Chassis 1 Transceiver Te1/3/8,X2-10GB-SR,FNS19100T1G,V06
uk-sc1-cs01,Chassis 1 X2 Transceiver 10Gbase-SR Te1/3/7,Chassis 1 Transceiver Te1/3/7,X2-10GB-SR,FNS19100T1L,V06
uk-sc1-cs01,Chassis 1 X2 Transceiver 10Gbase-SR Te1/3/6,Chassis 1 Transceiver Te1/3/6,X2-10GB-SR,FNS19100T1N,V06
uk-sc1-cs01,Chassis 1 X2 Transceiver 10Gbase-SR Te1/3/5,Chassis 1 Transceiver Te1/3/5,X2-10GB-SR,FNS19100T1Q,V06
uk-sc1-cs01,Chassis 2 X2 Transceiver 10Gbase-SR Te2/3/2,Chassis 2 Transceiver Te2/3/2,X2-10GB-SR,FNS19100TGA,V06
uk-sc1-cs01,Chassis 2 X2 Transceiver 10Gbase-SR Te2/3/4,Chassis 2 Transceiver Te2/3/4,X2-10GB-SR,FNS19100TGG,V06
uk-sc1-cs01,Chassis 2 X2 Transceiver 10Gbase-SR Te2/3/3,Chassis 2 Transceiver Te2/3/3,X2-10GB-SR,FNS19100TGP,V06
uk-sc1-cs01,Chassis 2 X2 Transceiver 10Gbase-SR Te2/3/1,Chassis 2 Transceiver Te2/3/1,X2-10GB-SR,FNS19100TGQ,V06
uk-sc1-cs01,Chassis 2 X2 Transceiver 10Gbase-SR Te2/3/7,Chassis 2 Transceiver Te2/3/7,X2-10GB-SR,FNS191015E8,V06
uk-sc1-cs01,Chassis 2 X2 Transceiver 10Gbase-SR Te2/3/6,Chassis 2 Transceiver Te2/3/6,X2-10GB-SR,FNS191015EK,V06
uk-sc1-cs01,Chassis 2 X2 Transceiver 10Gbase-SR Te2/3/5,Chassis 2 Transceiver Te2/3/5,X2-10GB-SR,FNS191015EZ,V06
uk-sc1-cs01,Chassis 2 X2 Transceiver 10Gbase-SR Te2/3/8,Chassis 2 Transceiver Te2/3/8,X2-10GB-SR,FNS19101644,V06
uk-sc1-cs01,Chassis 1 X2 Transceiver 10Gbase-SR Te1/3/4,Chassis 1 Transceiver Te1/3/4,X2-10GB-SR,FNS191124XW,V06
uk-sc1-cs01,Chassis 1 X2 Transceiver 10Gbase-SR Te1/3/3,Chassis 1 Transceiver Te1/3/3,X2-10GB-SR,FNS19112GAG,V06
uk-sc1-cs01,Chassis 1 X2 Transceiver 10Gbase-SR Te1/3/2,Chassis 1 Transceiver Te1/3/2,X2-10GB-SR,FNS19112GAN,V06
uk-sc1-cs01,Chassis 1 X2 Transceiver 10Gbase-SR Te1/3/1,Chassis 1 Transceiver Te1/3/1,X2-10GB-SR,FNS19112GAU,V06
uk-sc1-cs01,Chassis 1 Fan Tray for WS-C6509-V-E 1,Chassis 1 WS-C6509-V-E-FAN 1,WS-C6509-V-E-FAN,FOX1507XA6L,V02
uk-sc1-cs01,Chassis 2 Fan Tray for WS-C6509-V-E 2,Chassis 2 WS-C6509-V-E-FAN 2,WS-C6509-V-E-FAN,FOX1507XA7B,V02
uk-sc1-cs01,Chassis 1 Fan Tray for WS-C6509-V-E 2,Chassis 1 WS-C6509-V-E-FAN 2,WS-C6509-V-E-FAN,FOX1507XA9Q,V02
uk-sc1-cs01,Chassis 2 Fan Tray for WS-C6509-V-E 1,Chassis 2 WS-C6509-V-E-FAN 1,WS-C6509-V-E-FAN,FOX1507XAA3,V02
uk-sc1-cs01,Chassis 1 Cisco Systems,Chassis 1 WS-C6509-V-E,WS-C6509-V-E,FOX1520GBZF,V01
uk-sc1-cs01,Chassis 2 Cisco Systems,Chassis 2 WS-C6509-V-E,WS-C6509-V-E,FOX1520GBZU,V01
uk-sc1-cs01,Chassis 2 OSR-7600 Clock FRU 1,Chassis 2 CLK-7600 1,CLK-7600,NWG151307N9,none
uk-sc1-cs01,Chassis 2 OSR-7600 Clock FRU 2,Chassis 2 CLK-7600 2,CLK-7600,NWG151307N9,none
uk-sc1-cs01,Chassis 1 OSR-7600 Clock FRU 1,Chassis 1 CLK-7600 1,CLK-7600,NWG1513088K,none
uk-sc1-cs01,Chassis 1 OSR-7600 Clock FRU 2,Chassis 1 CLK-7600 2,CLK-7600,NWG1513088K,none
uk-sc1-cs01,Chassis 1 X2 Transceiver 10Gbase-SR Te1/4/1,Chassis 1 Transceiver Te1/4/1,X2-10GB-SR,ONT1520010R,V05
uk-sc1-cs01,Chassis 1 X2 Transceiver 10Gbase-SR Te1/4/5,Chassis 1 Transceiver Te1/4/5,X2-10GB-SR,ONT1520014X,V05
uk-sc1-cs01,Chassis 1 X2 Transceiver 10Gbase-SR Te1/4/4,Chassis 1 Transceiver Te1/4/4,X2-10GB-SR,ONT15200151,V05
uk-sc1-cs01,Chassis 2 X2 Transceiver 10Gbase-SR Te2/4/2,Chassis 2 Transceiver Te2/4/2,X2-10GB-SR,ONT1520015A,V05
uk-sc1-cs01,Chassis 2 X2 Transceiver 10Gbase-SR Te2/4/5,Chassis 2 Transceiver Te2/4/5,X2-10GB-SR,ONT1520016Y,V05
uk-sc1-cs01,Chassis 2 X2 Transceiver 10Gbase-SR Te2/4/6,Chassis 2 Transceiver Te2/4/6,X2-10GB-SR,ONT15200174,V05
uk-sc1-cs01,Chassis 2 X2 Transceiver 10Gbase-SR Te2/4/4,Chassis 2 Transceiver Te2/4/4,X2-10GB-SR,ONT15200189,V05
uk-sc1-cs01,Chassis 1 X2 Transceiver 10Gbase-SR Te1/4/2,Chassis 1 Transceiver Te1/4/2,X2-10GB-SR,ONT1520018R,V05
uk-sc1-cs01,Chassis 1 X2 Transceiver 10Gbase-SR Te1/5/5,Chassis 1 Transceiver Te1/5/5,X2-10GB-SR,ONT1520018X,V05
uk-sc1-cs01,Chassis 2 X2 Transceiver 10Gbase-SR Te2/5/5,Chassis 2 Transceiver Te2/5/5,X2-10GB-SR,ONT15200192,V05
uk-sc1-cs01,Chassis 2 X2 Transceiver 10Gbase-SR Te2/5/4,Chassis 2 Transceiver Te2/5/4,X2-10GB-SR,ONT152001BF,V05
uk-sc1-cs01,Chassis 2 X2 Transceiver 10Gbase-SR Te2/4/3,Chassis 2 Transceiver Te2/4/3,X2-10GB-SR,ONT152001BM,V05
uk-sc1-cs01,Chassis 1 X2 Transceiver 10Gbase-SR Te1/4/6,Chassis 1 Transceiver Te1/4/6,X2-10GB-SR,ONT152001BP,V05
uk-sc1-cs01,Chassis 1 X2 Transceiver 10Gbase-SR Te1/4/3,Chassis 1 Transceiver Te1/4/3,X2-10GB-SR,ONT152001C8,V05
uk-sc1-cs01,Chassis 1 X2 Transceiver 10Gbase-SR Te1/5/4,Chassis 1 Transceiver Te1/5/4,X2-10GB-SR,ONT152001DC,V05
uk-sc1-cs01,Chassis 2 X2 Transceiver 10Gbase-SR Te2/4/1,Chassis 2 Transceiver Te2/4/1,X2-10GB-SR,ONT152001FG,V05
uk-sc1-cs01,Chassis 1 VS-S720-10G 5 ports Supervisor Engine 720 10GE Rev. 4.0,Chassis 1 5,VS-S720-10G,SAL15024EVB,V06
uk-sc1-cs01,Chassis 2 WS-X6748-GE-TX CEF720 48 port 10/100/1000mb Ethernet Rev. 4.1,Chassis 2 1,WS-X6748-GE-TX,SAL1519D6BW,V05
uk-sc1-cs01,Chassis 1 WS-X6748-GE-TX CEF720 48 port 10/100/1000mb Ethernet Rev. 4.1,Chassis 1 1,WS-X6748-GE-TX,SAL1519DFAE,V05
uk-sc1-cs01,Chassis 1 WS-X6708-10GE CEF720 8 port 10GE with DFC Rev. 2.3,Chassis 1 4,WS-X6708-10GE,SAL1520DSYL,V09
uk-sc1-cs01,Chassis 1 ACE30-MOD-K9 1 ports Application Control Engine Module Rev. 1.0,Chassis 1 8,ACE30-MOD-K9,SAL1521DYKN,V01
uk-sc1-cs01,Chassis 2 WS-X6708-10GE CEF720 8 port 10GE with DFC Rev. 2.3,Chassis 2 4,WS-X6708-10GE,SAL1521DZ6B,V09
uk-sc1-cs01,Chassis 2 VS-S720-10G 5 ports Supervisor Engine 720 10GE Rev. 4.0,Chassis 2 5,VS-S720-10G,SAL1521E01N,V06
uk-sc1-cs01,Chassis 2 WS-F6700-CFC Centralized Forwarding Card Rev. 4.1,Chassis 2 WS-F6700-CFC Centralized Forwarding Card sub-module of 1,WS-F6700-CFC,SAL1522EEPE,V06
uk-sc1-cs01,Chassis 1 WS-F6700-CFC Centralized Forwarding Card Rev. 4.1,Chassis 1 WS-F6700-CFC Centralized Forwarding Card sub-module of 1,WS-F6700-CFC,SAL1522EGBC,V06
uk-sc1-cs01,Chassis 2 VS-F6K-MSFC3 MSFC3 Daughterboard Rev. 5.1,Chassis 2 msfc sub-module of 5,VS-F6K-MSFC3,SAL1522EH84,V06
uk-sc1-cs01,Chassis 2 VS-F6K-PFC3C Policy Feature Card 3 Rev. 1.1,Chassis 2 VS-F6K-PFC3C Policy Feature Card 3 sub-module of 5,VS-F6K-PFC3C,SAL1522ER24,V01
uk-sc1-cs01,Chassis 2 WS-F6700-DFC3C Distributed Forwarding Card 3 Rev. 1.4,Chassis 2 WS-F6700-DFC3C Distributed Forwarding Card 3 sub-module of 4,WS-F6700-DFC3C,SAL1522ERLF,V03
uk-sc1-cs01,Chassis 1 WS-F6700-DFC3C Distributed Forwarding Card 3 Rev. 1.4,Chassis 1 WS-F6700-DFC3C Distributed Forwarding Card 3 sub-module of 4,WS-F6700-DFC3C,SAL1522ERP0,V03
uk-sc1-cs01,Chassis 1 VS-F6K-MSFC3 MSFC3 Daughterboard Rev. 5.1,Chassis 1 msfc sub-module of 5,VS-F6K-MSFC3,SAL1522ETBH,V06
uk-sc1-cs01,Chassis 1 VS-F6K-PFC3C Policy Feature Card 3 Rev. 1.1,Chassis 1 VS-F6K-PFC3C Policy Feature Card 3 sub-module of 5,VS-F6K-PFC3C,SAL1522ETUB,V01
uk-sc1-cs01,Chassis 1 ACEMOD-EXPN-DC ACE Expansion Card 1 Rev. 1.0,Chassis 1 ACEMOD-EXPN-DC sub-module 1 of 8,ACEMOD-EXPN-DC,SAL1522EWGW,none
uk-sc1-cs01,Chassis 2 ACE30-MOD-K9 1 ports Application Control Engine Module Rev. 1.0,Chassis 2 8,ACE30-MOD-K9,SAL1522EY6W,V01
uk-sc1-cs01,Chassis 2 ACEMOD-EXPN-DC ACE Expansion Card 1 Rev. 1.0,Chassis 2 ACEMOD-EXPN-DC sub-module 1 of 8,ACEMOD-EXPN-DC,SAL1523F70D,none
uk-sc1-cs01,Chassis 1 ACEMOD-EXPN-DC ACE Expansion Card 2 Rev. 1.0,Chassis 1 ACEMOD-EXPN-DC sub-module 2 of 8,ACEMOD-EXPN-DC,SAL1523F70W,none
uk-sc1-cs01,Chassis 2 ACEMOD-EXPN-DC ACE Expansion Card 2 Rev. 1.0,Chassis 2 ACEMOD-EXPN-DC sub-module 2 of 8,ACEMOD-EXPN-DC,SAL1523F71F,none
uk-sc1-cs01,Chassis 2 WS-X6708-10GE CEF720 8 port 10GE with DFC Rev. 3.9,Chassis 2 3,WS-X6708-10GE,SAL1846480Q,V12
uk-sc1-cs01,Chassis 1 WS-X6708-10GE CEF720 8 port 10GE with DFC Rev. 3.9,Chassis 1 3,WS-X6708-10GE,SAL1911B3FD,V12
uk-sc1-cs01,Chassis 2 WS-F6700-DFC3C Distributed Forwarding Card 3 Rev. 1.8,Chassis 2 WS-F6700-DFC3C Distributed Forwarding Card 3 sub-module of 3,WS-F6700-DFC3C,SAL1918EBRE,V04
uk-sc1-cs01,Chassis 1 WS-F6700-DFC3C Distributed Forwarding Card 3 Rev. 1.8,Chassis 1 WS-F6700-DFC3C Distributed Forwarding Card 3 sub-module of 3,WS-F6700-DFC3C,SAL1918EBUB,V04
uk-sc1-cs01,Chassis 2 VTT-E FRU 3,Chassis 2 WS-C6K-VTT-E 3,WS-C6K-VTT-E,SMT1505A037,none
uk-sc1-cs01,Chassis 2 VTT-E FRU 2,Chassis 2 WS-C6K-VTT-E 2,WS-C6K-VTT-E,SMT1505A038,none
uk-sc1-cs01,Chassis 2 VTT-E FRU 1,Chassis 2 WS-C6K-VTT-E 1,WS-C6K-VTT-E,SMT1505A080,none
uk-sc1-cs01,Chassis 1 VTT-E FRU 1,Chassis 1 WS-C6K-VTT-E 1,WS-C6K-VTT-E,SMT1505A132,none
uk-sc1-cs01,Chassis 1 VTT-E FRU 2,Chassis 1 WS-C6K-VTT-E 2,WS-C6K-VTT-E,SMT1505A133,none
uk-sc1-cs01,Chassis 1 VTT-E FRU 3,Chassis 1 WS-C6K-VTT-E 3,WS-C6K-VTT-E,SMT1505A137,none
uk-sc1-dm01,Cisco ASR1002 AC Power Supply,Power Supply Module 1,ASR1002-PWR-AC,ART1521U0C1,V02
uk-sc1-dm01,Cisco ASR1002 AC Power Supply,Power Supply Module 0,ASR1002-PWR-AC,ART1521U0C2,V02
uk-sc1-dm01,Cisco ASR1002 Chassis,Chassis,ASR1002,FOX1514GG5C,V05
uk-sc1-dm01,5-port Gigabit Ethernet Shared Port Adapter,SPA subslot 0/1,SPA-5X1GE-V2,JAE15160FTE,V02
uk-sc1-dm01,Cisco ASR1000 Embedded Services Processor,module F0,ASR1000-ESP10,JAE15200B8I,V05
uk-sc1-dm01,Cisco ASR1002 SPA Interface Processor 10,module 0,ASR1002-SIP10,JAE15220EDE,V04
uk-sc1-dm01,Cisco ASR1002 Route Processor 1,module R0,ASR1002-RP1,JAE15220F8U,V04
uk-sc1-dm01,GE T,subslot 0/0 transceiver 0,N/A,MTC1520015V,E
uk-sc1-dm01,GE T,subslot 0/1 transceiver 0,N/A,MTC152001CS,E
uk-sc1-dm01,GE T,subslot 0/0 transceiver 1,N/A,MTC152002Z7,E
uk-sc1-dm01,4-port Gigabit Ethernet Shared Port Adapter,SPA subslot 0/0,4XGE-BUILT-IN,N/A,V00
uk-sc1-dmvpn01,2821 chassis,2821 chassis,CISCO2821,FHK0902F1A2,  NA
uk-sc1-dmvpn02,2821 chassis,2821 chassis,CISCO2821,FCZ092770YU,V01
uk-sc1-dmvpn02,Encryption AIM Element,Virtual Private Network (VPN) Module,AIM-VPN/EPII-PLUS,FOC09120VHK,  NA
uk-sc1-ds01,AC power supply,Power supply 2,N55-PAC-750W,ART1524X0CJ,V01
uk-sc1-ds01,AC power supply,Power supply 1,N55-PAC-750W,ART1524X0D3,V01
uk-sc1-ds01,O2 32X10GE/Modular Supervisor,Module 1,N5K-C5548P,FOC15262UM4,V01
uk-sc1-ds01,Fabric Extender Module,FEX 105 Module 1,N2K-C2248TP-1GE,FOC15423LDN,V03
uk-sc1-ds01,O2 Non L3 Daughter Card,Module 3,N55-DL2,JAF1529ARKA,V01
uk-sc1-ds01,Fabric Extender Module,FEX 101 Module 1,N2K-C2248TP-1GE,JAF1530BMTS,V03
uk-sc1-ds01,Fabric Extender AC power supply,FEX 101 Power Supply 1,N2200-PAC-400W,LIT152604BR,V03
uk-sc1-ds01,Fabric Extender AC power supply,FEX 101 Power Supply 2,N2200-PAC-400W,LIT152604BU,V03
uk-sc1-ds01,Fabric Extender AC power supply,FEX 105 Power Supply 2,N2200-PAC-400W,LIT154107NN,V03
uk-sc1-ds01,Fabric Extender AC power supply,FEX 105 Power Supply 1,N2200-PAC-400W,LIT154107NU,V03
uk-sc1-ds01,Fabric Extender Fan module,FEX 101 Fan 1,N2K-C2248-FAN,N/A,N/A
uk-sc1-ds01,Fabric Extender Fan module,FEX 105 Fan 1,N2K-C2248-FAN,N/A,N/A
uk-sc1-ds01,Chassis fan module,Fan 1,N5548P-FAN,N/A,N/A
uk-sc1-ds01,Chassis fan module,Fan 2,N5548P-FAN,N/A,N/A
uk-sc1-ds01,Nexus5548 Chassis,Chassis,N5K-C5548P,SSI152603N0,V01
uk-sc1-ds01,N2K-C2248TP-1GE  CHASSIS,FEX 101 CHASSIS,N2K-C2248TP-1GE,SSI152708ZA,V03
uk-sc1-ds01,N2K-C2248TP-1GE  CHASSIS,FEX 105 CHASSIS,N2K-C2248TP-1GE,SSI1538026X,V03
uk-sc1-ds02,AC power supply,Power supply 2,N55-PAC-750W,ART1523X0FS,V01
uk-sc1-ds02,AC power supply,Power supply 1,N55-PAC-750W,ART1523X0FT,V01
uk-sc1-ds02,O2 32X10GE/Modular Supervisor,Module 1,N5K-C5548P,FOC15262N2T,V01
uk-sc1-ds02,Fabric Extender Module,FEX 106 Module 1,N2K-C2248TP-1GE,FOC15423KVZ,V03
uk-sc1-ds02,O2 Non L3 Daughter Card,Module 3,N55-DL2,JAF1524ABNE,V01
uk-sc1-ds02,Fabric Extender Module,FEX 102 Module 1,N2K-C2248TP-1GE,JAF1530BMRE,V03
uk-sc1-ds02,Fabric Extender Module,FEX 104 Module 1,N2K-C2248TP-1GE,JAF1530BNCG,V03
uk-sc1-ds02,Fabric Extender AC power supply,FEX 102 Power Supply 2,N2200-PAC-400W,LIT1526033S,V03
uk-sc1-ds02,Fabric Extender AC power supply,FEX 102 Power Supply 1,N2200-PAC-400W,LIT152603TR,V03
uk-sc1-ds02,Fabric Extender AC power supply,FEX 104 Power Supply 2,N2200-PAC-400W,LIT152603W4,V03
uk-sc1-ds02,Fabric Extender AC power supply,FEX 104 Power Supply 1,N2200-PAC-400W,LIT15260475,V03
uk-sc1-ds02,Fabric Extender AC power supply,FEX 106 Power Supply 1,N2200-PAC-400W,LIT154105CD,V03
uk-sc1-ds02,Fabric Extender AC power supply,FEX 106 Power Supply 2,N2200-PAC-400W,LIT154105G9,V03
uk-sc1-ds02,Fabric Extender Fan module,FEX 102 Fan 1,N2K-C2248-FAN,N/A,N/A
uk-sc1-ds02,Fabric Extender Fan module,FEX 104 Fan 1,N2K-C2248-FAN,N/A,N/A
uk-sc1-ds02,Fabric Extender Fan module,FEX 106 Fan 1,N2K-C2248-FAN,N/A,N/A
uk-sc1-ds02,Chassis fan module,Fan 1,N5548P-FAN,N/A,N/A
uk-sc1-ds02,Chassis fan module,Fan 2,N5548P-FAN,N/A,N/A
uk-sc1-ds02,Nexus5548 Chassis,Chassis,N5K-C5548P,SSI15200M8T,V01
uk-sc1-ds02,N2K-C2248TP-1GE  CHASSIS,FEX 102 CHASSIS,N2K-C2248TP-1GE,SSI15270ADV,V03
uk-sc1-ds02,N2K-C2248TP-1GE  CHASSIS,FEX 104 CHASSIS,N2K-C2248TP-1GE,SSI15270AQK,V03
uk-sc1-ds02,N2K-C2248TP-1GE  CHASSIS,FEX 106 CHASSIS,N2K-C2248TP-1GE,SSI15350F6L,V03
uk-sc1-ds03,Fabric Extender AC power supply,FEX 109 Power Supply 1,N2200-PAC-400W,DTN1705P272,V04
uk-sc1-ds03,Fabric Extender AC power supply,FEX 109 Power Supply 2,N2200-PAC-400W,DTN1705P274,V04
uk-sc1-ds03,Fabric Extender AC power supply,FEX 115 Power Supply 2,N2200-PAC-400W,DTN1739P089,V04
uk-sc1-ds03,Fabric Extender AC power supply,FEX 113 Power Supply 2,N2200-PAC-400W,DTN1739P097,V04
uk-sc1-ds03,Fabric Extender AC power supply,FEX 113 Power Supply 1,N2200-PAC-400W,DTN1739P09W,V04
uk-sc1-ds03,Fabric Extender AC power supply,FEX 115 Power Supply 1,N2200-PAC-400W,DTN1739P0QZ,V04
uk-sc1-ds03,Fabric Extender Module,FEX 109 Module 1,N2K-C2248TP-1GE,FOC17061VFU,V03
uk-sc1-ds03,Fabric Extender Module,FEX 113 Module 1,N2K-C2248TP-1GE,FOC17435EDT,V04
uk-sc1-ds03,Fabric Extender Module,FEX 115 Module 1,N2K-C2248TP-1GE,FOC17455ND3,V04
uk-sc1-ds03,Fabric Extender Module,FEX 111 Module 1,N2K-C2248TP-1GE,FOC17455NSS,V04
uk-sc1-ds03,O2 48X10GE/Modular Supervisor,Module 1,N5K-C5596UP,FOC17500MXV,V01
uk-sc1-ds03,O2 16 port flexible GEM,Module 2,N55-M16UP,FOC19442015,V01
uk-sc1-ds03,Nexus 5596 Chassis,Chassis,N5K-C5596UP,FOX1750GTUF,V01
uk-sc1-ds03,Fabric Extender AC power supply,FEX 111 Power Supply 1,N2200-PAC-400W-B,LIT17191P4R,V02
uk-sc1-ds03,Fabric Extender AC power supply,FEX 111 Power Supply 2,N2200-PAC-400W-B,LIT17191P4U,V02
uk-sc1-ds03,Fabric Extender Fan module,FEX 109 Fan 1,N2K-C2248-FAN,N/A,N/A
uk-sc1-ds03,Fabric Extender Fan module,FEX 111 Fan 1,N2K-C2248-FAN-B,N/A,N/A
uk-sc1-ds03,Fabric Extender Fan module,FEX 113 Fan 1,N2K-C2248-FAN,N/A,N/A
uk-sc1-ds03,Fabric Extender Fan module,FEX 115 Fan 1,N2K-C2248-FAN,N/A,N/A
uk-sc1-ds03,Chassis fan module,Fan 1,N5596UP-FAN-B,N/A,N/A
uk-sc1-ds03,Chassis fan module,Fan 2,N5596UP-FAN-B,N/A,N/A
uk-sc1-ds03,Chassis fan module,Fan 3,N5596UP-FAN-B,N/A,N/A
uk-sc1-ds03,Chassis fan module,Fan 4,N5596UP-FAN-B,N/A,N/A
uk-sc1-ds03,AC power supply,Power supply 2,N55-PAC-1100W-B,POG17216L29,V01
uk-sc1-ds03,AC power supply,Power supply 1,N55-PAC-1100W-B,POG17216L8K,V01
uk-sc1-ds03,N2K-C2248TP-1GE  CHASSIS,FEX 109 CHASSIS,N2K-C2248TP-1GE,SSI16520DB9,V03
uk-sc1-ds03,N2K-C2248TP-1GE  CHASSIS,FEX 113 CHASSIS,N2K-C2248TP-1GE,SSI173405RV,V04
uk-sc1-ds03,N2K-C2248TP-1GE  CHASSIS,FEX 111 CHASSIS,N2K-C2248TP-1GE,SSI173405YX,V04
uk-sc1-ds03,N2K-C2248TP-1GE  CHASSIS,FEX 115 CHASSIS,N2K-C2248TP-1GE,SSI17340DWT,V04
uk-sc1-ds04,Fabric Extender AC power supply,FEX 110 Power Supply 1,N2200-PAC-400W,DTN1704P3HK,V04
uk-sc1-ds04,Fabric Extender AC power supply,FEX 110 Power Supply 2,N2200-PAC-400W,DTN1705P0KK,V04
uk-sc1-ds04,Fabric Extender AC power supply,FEX 116 Power Supply 1,N2200-PAC-400W,DTN1739P05V,V04
uk-sc1-ds04,Fabric Extender AC power supply,FEX 114 Power Supply 2,N2200-PAC-400W,DTN1739P107,V04
uk-sc1-ds04,Fabric Extender AC power supply,FEX 114 Power Supply 1,N2200-PAC-400W,DTN1739P10A,V04
uk-sc1-ds04,Fabric Extender Module,FEX 110 Module 1,N2K-C2248TP-1GE,FOC17084ERN,V03
uk-sc1-ds04,Fabric Extender Module,FEX 116 Module 1,N2K-C2248TP-1GE,FOC17455MZ2,V04
uk-sc1-ds04,Fabric Extender Module,FEX 112 Module 1,N2K-C2248TP-1GE,FOC17455MZ6,V04
uk-sc1-ds04,Fabric Extender Module,FEX 114 Module 1,N2K-C2248TP-1GE,FOC17455NT6,V04
uk-sc1-ds04,O2 48X10GE/Modular Supervisor,Module 1,N5K-C5596UP,FOC17503RLA,V01
uk-sc1-ds04,O2 16 port flexible GEM,Module 2,N55-M16UP,FOC192999YG,V01
uk-sc1-ds04,Nexus 5596 Chassis,Chassis,N5K-C5596UP,FOX1750GTUM,V01
uk-sc1-ds04,Fabric Extender AC power supply,FEX 112 Power Supply 1,N2200-PAC-400W-B,LIT17191P5C,V02
uk-sc1-ds04,Fabric Extender AC power supply,FEX 112 Power Supply 2,N2200-PAC-400W-B,LIT17191P91,V02
uk-sc1-ds04,Fabric Extender AC power supply,FEX 116 Power Supply 2,N2200-PAC-400W,LIT184810QN,V05
uk-sc1-ds04,Fabric Extender Fan module,FEX 110 Fan 1,N2K-C2248-FAN,N/A,N/A
uk-sc1-ds04,Fabric Extender Fan module,FEX 112 Fan 1,N2K-C2248-FAN-B,N/A,N/A
uk-sc1-ds04,Fabric Extender Fan module,FEX 114 Fan 1,N2K-C2248-FAN,N/A,N/A
uk-sc1-ds04,Fabric Extender Fan module,FEX 116 Fan 1,N2K-C2248-FAN,N/A,N/A
uk-sc1-ds04,Chassis fan module,Fan 1,N5596UP-FAN-B,N/A,N/A
uk-sc1-ds04,Chassis fan module,Fan 2,N5596UP-FAN-B,N/A,N/A
uk-sc1-ds04,Chassis fan module,Fan 3,N5596UP-FAN-B,N/A,N/A
uk-sc1-ds04,Chassis fan module,Fan 4,N5596UP-FAN-B,N/A,N/A
uk-sc1-ds04,AC power supply,Power supply 2,N55-PAC-1100W-B,POG17216L20,V01
uk-sc1-ds04,AC power supply,Power supply 1,N55-PAC-1100W-B,POG17216L59,V01
uk-sc1-ds04,N2K-C2248TP-1GE  CHASSIS,FEX 110 CHASSIS,N2K-C2248TP-1GE,SSI17020BHH,V03
uk-sc1-ds04,N2K-C2248TP-1GE  CHASSIS,FEX 116 CHASSIS,N2K-C2248TP-1GE,SSI173401JR,V04
uk-sc1-ds04,N2K-C2248TP-1GE  CHASSIS,FEX 114 CHASSIS,N2K-C2248TP-1GE,SSI173405YZ,V04
uk-sc1-ds04,N2K-C2248TP-1GE  CHASSIS,FEX 112 CHASSIS,N2K-C2248TP-1GE,SSI173405Z1,V04
uk-sc1-er01,SFP+ Transceiver 10Gbase-SR Te5/3,Transceiver Te5/3,SFP-10G-SR,AVD1932AAV3,V03
uk-sc1-er01,SFP+ Transceiver 10Gbase-SR Te5/5,Transceiver Te5/5,SFP-10G-SR,AVD1932ABCT,V03
uk-sc1-er01,SFP+ Transceiver 10Gbase-SR Te5/1,Transceiver Te5/1,SFP-10G-SR,AVD1932ACAR,V03
uk-sc1-er01,SFP+ Transceiver 10Gbase-SR Te5/12,Transceiver Te5/12,SFP-10G-SR,AVD1932ACC6,V03
uk-sc1-er01,SFP+ Transceiver 10Gbase-SR Te5/2,Transceiver Te5/2,SFP-10G-SR,AVD1932ACDK,V03
uk-sc1-er01,SFP+ Transceiver 10Gbase-SR Te5/9,Transceiver Te5/9,SFP-10G-SR,AVD1932ACEX,V03
uk-sc1-er01,AC power supply,PS 2 C6880-X-3KW-AC,C6880-X-3KW-AC,DTM193200X2,V01
uk-sc1-er01,AC power supply,PS 1 C6880-X-3KW-AC,C6880-X-3KW-AC,DTM193201CA,V01
uk-sc1-er01,SFP Transceiver 1000BaseSX Te5/15,Transceiver Te5/15,SFP-GE-S,FNS15281JRN,V01
uk-sc1-er01,C6880-X Fan Tray 1,C6880-X-FAN 1,C6880-X-FAN,FOX1929XFZP,V01
uk-sc1-er01,C6880-X-SUP 20 ports 6880-X 16P SFP+ Multi-Rate Rev. 1.2,5,C6880-X-SUP,SAL1933MDVL,none
uk-sc1-er01,C6880-X-PFC Policy Feature Card 4 Rev. 1.2,C6880-X-PFC Policy Feature Card 4 EARL 1 sub-module of 5,C6880-X-PFC,SAL1933MDZ4,none
uk-sc1-er01,Cisco Systems,C6880-X,C6880-X,SAL1935N6YQ,V01
uk-sc1-er02,SFP+ Transceiver 10Gbase-SR Te5/1,Transceiver Te5/1,SFP-10G-SR,AVD1932AC7E,V03
uk-sc1-er02,SFP+ Transceiver 10Gbase-SR Te5/3,Transceiver Te5/3,SFP-10G-SR,AVD1932AC9L,V03
uk-sc1-er02,SFP+ Transceiver 10Gbase-SR Te5/9,Transceiver Te5/9,SFP-10G-SR,AVD1932ACA2,V03
uk-sc1-er02,SFP+ Transceiver 10Gbase-SR Te5/12,Transceiver Te5/12,SFP-10G-SR,AVD1932ACCM,V03
uk-sc1-er02,SFP+ Transceiver 10Gbase-SR Te5/2,Transceiver Te5/2,SFP-10G-SR,AVD1932ACCP,V03
uk-sc1-er02,AC power supply,PS 2 C6880-X-3KW-AC,C6880-X-3KW-AC,DTM193200WK,V01
uk-sc1-er02,AC power supply,PS 1 C6880-X-3KW-AC,C6880-X-3KW-AC,DTM193201KP,V01
uk-sc1-er02,SFP+ Transceiver 10Gbase-LR Te5/5,Transceiver Te5/5,SFP-10G-LR,FNS193710BW,V02
uk-sc1-er02,C6880-X Fan Tray 1,C6880-X-FAN 1,C6880-X-FAN,FOX1929XFZN,V01
uk-sc1-er02,C6880-X-PFC Policy Feature Card 4 Rev. 1.2,C6880-X-PFC Policy Feature Card 4 EARL 1 sub-module of 5,C6880-X-PFC,SAL1932LVAW,none
uk-sc1-er02,C6880-X-SUP 20 ports 6880-X 16P SFP+ Multi-Rate Rev. 1.2,5,C6880-X-SUP,SAL1932LYTZ,none
uk-sc1-er02,Cisco Systems,C6880-X,C6880-X,SAL1935N6ZG,V01
uk-sc1-es01,1000BaseT,TenGigabitEthernet1/8,Unspecified,AGM1643234V,none
uk-sc1-es01,1000BaseT,TenGigabitEthernet1/2,Unspecified,AGM16432367,none
uk-sc1-es01,1000BaseT,TenGigabitEthernet1/10,Unspecified,AGM16432368,none
uk-sc1-es01,1000BaseT,TenGigabitEthernet1/12,Unspecified,AGM1643236E,none
uk-sc1-es01,1000BaseT,TenGigabitEthernet2/5,Unspecified,AGM1840259G,none
uk-sc1-es01,Power Supply ( AC 750W ),Power Supply 2,C4KX-PWR-750AC-R,ART1607X03E,V01
uk-sc1-es01,Power Supply ( AC 750W ),Power Supply 1,C4KX-PWR-750AC-R,ART1607X0WD,V01
uk-sc1-es01,SFP-10Gbase-SR,TenGigabitEthernet2/1,SFP-10G-SR,AVD1932ACCR,V03
uk-sc1-es01,SFP-10Gbase-SR,TenGigabitEthernet1/16,SFP-10G-SR,AVD1932ACF1,V03
uk-sc1-es01,SFP-10Gbase-SR,TenGigabitEthernet1/11,SFP-10G-SR,FNS16431FEL,V03
uk-sc1-es01,SFP-10Gbase-SR,TenGigabitEthernet1/5,SFP-10G-SR,FNS16440GEN,V03
uk-sc1-es01,SFP-10Gbase-SR,TenGigabitEthernet2/8,SFP-10G-SR,FNS16440GEU,V03
uk-sc1-es01,SFP-10Gbase-SR,TenGigabitEthernet1/4,SFP-10G-SR,FNS16440GEW,V03
uk-sc1-es01,4500X-16 10GE (SFP+),Supervisor(slot 1),WS-C4500X-16,JAE163301JY,V01
uk-sc1-es01,Cisco Systems,Switch System,,JAE163301JY,none
uk-sc1-es01,10GE SFP+,Linecard(slot 2),C4KX-NM-8,JAE164801W1,V01
uk-sc1-es01,SFP-10Gbase-SR,TenGigabitEthernet1/7,SFP-10G-SR,JUR1835GJYE,V03
uk-sc1-es01,SFP-10Gbase-SR,TenGigabitEthernet1/6,SFP-10G-SR,JUR1836GEHN,V03
uk-sc1-es01,SFP-10Gbase-SR,TenGigabitEthernet2/6,SFP-10G-SR,JUR1837HBTZ,V03
uk-sc1-es02,SFP-10Gbase-SR,TenGigabitEthernet2/8,SFP-10G-SR,AGA164244S6,V03
uk-sc1-es02,SFP-10Gbase-SR,TenGigabitEthernet1/11,SFP-10G-SR,AGA164244S8,V03
uk-sc1-es02,SFP-10Gbase-SR,TenGigabitEthernet1/4,SFP-10G-SR,AGA1642471Y,V03
uk-sc1-es02,1000BaseT,TenGigabitEthernet1/8,Unspecified,AGM1643234T,none
uk-sc1-es02,1000BaseT,TenGigabitEthernet1/12,Unspecified,AGM1643234U,none
uk-sc1-es02,1000BaseT,TenGigabitEthernet1/10,Unspecified,AGM1643236F,none
uk-sc1-es02,1000BaseT,TenGigabitEthernet1/2,Unspecified,AGM1643236G,none
uk-sc1-es02,Power Supply ( AC 750W ),Power Supply 1,C4KX-PWR-750AC-R,ART1612X0HJ,V01
uk-sc1-es02,Power Supply ( AC 750W ),Power Supply 2,C4KX-PWR-750AC-R,ART1612X0J7,V01
uk-sc1-es02,SFP-10Gbase-SR,TenGigabitEthernet2/1,SFP-10G-SR,AVD1932AC7Z,V03
uk-sc1-es02,SFP-10Gbase-SR,TenGigabitEthernet1/16,SFP-10G-SR,AVD1932ACF4,V03
uk-sc1-es02,SFP-10Gbase-SR,TenGigabitEthernet1/5,SFP-10G-SR,FNS16440GF6,V03
uk-sc1-es02,4500X-16 10GE (SFP+),Supervisor(slot 1),WS-C4500X-16,JAE163402OD,V01
uk-sc1-es02,Cisco Systems,Switch System,,JAE163402OD,none
uk-sc1-es02,10GE SFP+,Linecard(slot 2),C4KX-NM-8,JAE164507RA,V01
uk-sc1-es02,SFP-10Gbase-SR,TenGigabitEthernet1/6,SFP-10G-SR,JUR1835GFDE,V03
uk-sc1-es02,SFP-10Gbase-SR,TenGigabitEthernet1/7,SFP-10G-SR,JUR1837HAR8,V03
uk-sc1-mgmt1,WS-C2960-24TT-L,1,WS-C2960-24TT-L,FCQ1510Z1CH,V09
uk-sc1-rr01,GE SX,subslot 0/0 transceiver 0,GLC-SX-MMD,AGA1709R253,A
uk-sc1-rr01,GE SX,subslot 0/1 transceiver 0,GLC-SX-MMD,AGA1709R265,A
uk-sc1-rr01,Cisco ASR1001 Route Processor,module R0,ASR1001,JAE18200697,V03
uk-sc1-rr01,Cisco ASR1001 AC Power Supply,Power Supply Module 1,ASR1001-PWR-AC,MP51732033G,V02
uk-sc1-rr01,Cisco ASR1001 AC Power Supply,Power Supply Module 0,ASR1001-PWR-AC,MP5173203GZ,V02
uk-sc1-rr01,2-port Gigabit Ethernet Shared Port Adapter,SPA subslot 0/1,SPA-2X1GE-V2,SAL1733BH80,V03
uk-sc1-rr01,Cisco ASR1001 Chassis w/o IDC,Chassis,ASR1001,SSI181002AV,V03
uk-sc1-rr01,4-port Gigabit Ethernet Shared Port Adapter,SPA subslot 0/0,ASR1001,none,none
uk-sc1-rr01,Cisco ASR1001 SPA Interface Processor,module 0,ASR1001,none,none
uk-sc1-rr01,Cisco ASR1001 Embedded Services Processor,module F0,ASR1001,none,none
uk-sc1-vpn-asa-pri,ASA 5525-X with SW,Chassis,ASA5525,FGL1922402A,V04
uk-sc1-vpn-asa-pri,Model Number,Storage Device 1,N/A,MXA190801VF,N/A
uk-sc1-vpn-asa-sec,ASA 5525-X with SW,Chassis,ASA5525,FGL19224028,V04
uk-sc1-vpn-asa-sec,Model Number,Storage Device 1,N/A,MXA1908021A,N/A
uk-scc-sbc,Cisco ISR4431 Chassis,Chassis,ISR4431/K9,FCZ22154063,V04
uk-scc-sbc,Cisco ISR4431 Route Processor,module R0,ISR4431/K9,FOC221073AY,V04
uk-scc-sbc,PVDM4-64 Voice DSP Module,PVDM subslot 0/4,PVDM4-64,FOC221154YB,V02
uk-scc-sbc,Front Panel 4 ports Gigabitethernet Module,NIM subslot 0/0,ISR4431-X-4x1GE,JAB092709EL,V01
uk-scc-sbc,250W AC Power Supply for Cisco ISR4430,Power Supply Module 1,PWR-4430-AC,LIT21502YHN,V02
uk-scc-sbc,Cisco ISR4430 Fan Assembly,Fan Tray,ACS-4430-FANASSY,none,none
uk-scc-sbc,Cisco ISR4431 Built-In NIM controller,module 0,ISR4431/K9,none,none
uk-scc-sbc,Cisco ISR4431 Forwarding Processor,module F0,ISR4431/K9,none,none
uk-sov-cr01,SFP Transceiver 10/100/1000BaseT Te5/11,Transceiver Te5/11,Unspecified,AGM212144P5,Unspecified
uk-sov-cr01,AC power supply,PS 1 C6880-X-3KW-AC,C6880-X-3KW-AC,ART211270BK,V02
uk-sov-cr01,AC power supply,PS 2 C6880-X-3KW-AC,C6880-X-3KW-AC,ART211270BL,V02
uk-sov-cr01,SFP+ Transceiver 10Gbase-SR Te5/10,Transceiver Te5/10,SFP-10G-SR,AVD2115AJCC,V03
uk-sov-cr01,SFP+ Transceiver 10Gbase-LR Te5/1,Transceiver Te5/1,SFP-10G-LR,AVD2129K5JE,V02
uk-sov-cr01,SFP+ Transceiver 10Gbase-LR Te5/6,Transceiver Te5/6,SFP-10G-LR,AVD2207K7YN,V02
uk-sov-cr01,SFP+ Transceiver 10Gbase-LR Te5/15,Transceiver Te5/15,SFP-10G-LR,AVD2232K3X7,V02
uk-sov-cr01,C6880-X Fan Tray 1,C6880-X-FAN 1,C6880-X-FAN,DCH2118F026,V02
uk-sov-cr01,SFP+ Transceiver 10Gbase-LR Te5/14,Transceiver Te5/14,SFP-10G-LR,FNS21060LHG,V02
uk-sov-cr01,C6880-X-PFC Policy Feature Card 4 Rev. 1.2,C6880-X-PFC Policy Feature Card 4 EARL 1 sub-module of 5,C6880-X-PFC,SAL2130065P,none
uk-sov-cr01,C6880-X-SUP 20 ports 6880-X 16P SFP+ Multi-Rate Rev. 1.3,5,C6880-X-SUP,SAL2131004D,none
uk-sov-cr01,Cisco Systems,C6880-X,C6880-X,SAL213400DK,V02
uk-stj-ar01,GE SX,subslot 0/0 transceiver 2,SFBR-5766PZ-CS2,AGM1532L388,none
uk-stj-ar01,GE SX,subslot 0/0 transceiver 3,SFBR-5766PZ-CS2,AGM1532L38C,none
uk-stj-ar01,GE SX,subslot 0/0 transceiver 4,SFBR-5766PZ-CS2,AGM1532L38K,none
uk-stj-ar01,Cisco ASR1001-X Chassis,Chassis,ASR1001-X,FXS2014Q31R,V02
uk-stj-ar01,Cisco ASR1001-X Route Processor,module R0,ASR1001-X,JAE203401AZ,V02
uk-stj-ar01,Cisco ASR1001-X AC Power Supply,Power Supply Module 0,ASR1001-X-PWR-AC,LIT20280CKH,V01
uk-stj-ar01,Cisco ASR1001-X AC Power Supply,Power Supply Module 1,ASR1001-X-PWR-AC,LIT20280CQM,V01
uk-stj-ar01,8-port Built-in GE SPA,SPA subslot 0/0,BUILT-IN-2T+6X1GE,none,none
uk-stj-ar01,Cisco ASR1001-X SPA Interface Processor,module 0,ASR1001-X,none,none
uk-stj-ar01,Cisco ASR1001-X Embedded Services Processor,module F0,ASR1001-X,none,none
uk-stj-ar02,GE SX,subslot 0/0 transceiver 4,SFP-GE-S,AGM1628P07F,06
uk-stj-ar02,GE SX,subslot 0/0 transceiver 3,GLC-SX-MMD,FNS20031588,A
uk-stj-ar02,GE SX,subslot 0/0 transceiver 2,GLC-SX-MMD,FNS20040000,A
uk-stj-ar02,Cisco ASR1001-X Chassis,Chassis,ASR1001-X,FXS2013Q0HG,V02
uk-stj-ar02,Cisco ASR1001-X Route Processor,module R0,ASR1001-X,JAE203306AC,V02
uk-stj-ar02,Cisco ASR1001-X AC Power Supply,Power Supply Module 1,ASR1001-X-PWR-AC,LIT20280CTQ,V01
uk-stj-ar02,Cisco ASR1001-X AC Power Supply,Power Supply Module 0,ASR1001-X-PWR-AC,LIT20280EKN,V01
uk-stj-ar02,8-port Built-in GE SPA,SPA subslot 0/0,BUILT-IN-2T+6X1GE,none,none
uk-stj-ar02,Cisco ASR1001-X SPA Interface Processor,module 0,ASR1001-X,none,none
uk-stj-ar02,Cisco ASR1001-X Embedded Services Processor,module F0,ASR1001-X,none,none
uk-stj-as01,10/100/1000BaseTX SFP,GigabitEthernet1/1/2,,AGM1643204A,none
uk-stj-as01,WS-C3650-48TD,Switch 1,WS-C3650-48TD,FDO2029E12L,V03
uk-stj-as01,c36xx Stack,c36xx Stack,WS-C3650-48TD,FDO2029E12L,V03
uk-stj-as01,Switch 1 - Power Supply A,Switch 1 - Power Supply A,PWR-C2-250WAC,LIT20310MSH,V03
uk-stj-as01,Switch 1 - Power Supply B,Switch 1 - Power Supply B,PWR-C2-250WAC,LIT20310NHX,V03
uk-stj-as01,10/100/1000BaseTX SFP,GigabitEthernet1/1/1,,MTC1520017P,none
uk-stj-as02,WS-C3650-48TD,Switch 1,WS-C3650-48TD,FDO2029E12R,V03
uk-stj-as02,c36xx Stack,c36xx Stack,WS-C3650-48TD,FDO2029E12R,V03
uk-stj-as02,Switch 1 - Power Supply A,Switch 1 - Power Supply A,PWR-C2-250WAC,LIT20310MSA,V03
uk-stj-as02,Switch 1 - Power Supply B,Switch 1 - Power Supply B,PWR-C2-250WAC,LIT20310NKA,V03
uk-stj-as02,10/100/1000BaseTX SFP,GigabitEthernet1/1/2,,MTC152502EH,none
uk-stj-as02,10/100/1000BaseTX SFP,GigabitEthernet1/1/1,,MTC18080ZMZ,none
uk-stj-asa-fw01-admin-Pri,Firepower 2110 Appliance,module 0,FPR-2110,JMX2148Y03W,V01
uk-stj-asa-fw02-admin-Stby,Firepower 2110 Appliance,module 0,FPR-2110,JMX2148Y03V,V01
uk-stj-cs01,1000BaseT,TenGigabitEthernet1/1/15,GLC-T,00000MTC162501HE,none
uk-stj-cs01,1000BaseSX,TenGigabitEthernet2/1/26,GLC-SX-MMD,ACW22280F9G,V01
uk-stj-cs01,1000BaseSX,TenGigabitEthernet1/1/26,GLC-SX-MMD,ACW22290HRE,V01
uk-stj-cs01,1000BaseSX,TenGigabitEthernet1/1/8,GLC-SX-MMD,AGJ1808R52L,V01
uk-stj-cs01,1000BaseSX,TenGigabitEthernet1/1/4,GLC-SX-MMD,AGJ1808R5YB,V01
uk-stj-cs01,1000BaseSX,TenGigabitEthernet1/1/22,Unspecified,AGM1532L38Y,none
uk-stj-cs01,1000BaseT,TenGigabitEthernet1/1/16,GLC-T,AGM170121NZ,V03
uk-stj-cs01,1000BaseT,TenGigabitEthernet2/1/15,GLC-T,AGM19054E3W,V03
uk-stj-cs01,SFP-10Gbase-SR,TenGigabitEthernet1/1/12,SFP-10G-SR,AVD1932ABFH,V03
uk-stj-cs01,SFP-10Gbase-SR,TenGigabitEthernet2/1/25,SFP-10G-SR,AVD2027A5M1,V03
uk-stj-cs01,SFP-10Gbase-SR,TenGigabitEthernet1/1/25,SFP-10G-SR,AVD2027A5MD,V03
uk-stj-cs01,SFP-10Gbase-SR,TenGigabitEthernet1/1/1,SFP-10G-SR,AVD21249PBS,V03
uk-stj-cs01,SFP-10Gbase-SR,TenGigabitEthernet2/1/2,SFP-10G-SR,AVD21249PD2,V03
uk-stj-cs01,SFP-10Gbase-SR,TenGigabitEthernet2/1/1,SFP-10G-SR,AVD2125993D,V03
uk-stj-cs01,SFP-10Gbase-SR,TenGigabitEthernet2/1/5,SFP-10G-SR,AVD22309EA8,V03
uk-stj-cs01,SFP-10Gbase-SR,TenGigabitEthernet1/1/5,SFP-10G-SR,AVD22309EAV,V03
uk-stj-cs01,SFP-10Gbase-SR,TenGigabitEthernet2/1/7,SFP-10G-SR,AVD223399WP,V03
uk-stj-cs01,SFP-10Gbase-SR,TenGigabitEthernet1/1/13,SFP-10G-SR,AVD223399X3,V03
uk-stj-cs01,SFP-10Gbase-SR,TenGigabitEthernet2/1/13,SFP-10G-SR,AVD223399X5,V03
uk-stj-cs01,SFP-10Gbase-SR,TenGigabitEthernet1/1/7,SFP-10G-SR,AVD223399XK,V03
uk-stj-cs01,SFP-10Gbase-SR,TenGigabitEthernet2/1/14,SFP-10G-SR,FNS16210Z3H,V03
uk-stj-cs01,1000BaseSX,TenGigabitEthernet1/1/9,GLC-SX-MMD,FNS164201JC,V01
uk-stj-cs01,1000BaseSX,TenGigabitEthernet2/1/10,GLC-SX-MMD,FNS16431KXQ,V01
uk-stj-cs01,1000BaseSX,TenGigabitEthernet2/1/8,GLC-SX-MMD,FNS16431L07,V01
uk-stj-cs01,1000BaseSX,TenGigabitEthernet1/1/10,GLC-SX-MMD,FNS16431L6D,V01
uk-stj-cs01,1000BaseSX,TenGigabitEthernet2/1/22,GLC-SX-MMD,FNS16431PHH,V01
uk-stj-cs01,1000BaseSX,TenGigabitEthernet2/1/11,GLC-SX-MMD,FNS16440MPN,V01
uk-stj-cs01,1000BaseSX,TenGigabitEthernet1/1/11,GLC-SX-MMD,FNS16441KQR,V01
uk-stj-cs01,1000BaseSX,TenGigabitEthernet2/1/6,GLC-SX-MMD,FNS16441KTE,V01
uk-stj-cs01,SFP-10Gbase-SR,TenGigabitEthernet1/1/14,SFP-10G-SR,FNS17031L4L,V04
uk-stj-cs01,1000BaseSX,TenGigabitEthernet2/1/9,GLC-SX-MMD,FNS19090387,V01
uk-stj-cs01,1000BaseSX,TenGigabitEthernet2/1/4,GLC-SX-MMD,FNS1920059Z,V01
uk-stj-cs01,SFP-10Gbase-SR,TenGigabitEthernet1/1/3,SFP-10G-SR,FNS19480050,V03
uk-stj-cs01,SFP-10Gbase-SR,TenGigabitEthernet2/1/3,SFP-10G-SR,FNS19480059,V03
uk-stj-cs01,SFP-10Gbase-SR,TenGigabitEthernet2/1/17,SFP-10G-SR,FNS19480071,V03
uk-stj-cs01,SFP-10Gbase-SR,TenGigabitEthernet1/1/17,SFP-10G-SR,FNS19480676,V03
uk-stj-cs01,1000BaseSX,TenGigabitEthernet2/1/21,GLC-SX-MMD,FNS20031582,V01
uk-stj-cs01,4500X-32 10GE (SFP+),Switch2 Supervisor 1 (virtual slot 11),WS-C4500X-32,JAE214602ZS,V06
uk-stj-cs01,Cisco Systems,Switch2 System,,JAE214602ZS,none
uk-stj-cs01,4500X-32 10GE (SFP+),Switch1 Supervisor 1 (virtual slot 1),WS-C4500X-32,JAE21460301,V06
uk-stj-cs01,Cisco Systems,Switch1 System,,JAE21460301,none
uk-stj-cs01,10GBase-CU-2M,TenGigabitEthernet2/1/19,SFP-H10GB-CU2M,JPC213600UR,V02
uk-stj-cs01,SFP-10Gbase-SR,TenGigabitEthernet1/1/2,SFP-10G-SR,JUR1925G8L5,V03
uk-stj-cs01,SFP-10Gbase-SR,TenGigabitEthernet2/1/12,SFP-10G-SR,JUR1925G8LC,V03
uk-stj-cs01,10GBase-CU-2M,TenGigabitEthernet2/1/23,SFP-H10GB-CU2M,LRM2138608E,V02
uk-stj-cs01,10GBase-CU-2M,TenGigabitEthernet2/1/20,SFP-H10GB-CU2M,LRM213860FE,V02
uk-stj-cs01,10GBase-CU-5M,TenGigabitEthernet1/1/6,SFP-H10GB-CU5M,LRM213991RF,V03
uk-stj-cs01,10GBase-CU-5M,TenGigabitEthernet1/1/21,SFP-H10GB-CU5M,LRM2139923Y,V03
uk-stj-cs01,10GBase-CU-5M,TenGigabitEthernet1/1/19,SFP-H10GB-CU5M,LRM21399243,V03
uk-stj-cs01,1000BaseT,TenGigabitEthernet2/1/16,GLC-T,MTC180706ND,V03
uk-stj-cs01,1000BaseT,TenGigabitEthernet2/1/18,GLC-TE,MTC212101CH,V01
uk-stj-cs01,1000BaseT,TenGigabitEthernet1/1/20,GLC-TE,MTC212101D4,V01
uk-stj-cs01,1000BaseT,TenGigabitEthernet1/1/18,GLC-TE,MTC2121023Z,V01
uk-stj-cs01,1000BaseT,TenGigabitEthernet1/1/23,GLC-TE,MTC2121027T,V01
uk-stj-cs01,1000BaseSX,TenGigabitEthernet2/1/31,GLC-SX-MMD,OPM22380S82,V01
uk-stj-cs01,1000BaseSX,TenGigabitEthernet2/1/30,GLC-SX-MMD,OPM22380SAQ,V01
uk-stj-cs01,1000BaseSX,TenGigabitEthernet1/1/30,GLC-SX-MMD,OPM22380SB5,V01
uk-stj-cs01,Power Supply ( AC 750W ),Switch2 Power Supply 2,C4KX-PWR-750AC-R,QCS21383E64,V01
uk-stj-cs01,Power Supply ( AC 750W ),Switch1 Power Supply 1,C4KX-PWR-750AC-R,QCS21383E7S,V01
uk-stj-cs01,Power Supply ( AC 750W ),Switch1 Power Supply 2,C4KX-PWR-750AC-R,QCS21383EHH,V01
uk-stj-cs01,Power Supply ( AC 750W ),Switch2 Power Supply 1,C4KX-PWR-750AC-R,QCS21383EKK,V01
uk-stj-f1c1-sw1,SFP-10GBase-SR,Te1/1/3,SFP-10G-SR,AVD22309E9Y,V03
uk-stj-f1c1-sw1,SFP-10GBase-SR,Te3/1/3,SFP-10G-SR,AVD22309EAY,V03
uk-stj-f1c1-sw1,Switch 2 - Power Supply B,Switch 2 - Power Supply B,PWR-C2-640WAC,DCB2208B5UW,V03
uk-stj-f1c1-sw1,Switch 4 - Power Supply A,Switch 4 - Power Supply A,PWR-C2-640WAC,DCB2232B1KS,V04
uk-stj-f1c1-sw1,Switch 2 - Power Supply A,Switch 2 - Power Supply A,PWR-C2-640WAC,DCB2232B1L2,V04
uk-stj-f1c1-sw1,Switch 3 - Power Supply A,Switch 3 - Power Supply A,PWR-C2-640WAC,DCB2232B1L3,V04
uk-stj-f1c1-sw1,Switch 1 - Power Supply A,Switch 1 - Power Supply A,PWR-C2-640WAC,DCB2232B1MT,V04
uk-stj-f1c1-sw1,WS-C3650-48PD-S,Switch 2,WS-C3650-48PD-S,FDO2215E1NC,V05
uk-stj-f1c1-sw1,WS-C3650-48PD-S,Switch 1,WS-C3650-48PD-S,FDO2220E1S5,V05
uk-stj-f1c1-sw1,c36xx Stack,c36xx Stack,WS-C3650-48PD-S,FDO2220E1S5,V05
uk-stj-f1c1-sw1,WS-C3650-48PD-S,Switch 3,WS-C3650-48PD-S,FDO2220E1TB,V05
uk-stj-f1c1-sw1,WS-C3650-48PD-S,Switch 4,WS-C3650-48PD-S,FDO2220Q1HL,V05
uk-stj-f1c1-sw1,StackAdapter3/1,StackAdapter3/1,C3650-STACK,FDO22221YKC,V01
uk-stj-f1c1-sw1,StackAdapter1/1,StackAdapter1/1,C3650-STACK,FDO222523NK,V01
uk-stj-f1c1-sw1,StackAdapter3/2,StackAdapter3/2,C3650-STACK,FDO222525AY,V01
uk-stj-f1c1-sw1,StackAdapter4/2,StackAdapter4/2,C3650-STACK,FDO222525C4,V01
uk-stj-f1c1-sw1,StackAdapter1/2,StackAdapter1/2,C3650-STACK,FDO222525MN,V01
uk-stj-f1c1-sw1,StackAdapter2/2,StackAdapter2/2,C3650-STACK,FDO222525NB,V01
uk-stj-f1c1-sw1,StackAdapter2/1,StackAdapter2/1,C3650-STACK,FDO22260NW7,V01
uk-stj-f1c1-sw1,StackAdapter4/1,StackAdapter4/1,C3650-STACK,FDO22260P63,V01
uk-stj-f1c1-sw1,StackPort1/1,StackPort1/1,STACK-T2-1M,LCC2213GA07,V03
uk-stj-f1c1-sw1,StackPort4/2,StackPort4/2,STACK-T2-1M,LCC2213GA07,V03
uk-stj-f1c1-sw1,StackPort3/2,StackPort3/2,STACK-T2-50CM,LCC2220GM9P,V03
uk-stj-f1c1-sw1,StackPort4/1,StackPort4/1,STACK-T2-50CM,LCC2220GM9P,V03
uk-stj-f1c1-sw1,StackPort1/2,StackPort1/2,STACK-T2-50CM,LCC2220GMAN,V03
uk-stj-f1c1-sw1,StackPort2/1,StackPort2/1,STACK-T2-50CM,LCC2220GMAN,V03
uk-stj-f1c1-sw1,Switch 1 - Power Supply B,Switch 1 - Power Supply B,PWR-C2-640WAC,LIT22082SPE,V03
uk-stj-f1c1-sw1,Switch 4 - Power Supply B,Switch 4 - Power Supply B,PWR-C2-640WAC,LIT22082ST3,V03
uk-stj-f1c1-sw1,Switch 3 - Power Supply B,Switch 3 - Power Supply B,PWR-C2-640WAC,LIT22082T7H,V03
uk-stj-f1c1-sw1,StackPort2/2,StackPort2/2,STACK-T2-50CM,LRM214211GM,V03
uk-stj-f1c1-sw1,StackPort3/1,StackPort3/1,STACK-T2-50CM,LRM214211GM,V03
uk-stj-f1c1-sw2,1000BaseSX SFP,GigabitEthernet1/0/50,GLC-SX-MMD,FNS19200409,V01
uk-stj-f1c1-sw2,1000BaseSX SFP,GigabitEthernet1/0/49,GLC-SX-MMD,FNS1920050P,V01
uk-stj-f1c1-sw2,WS-C2960X-48TS-L,1,WS-C2960X-48TS-L,FOC1933S1WA,V02
uk-stj-f1c1-sw4,SFP-10GBase-SR,Te1/1/3,SFP-10G-SR,AVD223399YY,V03
uk-stj-f1c1-sw4,SFP-10GBase-SR,Te3/1/3,SFP-10G-SR,AVD223399YZ,V03
uk-stj-f1c1-sw4,Switch 3 - Power Supply B,Switch 3 - Power Supply B,PWR-C2-640WAC,DCB2232B84U,V04
uk-stj-f1c1-sw4,Switch 3 - Power Supply A,Switch 3 - Power Supply A,PWR-C2-640WAC,DCB2232B87R,V04
uk-stj-f1c1-sw4,StackAdapter4/2,StackAdapter4/2,C3650-STACK,FDO21391NXJ,V01
uk-stj-f1c1-sw4,StackAdapter2/2,StackAdapter2/2,C3650-STACK,FDO21411N1B,V01
uk-stj-f1c1-sw4,StackAdapter1/1,StackAdapter1/1,C3650-STACK,FDO21411NFD,V01
uk-stj-f1c1-sw4,StackAdapter2/1,StackAdapter2/1,C3650-STACK,FDO21411PDN,V01
uk-stj-f1c1-sw4,StackAdapter4/1,StackAdapter4/1,C3650-STACK,FDO21411PEA,V01
uk-stj-f1c1-sw4,StackAdapter1/2,StackAdapter1/2,C3650-STACK,FDO21411PS4,V01
uk-stj-f1c1-sw4,WS-C3650-48PD-S,Switch 1,WS-C3650-48PD-S,FDO2152E2DV,V05
uk-stj-f1c1-sw4,c36xx Stack,c36xx Stack,WS-C3650-48PD-S,FDO2152E2DV,V05
uk-stj-f1c1-sw4,WS-C3650-48PD-S,Switch 2,WS-C3650-48PD-S,FDO2152E2E4,V05
uk-stj-f1c1-sw4,WS-C3650-48PD-S,Switch 4,WS-C3650-48PD-S,FDO2152Q21R,V05
uk-stj-f1c1-sw4,StackAdapter3/2,StackAdapter3/2,C3650-STACK,FDO22310N0D,V01
uk-stj-f1c1-sw4,StackAdapter3/1,StackAdapter3/1,C3650-STACK,FDO22310QWQ,V01
uk-stj-f1c1-sw4,WS-C3650-48PD-S,Switch 3,WS-C3650-48PD-S,FDO2232Q0Y4,V05
uk-stj-f1c1-sw4,StackPort2/1,StackPort2/1,STACK-T2-50CM,LCC2226H9FA,V03
uk-stj-f1c1-sw4,StackPort3/2,StackPort3/2,STACK-T2-50CM,LCC2226H9FA,V03
uk-stj-f1c1-sw4,Switch 2 - Power Supply B,Switch 2 - Power Supply B,PWR-C2-640WAC,LIT214557HR,V03
uk-stj-f1c1-sw4,Switch 2 - Power Supply A,Switch 2 - Power Supply A,PWR-C2-640WAC,LIT21455CDA,V03
uk-stj-f1c1-sw4,Switch 4 - Power Supply B,Switch 4 - Power Supply B,PWR-C2-640WAC,LIT21455CS7,V03
uk-stj-f1c1-sw4,Switch 4 - Power Supply A,Switch 4 - Power Supply A,PWR-C2-640WAC,LIT21455EJR,V03
uk-stj-f1c1-sw4,Switch 1 - Power Supply A,Switch 1 - Power Supply A,PWR-C2-640WAC,LIT21455EKV,V03
uk-stj-f1c1-sw4,Switch 1 - Power Supply B,Switch 1 - Power Supply B,PWR-C2-640WAC,LIT21455ELE,V03
uk-stj-f1c1-sw4,StackPort4/1,StackPort4/1,STACK-T2-1M,LRM2043R03D,V03
uk-stj-f1c1-sw4,StackPort2/2,StackPort2/2,STACK-T2-50CM,LRM214211BU,V03
uk-stj-f1c1-sw4,StackPort3/1,StackPort3/1,STACK-T2-50CM,LRM214211MP,V03
uk-stj-f1c1-sw4,StackPort4/2,StackPort4/2,STACK-T2-50CM,LRM214211MP,V03
uk-stj-vacc01,1000BaseSX SFP,GigabitEthernet1/0/50,GLC-SX-MMD,FNS19200409,V01
uk-stj-vacc01,1000BaseSX SFP,GigabitEthernet1/0/49,GLC-SX-MMD,FNS1920050P,V01
uk-stj-vacc01,WS-C2960X-48TS-L,1,WS-C2960X-48TS-L,FOC1933S1WA,V02
uk-stj-vacc02,WS-C2960X-48TS-L,1,WS-C2960X-48TS-L,FCW1942A73P,V03
uk-stj-vacc02,1000BaseSX SFP,GigabitEthernet1/0/49,GLC-SX-MMD,FNS164201HZ,V01
uk-stj-vacc02,1000BaseSX SFP,GigabitEthernet1/0/50,GLC-SX-MMD,FNS17450GVR,V01
uk-thn-ar01-pa,1000BASE-SX SFP,1000BASE-SX SFP,GLC-SX-MMD,AGA1737R3TT,001
uk-thn-ar01-pa,CISCO2921/K9 chassis,CISCO2921/K9,CISCO2921/K9,FCZ174170PY,V08
uk-thn-ar01-pa,C2921/C2951 AC Power Supply,C2921/C2951 AC Power Supply,PWR-2921-51-AC,QCS1729H11A,V03
uk-thn-ar02-pa,CISCO2921/K9 chassis,CISCO2921/K9,CISCO2921/K9,FGL1907110X,V08
uk-thn-ar02-pa,WAN Interface Card - HWIC Serial 1T,WAN Interface Card - HWIC Serial 1T on Slot 0 SubSlot 0,HWIC-1T,FOC19031LSV,V05
uk-thn-ar02-pa,C2921/C2951 AC Power Supply,C2921/C2951 AC Power Supply,PWR-2921-51-AC,QCS18520TN0,V03
uk-thw-cr01,SFP Transceiver 1000BaseSX Te5/9,Transceiver Te5/9,GLC-SX-MMD,AGA1737RC82,V01
uk-thw-cr01,SFP Transceiver 1000BaseSX Te5/7,Transceiver Te5/7,SFP-GE-S,AGM1541P0FR,V01
uk-thw-cr01,AC power supply,PS 1 C6880-X-3KW-AC,C6880-X-3KW-AC,ART211570LB,V02
uk-thw-cr01,AC power supply,PS 2 C6880-X-3KW-AC,C6880-X-3KW-AC,ART211570LF,V02
uk-thw-cr01,SFP Transceiver 1000BaseLH Te5/6,Transceiver Te5/6,GLC-LH-SMD,AVJ205230C7,V01
uk-thw-cr01,C6880-X Fan Tray 1,C6880-X-FAN 1,C6880-X-FAN,DCH2114F9YP,V02
uk-thw-cr01,SFP Transceiver 1000BaseSX Te5/14,Transceiver Te5/14,SFP-GE-S,FNS1426209U,V01
uk-thw-cr01,SFP+ Transceiver 10Gbase-SR Te5/16,Transceiver Te5/16,SFP-10G-SR,FNS211610WG,V03
uk-thw-cr01,SFP+ Transceiver 10Gbase-SR Te5/10,Transceiver Te5/10,SFP-10G-SR,FNS211610X3,V03
uk-thw-cr01,SFP+ Transceiver 10Gbase-SR Te5/4,Transceiver Te5/4,SFP-10G-SR,FNS211610XH,V03
uk-thw-cr01,SFP+ Transceiver 10Gbase-SR Te5/13,Transceiver Te5/13,SFP-10G-SR,FNS211610XN,V03
uk-thw-cr01,SFP+ Transceiver 10Gbase-SR Te5/2,Transceiver Te5/2,SFP-10G-SR,FNS211610XP,V03
uk-thw-cr01,SFP+ Transceiver 10Gbase-SR Te5/15,Transceiver Te5/15,SFP-10G-SR,FNS211618Y9,V03
uk-thw-cr01,SFP+ Transceiver 10Gbase-LR Te5/12,Transceiver Te5/12,SFP-10G-LR,FNS212118FG,V02
uk-thw-cr01,SFP Transceiver 10/100/1000BaseT Te5/1,Transceiver Te5/1,Unspecified,MTC161801Q1,Unspecified
uk-thw-cr01,SFP Transceiver 10/100/1000BaseT Te5/11,Transceiver Te5/11,Unspecified,MTC18080X57,Unspecified
uk-thw-cr01,C6880-X-PFC Policy Feature Card 4 Rev. 1.2,C6880-X-PFC Policy Feature Card 4 EARL 1 sub-module of 5,C6880-X-PFC,SAL211500LD,none
uk-thw-cr01,Cisco Systems,C6880-X,C6880-X,SAL211501AV,V01
uk-thw-cr01,C6880-X-SUP 20 ports 6880-X 16P SFP+ Multi-Rate Rev. 1.3,5,C6880-X-SUP,SAL2115021T,none
uk-thw-cr01,SFP Transceiver 1000BaseLH Te5/3,Transceiver Te5/3,SFP-GE-L,SPC161305PW,V01
uk-thw-cr01,SFP Transceiver 1000BaseLH Te5/5,Transceiver Te5/5,SFP-GE-L,SPC161308RQ,V01
uk-thw-rr01,Cisco ASR1001 Route Processor,module R0,ASR1001,JAE182006DK,V03
uk-thw-rr01,Cisco ASR1001 AC Power Supply,Power Supply Module 0,ASR1001-PWR-AC,MP51732037W,V02
uk-thw-rr01,Cisco ASR1001 AC Power Supply,Power Supply Module 1,ASR1001-PWR-AC,MP517320386,V02
uk-thw-rr01,GE T,subslot 0/0 transceiver 0,N/A,MTC18080WDV,E
uk-thw-rr01,GE T,subslot 0/1 transceiver 0,N/A,MTC18080XBJ,E
uk-thw-rr01,2-port Gigabit Ethernet Shared Port Adapter,SPA subslot 0/1,SPA-2X1GE-V2,SAL1646SLXZ,V01
uk-thw-rr01,Cisco ASR1001 Chassis w/o IDC,Chassis,ASR1001,SSI180801R2,V03
uk-thw-rr01,4-port Gigabit Ethernet Shared Port Adapter,SPA subslot 0/0,ASR1001,none,none
uk-thw-rr01,Cisco ASR1001 SPA Interface Processor,module 0,ASR1001,none,none
uk-thw-rr01,Cisco ASR1001 Embedded Services Processor,module F0,ASR1001,none,none
uk-ttv-acc01,WS-C2960-8TC-L,1,WS-C2960-8TC-L,FOC1621V0JA,V03
uk-ttv-ar01,CISCO3945-CHASSIS,CISCO3945-CHASSIS,CISCO3945-CHASSIS,FCZ162970XL,V02
uk-ttv-ar01,Cisco Services Performance Engine 150 for Cisco 3900 ISR,Cisco Services Performance Engine 150 for Cisco 3900 ISR on Slot 0,C3900-SPE150/K9,FOC16270434,V05
uk-ttv-ar01,C3900 AC Power Supply 1,C3900 AC Power Supply 1,PWR-3900-AC,QCS1614P06M,V03
uk-wak-ar01,GE SX,subslot 0/0 transceiver 2,GLC-SX-MMD,FNS1843108T,A
uk-wak-ar01,Cisco ASR1001 Route Processor,module R0,ASR1001,JAE184403QM,V03
uk-wak-ar01,Cisco ASR1001 AC Power Supply,Power Supply Module 1,ASR1001-PWR-AC,MP518350291,V02
uk-wak-ar01,Cisco ASR1001 AC Power Supply,Power Supply Module 0,ASR1001-PWR-AC,MP5183502F4,V02
uk-wak-ar01,GE T,subslot 0/0 transceiver 1,N/A,MTC181603TX,E
uk-wak-ar01,GE T,subslot 0/0 transceiver 0,N/A,MTC181603U7,E
uk-wak-ar01,Cisco ASR1001 Chassis w/o IDC,Chassis,ASR1001,SSI183506KA,V03
uk-wak-ar01,4-port Gigabit Ethernet Shared Port Adapter,SPA subslot 0/0,ASR1001,none,none
uk-wak-ar01,Cisco ASR1001 SPA Interface Processor,module 0,ASR1001,none,none
uk-wak-ar01,Cisco ASR1001 Embedded Services Processor,module F0,ASR1001,none,none
uk-wak-as01,WS-C3650-24TS-S,Switch 1,WS-C3650-24TS-S,FDO2212Q03T,V04
uk-wak-as01,c36xx Stack,c36xx Stack,WS-C3650-24TS-S,FDO2212Q03T,V04
uk-wak-as01,Switch 1 - Power Supply A,Switch 1 - Power Supply A,PWR-C2-250WAC,LIT220347F9,V03
uk-wak-as01,Switch 1 - Power Supply B,Switch 1 - Power Supply B,PWR-C2-250WAC,LIT220347FY,V03
uk-wig-ar01-tote,CISCO2921/K9 chassis,CISCO2921/K9,CISCO2921/K9,FGL1907110V,V08
uk-wig-ar01-tote,WAN Interface Card - HWIC Serial 1T,WAN Interface Card - HWIC Serial 1T on Slot 0 SubSlot 0,HWIC-1T,FOC19031LTT,V05
uk-wig-ar01-tote,C2921/C2951 AC Power Supply,C2921/C2951 AC Power Supply,PWR-2921-51-AC,QCS18520STP,V03
uk-wig-ar02-tote,CISCO2921/K9 chassis,CISCO2921/K9,CISCO2921/K9,FGL1907110Y,V08
uk-wig-ar02-tote,WAN Interface Card - HWIC Serial 1T,WAN Interface Card - HWIC Serial 1T on Slot 0 SubSlot 0,HWIC-1T,FOC19022RVK,V05
uk-wig-ar02-tote,C2921/C2951 AC Power Supply,C2921/C2951 AC Power Supply,PWR-2921-51-AC,QCS18520SPM,V03
us-da1-cr01,SFP Transceiver 1000BaseLH Te5/10,Transceiver Te5/10,Unspecified,17706510608,Unspecified
us-da1-cr01,SFP Transceiver 1000BaseLH Te5/12,Transceiver Te5/12,Unspecified,17B00851373,Unspecified
us-da1-cr01,SFP Transceiver 1000BaseSX Te5/2,Transceiver Te5/2,Unspecified,18201670402,Unspecified
us-da1-cr01,SFP+ Transceiver 10Gbase-LR Te5/6,Transceiver Te5/6,SFP-10G-LR,AVD2207K7Y9,V02
us-da1-cr01,SFP+ Transceiver 10Gbase-LR Te5/4,Transceiver Te5/4,SFP-10G-LR,AVD2207K84D,V02
us-da1-cr01,SFP+ Transceiver 10Gbase-LR Te5/14,Transceiver Te5/14,SFP-10G-LR,AVD2207K84J,V02
us-da1-cr01,C6880-X Fan Tray 1,C6880-X-FAN 1,C6880-X-FAN,DCH2211R5K7,V02
us-da1-cr01,AC power supply,PS 1 C6880-X-3KW-AC,C6880-X-3KW-AC,DTM2217003U,V02
us-da1-cr01,AC power supply,PS 2 C6880-X-3KW-AC,C6880-X-3KW-AC,DTM2217004P,V02
us-da1-cr01,C6880-X-PFC Policy Feature Card 4 Rev. 1.2,C6880-X-PFC Policy Feature Card 4 EARL 1 sub-module of 5,C6880-X-PFC,JAE22100754,none
us-da1-cr01,C6880-X-SUP 20 ports 6880-X 16P SFP+ Multi-Rate Rev. 1.3,5,C6880-X-SUP,JAE221208S4,none
us-da1-cr01,Cisco Systems,C6880-X,C6880-X,SAL221400XW,V02
us-da1-rr01,GE SX,subslot 0/0 transceiver 2,SFPGLCSXMMST,18201670415,1.0
us-da1-rr01,Cisco ASR1001-X Chassis,Chassis,ASR1001-X,FXS2223Q0UT,V03
us-da1-rr01,Cisco ASR1001-X Route Processor,module R0,ASR1001-X,JAD222500RX,V03
us-da1-rr01,Cisco ASR1001-X AC Power Supply,Power Supply Module 1,ASR1001-X-PWR-AC,LIT22192QHD,V02
us-da1-rr01,Cisco ASR1001-X AC Power Supply,Power Supply Module 0,ASR1001-X-PWR-AC,LIT22192QJZ,V02
us-da1-rr01,Cisco ASR1001-X Fan Tray,Fan Tray,ASR1001-X-FANTRAY,none,none
us-da1-rr01,Built-in GE SPA with 2 port 10G and 6 port 1G Interfaces,SPA subslot 0/0,BUILT-IN-2T+6X1GE,none,none
us-da1-rr01,Cisco ASR1001-X SPA Interface Processor,module 0,ASR1001-X,none,none
us-da1-rr01,Cisco ASR1001-X Embedded Services Processor,module F0,ASR1001-X,none,none
us-las-ar02,Cisco Services Performance Engine 250 for Cisco 3900 ISR,Cisco Services Performance Engine 250 for Cisco 3900 ISR on Slot 0,C3900-SPE250/K9,FOC16344GCG,V04
us-las-ar02,CISCO3945-CHASSIS,CISCO3945-CHASSIS,CISCO3945-CHASSIS,FTX1636AJMJ,V02
us-las-ar02,C3900 AC Power Supply 1,C3900 AC Power Supply 1,PWR-3900-AC,SNI1624C9K7,V03
us-las-ar02,1000BASE-LX SFP,1000BASE-LX SFP,GLC-LH-SMD-OEM,THLHSMD0001,A1
us-nj1-cr01,GE LX,subslot 0/0 transceiver 3,,18502820366,1.0
us-nj1-cr01,GE T,subslot 0/0 transceiver 4,SFPC1110,18602050127,1.0
us-nj1-cr01,GE SX,subslot 0/0 transceiver 2,GLC-SX-MMD,FNS222010BD,V01
us-nj1-cr01,Cisco ASR1001-X Chassis,Chassis,ASR1001-X,FXS2222Q0Q0,V03
us-nj1-cr01,Cisco ASR1001-X Route Processor,module R0,ASR1001-X,JAD22070D90,V03
us-nj1-cr01,Cisco ASR1001-X AC Power Supply,Power Supply Module 0,ASR1001-X-PWR-AC,LIT22162DWJ,V02
us-nj1-cr01,Cisco ASR1001-X AC Power Supply,Power Supply Module 1,ASR1001-X-PWR-AC,LIT22162DXW,V02
us-nj1-cr01,Cisco ASR1001-X Fan Tray,Fan Tray,ASR1001-X-FANTRAY,none,none
us-nj1-cr01,Built-in GE SPA with 2 port 10G and 6 port 1G Interfaces,SPA subslot 0/0,BUILT-IN-2T+6X1GE,none,none
us-nj1-cr01,Cisco ASR1001-X SPA Interface Processor,module 0,ASR1001-X,none,none
us-nj1-cr01,Cisco ASR1001-X Embedded Services Processor,module F0,ASR1001-X,none,none
us-ny1-cr01,SFP Transceiver 1000BaseLH Te5/12,Transceiver Te5/12,Unspecified,17706510595,Unspecified
us-ny1-cr01,SFP Transceiver 1000BaseLH Te5/10,Transceiver Te5/10,Unspecified,17B00851372,Unspecified
us-ny1-cr01,SFP+ Transceiver 10Gbase-LR Te5/6,Transceiver Te5/6,SFP-10G-LR,AVD2207K7Y4,V02
us-ny1-cr01,SFP+ Transceiver 10Gbase-LR Te5/14,Transceiver Te5/14,SFP-10G-LR,AVD2207K7YH,V02
us-ny1-cr01,SFP+ Transceiver 10Gbase-LR Te5/4,Transceiver Te5/4,SFP-10G-LR,AVD2207K7Z1,V02
us-ny1-cr01,C6880-X Fan Tray 1,C6880-X-FAN 1,C6880-X-FAN,DCH2211R5KC,V02
us-ny1-cr01,AC power supply,PS 2 C6880-X-3KW-AC,C6880-X-3KW-AC,DTM22170037,V02
us-ny1-cr01,AC power supply,PS 1 C6880-X-3KW-AC,C6880-X-3KW-AC,DTM22170056,V02
us-ny1-cr01,SFP Transceiver 1000BaseSX Te5/2,Transceiver Te5/2,GLC-SX-MMD,FNS22200KQM,V01
us-ny1-cr01,C6880-X-PFC Policy Feature Card 4 Rev. 1.2,C6880-X-PFC Policy Feature Card 4 EARL 1 sub-module of 5,C6880-X-PFC,JAE214800KQ,none
us-ny1-cr01,C6880-X-SUP 20 ports 6880-X 16P SFP+ Multi-Rate Rev. 1.3,5,C6880-X-SUP,JAE220907UV,none
us-ny1-cr01,Cisco Systems,C6880-X,C6880-X,SAL221600K4,V02
us-ny1-rr01,GE SX,subslot 0/0 transceiver 2,GLC-SX-MMD,FNS22200KJQ,V01
us-ny1-rr01,Cisco ASR1001-X Chassis,Chassis,ASR1001-X,FXS2222Q0NU,V03
us-ny1-rr01,Cisco ASR1001-X Route Processor,module R0,ASR1001-X,JAD22250ENY,V03
us-ny1-rr01,Cisco ASR1001-X AC Power Supply,Power Supply Module 1,ASR1001-X-PWR-AC,LIT22162DCD,V02
us-ny1-rr01,Cisco ASR1001-X AC Power Supply,Power Supply Module 0,ASR1001-X-PWR-AC,LIT22162DS4,V02
us-ny1-rr01,Cisco ASR1001-X Fan Tray,Fan Tray,ASR1001-X-FANTRAY,none,none
us-ny1-rr01,Built-in GE SPA with 2 port 10G and 6 port 1G Interfaces,SPA subslot 0/0,BUILT-IN-2T+6X1GE,none,none
us-ny1-rr01,Cisco ASR1001-X SPA Interface Processor,module 0,ASR1001-X,none,none
us-ny1-rr01,Cisco ASR1001-X Embedded Services Processor,module F0,ASR1001-X,none,none
wh-brs-core-sw3,AC power supply,PS 2 WS-CAC-6000W,WS-CAC-6000W,AZS12100GVP,V05
wh-brs-core-sw3,AC power supply,PS 1 WS-CAC-6000W,WS-CAC-6000W,AZS12110C2S,V05
wh-brs-core-sw3,Enhanced 9-slot Fan Tray 1,WS-C6509-E-FAN 1,WS-C6509-E-FAN,DCH11453849,V03
wh-brs-core-sw3,Xenpak Transceiver 10Gbase-SR Te7/1,Transceiver Te7/1,XENPAK-10GB-SR,ONT1148009W,V01
wh-brs-core-sw3,Xenpak Transceiver 10Gbase-SR Te7/2,Transceiver Te7/2,XENPAK-10GB-SR,ONT114800L8,V01
wh-brs-core-sw3,WS-X6748-GE-TX CEF720 48 port 10/100/1000mb Ethernet Rev. 2.6,4,WS-X6748-GE-TX,SAL1152BETF,V02
wh-brs-core-sw3,WS-X6748-GE-TX CEF720 48 port 10/100/1000mb Ethernet Rev. 2.6,2,WS-X6748-GE-TX,SAL1152BH7J,V02
wh-brs-core-sw3,WS-X6704-10GE CEF720 4 port 10-Gigabit Ethernet Rev. 2.6,7,WS-X6704-10GE,SAL1201BTY8,V02
wh-brs-core-sw3,WS-F6700-CFC Centralized Forwarding Card Rev. 4.0,WS-F6700-CFC Centralized Forwarding Card sub-module of 8,WS-F6700-CFC,SAL1201C5YZ,V05
wh-brs-core-sw3,WS-F6700-CFC Centralized Forwarding Card Rev. 4.0,WS-F6700-CFC Centralized Forwarding Card sub-module of 4,WS-F6700-CFC,SAL1201C7KE,V05
wh-brs-core-sw3,WS-X6748-GE-TX CEF720 48 port 10/100/1000mb Ethernet Rev. 2.7,8,WS-X6748-GE-TX,SAL1202CBK4,V02
wh-brs-core-sw3,WS-F6700-CFC Centralized Forwarding Card Rev. 4.0,WS-F6700-CFC Centralized Forwarding Card sub-module of 2,WS-F6700-CFC,SAL1202CC2N,V05
wh-brs-core-sw3,WS-F6700-CFC Centralized Forwarding Card Rev. 4.0,WS-F6700-CFC Centralized Forwarding Card sub-module of 1,WS-F6700-CFC,SAL1202CC3J,V05
wh-brs-core-sw3,WS-F6700-CFC Centralized Forwarding Card Rev. 4.0,WS-F6700-CFC Centralized Forwarding Card sub-module of 7,WS-F6700-CFC,SAL1202CC3V,V05
wh-brs-core-sw3,WS-F6700-CFC Centralized Forwarding Card Rev. 4.0,WS-F6700-CFC Centralized Forwarding Card sub-module of 3,WS-F6700-CFC,SAL1202CCA3,V05
wh-brs-core-sw3,WS-X6748-GE-TX CEF720 48 port 10/100/1000mb Ethernet Rev. 2.7,3,WS-X6748-GE-TX,SAL1202CEMZ,V02
wh-brs-core-sw3,WS-F6K-PFC3B Policy Feature Card 3 Rev. 2.3,WS-F6K-PFC3B Policy Feature Card 3 sub-module of 5,WS-F6K-PFC3B,SAL1202CFBK,V01
wh-brs-core-sw3,WS-SUP720 MSFC3 Daughterboard Rev. 3.1,msfc sub-module of 5,WS-SUP720,SAL1202CFLS,none
wh-brs-core-sw3,WS-X6748-GE-TX CEF720 48 port 10/100/1000mb Ethernet Rev. 2.7,1,WS-X6748-GE-TX,SAL1202CGJU,V02
wh-brs-core-sw3,WS-SUP720-3B 2 ports Supervisor Engine 720 Rev. 5.6,5,WS-SUP720-3B,SAL1202CGQB,V05
wh-brs-core-sw3,Cisco Systems Catalyst 6500 9-slot Chassis System,WS-C6509-E,WS-C6509-E,SMC11480036,V04
wh-brs-core-sw3,OSR-7600 Clock FRU 1,CLK-7600 1,CLK-7600,SMT1139B064,none
wh-brs-core-sw3,OSR-7600 Clock FRU 2,CLK-7600 2,CLK-7600,SMT1139B064,none
wh-brs-core-sw3,VTT-E FRU 1,WS-C6K-VTT-E 1,WS-C6K-VTT-E,SMT1140A796,none
wh-brs-core-sw3,VTT-E FRU 3,WS-C6K-VTT-E 3,WS-C6K-VTT-E,SMT1140A956,none
wh-brs-core-sw3,VTT-E FRU 2,WS-C6K-VTT-E 2,WS-C6K-VTT-E,SMT1140B356,none
wh-brs-core-sw4,AC power supply,PS 2 WS-CAC-6000W,WS-CAC-6000W,AZS12100GVV,V05
wh-brs-core-sw4,AC power supply,PS 1 WS-CAC-6000W,WS-CAC-6000W,AZS12120ABG,V05
wh-brs-core-sw4,Enhanced 9-slot Fan Tray 1,WS-C6509-E-FAN 1,WS-C6509-E-FAN,DCH11453807,V03
wh-brs-core-sw4,Xenpak Transceiver 10Gbase-SR Te7/2,Transceiver Te7/2,XENPAK-10GB-SR,ONT114800C4,V01
wh-brs-core-sw4,Xenpak Transceiver 10Gbase-SR Te7/1,Transceiver Te7/1,XENPAK-10GB-SR,ONT114800VJ,V01
wh-brs-core-sw4,WS-SUP720 MSFC3 Daughterboard Rev. 3.1,msfc sub-module of 5,WS-SUP720,SAL1151B5JG,none
wh-brs-core-sw4,WS-F6K-PFC3B Policy Feature Card 3 Rev. 2.3,WS-F6K-PFC3B Policy Feature Card 3 sub-module of 5,WS-F6K-PFC3B,SAL1152B8KN,V01
wh-brs-core-sw4,WS-SUP720-3B 2 ports Supervisor Engine 720 Rev. 5.6,5,WS-SUP720-3B,SAL1152BHVP,V05
wh-brs-core-sw4,WS-X6748-GE-TX CEF720 48 port 10/100/1000mb Ethernet Rev. 2.6,4,WS-X6748-GE-TX,SAL1152BM1Y,V02
wh-brs-core-sw4,WS-X6748-GE-TX CEF720 48 port 10/100/1000mb Ethernet Rev. 2.6,3,WS-X6748-GE-TX,SAL1152BM2M,V02
wh-brs-core-sw4,WS-F6700-CFC Centralized Forwarding Card Rev. 4.0,WS-F6700-CFC Centralized Forwarding Card sub-module of 7,WS-F6700-CFC,SAL1201BQJB,V05
wh-brs-core-sw4,WS-X6704-10GE CEF720 4 port 10-Gigabit Ethernet Rev. 2.6,7,WS-X6704-10GE,SAL1201BTZF,V02
wh-brs-core-sw4,WS-X6748-GE-TX CEF720 48 port 10/100/1000mb Ethernet Rev. 2.7,1,WS-X6748-GE-TX,SAL1201BX91,V02
wh-brs-core-sw4,WS-X6748-GE-TX CEF720 48 port 10/100/1000mb Ethernet Rev. 2.7,8,WS-X6748-GE-TX,SAL1201C5KZ,V02
wh-brs-core-sw4,WS-X6748-GE-TX CEF720 48 port 10/100/1000mb Ethernet Rev. 2.7,2,WS-X6748-GE-TX,SAL1201C5L3,V02
wh-brs-core-sw4,WS-F6700-CFC Centralized Forwarding Card Rev. 4.0,WS-F6700-CFC Centralized Forwarding Card sub-module of 3,WS-F6700-CFC,SAL1201C827,V05
wh-brs-core-sw4,WS-F6700-CFC Centralized Forwarding Card Rev. 4.0,WS-F6700-CFC Centralized Forwarding Card sub-module of 8,WS-F6700-CFC,SAL1201C88J,V05
wh-brs-core-sw4,WS-F6700-CFC Centralized Forwarding Card Rev. 4.0,WS-F6700-CFC Centralized Forwarding Card sub-module of 4,WS-F6700-CFC,SAL1202CC33,V05
wh-brs-core-sw4,WS-F6700-CFC Centralized Forwarding Card Rev. 4.0,WS-F6700-CFC Centralized Forwarding Card sub-module of 2,WS-F6700-CFC,SAL1202CCBB,V05
wh-brs-core-sw4,WS-F6700-CFC Centralized Forwarding Card Rev. 4.0,WS-F6700-CFC Centralized Forwarding Card sub-module of 1,WS-F6700-CFC,SAL1202CCBK,V05
wh-brs-core-sw4,Cisco Systems Catalyst 6500 9-slot Chassis System,WS-C6509-E,WS-C6509-E,SMC11480032,V04
wh-brs-core-sw4,OSR-7600 Clock FRU 1,CLK-7600 1,CLK-7600,SMT1136P383,none
wh-brs-core-sw4,OSR-7600 Clock FRU 2,CLK-7600 2,CLK-7600,SMT1136P383,none
wh-brs-core-sw4,VTT-E FRU 3,WS-C6K-VTT-E 3,WS-C6K-VTT-E,SMT1140B354,none
wh-brs-core-sw4,VTT-E FRU 2,WS-C6K-VTT-E 2,WS-C6K-VTT-E,SMT1140B362,none
wh-brs-core-sw4,VTT-E FRU 1,WS-C6K-VTT-E 1,WS-C6K-VTT-E,SMT1140B368,none
